#blocked = #ttg.blocked<{sizePerThread = [1, 128], threadsPerWarp = [32, 1], warpsPerCTA = [4, 1], order = [0, 1]}>
#blocked1 = #ttg.blocked<{sizePerThread = [1, 1], threadsPerWarp = [1, 32], warpsPerCTA = [2, 2], order = [1, 0]}>
#blocked2 = #ttg.blocked<{sizePerThread = [1, 64], threadsPerWarp = [32, 1], warpsPerCTA = [4, 1], order = [0, 1]}>
#linear = #ttg.linear<{register = [[0, 1], [0, 2], [32, 0], [64, 0], [0, 4]], lane = [[1, 0], [2, 0], [4, 0], [8, 0], [16, 0]], warp = [[0, 0], [0, 0]], block = []}>
#linear1 = #ttg.linear<{register = [[1, 0], [2, 0], [0, 32], [0, 64], [4, 0]], lane = [[0, 1], [0, 2], [0, 4], [0, 8], [0, 16]], warp = [[0, 0], [0, 0]], block = []}>
#shared = #ttg.nvmma_shared<{swizzlingByteWidth = 128, transposed = false, elementBitWidth = 16}>
#shared1 = #ttg.nvmma_shared<{swizzlingByteWidth = 128, transposed = true, elementBitWidth = 16}>
#shared2 = #ttg.nvmma_shared<{swizzlingByteWidth = 64, transposed = false, elementBitWidth = 8}>
#shared3 = #ttg.swizzled_shared<{vec = 1, perPhase = 1, maxPhase = 1, order = [4, 3, 2, 1, 0]}>
#shared4 = #ttg.nvmma_shared<{swizzlingByteWidth = 64, transposed = true, elementBitWidth = 8}>
#smem = #ttg.shared_memory
#tmem = #ttng.tensor_memory_encoding<blockM = 128, blockN = 128, colStride = 1>
#tmem1 = #ttng.tensor_memory_encoding<blockM = 128, blockN = 64, colStride = 1>
#tmem_scales = #ttng.tensor_memory_scales_encoding<>
module attributes {"ttg.num-warps" = 4 : i32, ttg.target = "cuda:100"} {
  tt.func @warp_specialize_tma_matmul(%arg0: i32, %arg1: i32, %arg2: i32, %arg3: !tt.tensordesc<tensor<128x64xf16, #shared>>, %arg4: !tt.tensordesc<tensor<128x64xf16, #shared>>) {
    %cst = arith.constant dense<0.000000e+00> : tensor<128x128xf32, #blocked>
    %c64_i32 = arith.constant 64 : i32
    %c1_i32 = arith.constant 1 : i32
    %c0_i32 = arith.constant 0 : i32
    %true = arith.constant true
    %result = ttng.tmem_alloc : () -> !ttg.memdesc<1x128x128xf32, #tmem, #ttng.tensor_memory, mutable>
    %0 = nvws.semaphore.create %result true {nvws.dag_pending_count = 1 : i32} : <[!ttg.memdesc<1x128x128xf32, #tmem, #ttng.tensor_memory, mutable>]>
    %1 = nvws.semaphore.create %result false {nvws.dag_pending_count = 1 : i32} : <[!ttg.memdesc<1x128x128xf32, #tmem, #ttng.tensor_memory, mutable>]>
    %2 = nvws.semaphore.acquire %0 : <[!ttg.memdesc<1x128x128xf32, #tmem, #ttng.tensor_memory, mutable>]> -> !ttg.async.token
    %3 = nvws.semaphore.buffer %0, %2 : <[!ttg.memdesc<1x128x128xf32, #tmem, #ttng.tensor_memory, mutable>]>, !ttg.async.token -> !ttg.memdesc<128x128xf32, #tmem, #ttng.tensor_memory, mutable, 1x128x128>
    %4 = ttng.tmem_store %cst, %3[], %true : tensor<128x128xf32, #blocked> -> !ttg.memdesc<128x128xf32, #tmem, #ttng.tensor_memory, mutable, 1x128x128>
    scf.for %arg5 = %c0_i32 to %arg0 step %c1_i32  : i32 {
      %7 = arith.muli %arg5, %c64_i32 {ttg.partition = array<i32: 2>} : i32
      %8 = tt.descriptor_load %arg3[%arg1, %7] {ttg.partition = array<i32: 2>} : !tt.tensordesc<tensor<128x64xf16, #shared>> -> tensor<128x64xf16, #blocked1>
      %9 = tt.descriptor_load %arg4[%arg2, %7] {ttg.partition = array<i32: 2>} : !tt.tensordesc<tensor<128x64xf16, #shared>> -> tensor<128x64xf16, #blocked1>
      %10 = ttg.local_alloc %8 {ttg.partition = array<i32: 2>} : (tensor<128x64xf16, #blocked1>) -> !ttg.memdesc<128x64xf16, #shared, #smem>
      %11 = ttg.local_alloc %9 {ttg.partition = array<i32: 2>} : (tensor<128x64xf16, #blocked1>) -> !ttg.memdesc<128x64xf16, #shared, #smem>
      %12 = ttg.memdesc_trans %11 {order = array<i32: 1, 0>, ttg.partition = array<i32: 1>} : !ttg.memdesc<128x64xf16, #shared, #smem> -> !ttg.memdesc<64x128xf16, #shared1, #smem>
      %13 = nvws.semaphore.buffer %0, %2 {ttg.partition = array<i32: 1>} : <[!ttg.memdesc<1x128x128xf32, #tmem, #ttng.tensor_memory, mutable>]>, !ttg.async.token -> !ttg.memdesc<128x128xf32, #tmem, #ttng.tensor_memory, mutable, 1x128x128>
      %14 = ttng.tc_gen5_mma %10, %12, %13[], %true, %true {ttg.partition = array<i32: 1>} : !ttg.memdesc<128x64xf16, #shared, #smem>, !ttg.memdesc<64x128xf16, #shared1, #smem>, !ttg.memdesc<128x128xf32, #tmem, #ttng.tensor_memory, mutable, 1x128x128>
    } {tt.num_stages = 2 : i32, tt.warp_specialize, ttg.partition = array<i32: 0, 1, 2>, ttg.partition.outputs = [], ttg.partition.stages = [0 : i32, 1 : i32, 0 : i32], ttg.warp_specialize.tag = 0 : i32}
    nvws.semaphore.release %1, %2 [#nvws.async_op<tc5mma>] {ttg.partition = array<i32: 1>, ttg.warp_specialize.tag = 0 : i32} : <[!ttg.memdesc<1x128x128xf32, #tmem, #ttng.tensor_memory, mutable>]>, !ttg.async.token
    %5 = nvws.semaphore.acquire %1 : <[!ttg.memdesc<1x128x128xf32, #tmem, #ttng.tensor_memory, mutable>]> -> !ttg.async.token
    %6 = nvws.semaphore.buffer %1, %5 : <[!ttg.memdesc<1x128x128xf32, #tmem, #ttng.tensor_memory, mutable>]>, !ttg.async.token -> !ttg.memdesc<128x128xf32, #tmem, #ttng.tensor_memory, mutable, 1x128x128>
    %result_0, %token = ttng.tmem_load %6[] : !ttg.memdesc<128x128xf32, #tmem, #ttng.tensor_memory, mutable, 1x128x128> -> tensor<128x128xf32, #blocked>
    nvws.semaphore.release %0, %5 [#nvws.async_op<none>] : <[!ttg.memdesc<1x128x128xf32, #tmem, #ttng.tensor_memory, mutable>]>, !ttg.async.token
    "use"(%result_0) : (tensor<128x128xf32, #blocked>) -> ()
    tt.return
  }
  tt.func @matmul_tma_acc_with_unconditional_user(%arg0: !tt.tensordesc<tensor<128x64xf16, #shared>>, %arg1: !tt.tensordesc<tensor<64x128xf16, #shared>>) {
    %c32_i32 = arith.constant 32 : i32
    %cst = arith.constant dense<1.000000e+00> : tensor<128x128xf32, #blocked>
    %cst_0 = arith.constant dense<0.000000e+00> : tensor<128x128xf32, #blocked>
    %true = arith.constant true
    %c1_i32 = arith.constant 1 : i32
    %c0_i32 = arith.constant 0 : i32
    %result = ttng.tmem_alloc : () -> !ttg.memdesc<2x128x128xf32, #tmem, #ttng.tensor_memory, mutable>
    %0 = nvws.semaphore.create %result true {nvws.dag_pending_count = 1 : i32} : <[!ttg.memdesc<2x128x128xf32, #tmem, #ttng.tensor_memory, mutable>]>
    %1 = nvws.semaphore.create %result false {nvws.dag_pending_count = 1 : i32} : <[!ttg.memdesc<2x128x128xf32, #tmem, #ttng.tensor_memory, mutable>]>
    %2 = nvws.semaphore.acquire %0 : <[!ttg.memdesc<2x128x128xf32, #tmem, #ttng.tensor_memory, mutable>]> -> !ttg.async.token
    %3 = nvws.semaphore.buffer %0, %2 : <[!ttg.memdesc<2x128x128xf32, #tmem, #ttng.tensor_memory, mutable>]>, !ttg.async.token -> !ttg.memdesc<128x128xf32, #tmem, #ttng.tensor_memory, mutable, 2x128x128>
    %4 = ttng.tmem_store %cst_0, %3[], %true : tensor<128x128xf32, #blocked> -> !ttg.memdesc<128x128xf32, #tmem, #ttng.tensor_memory, mutable, 2x128x128>
    %5 = scf.for %arg2 = %c0_i32 to %c32_i32 step %c1_i32 iter_args(%arg3 = %2) -> (!ttg.async.token)  : i32 {
      %6:3 = "get_offsets"(%arg2) {ttg.partition = array<i32: 2>} : (i32) -> (i32, i32, i32)
      %7 = tt.descriptor_load %arg0[%6#0, %6#2] {ttg.partition = array<i32: 2>} : !tt.tensordesc<tensor<128x64xf16, #shared>> -> tensor<128x64xf16, #blocked1>
      %8 = tt.descriptor_load %arg1[%6#1, %6#2] {ttg.partition = array<i32: 2>} : !tt.tensordesc<tensor<64x128xf16, #shared>> -> tensor<64x128xf16, #blocked1>
      %9 = ttg.local_alloc %7 {ttg.partition = array<i32: 2>} : (tensor<128x64xf16, #blocked1>) -> !ttg.memdesc<128x64xf16, #shared, #smem>
      %10 = ttg.local_alloc %8 {ttg.partition = array<i32: 2>} : (tensor<64x128xf16, #blocked1>) -> !ttg.memdesc<64x128xf16, #shared, #smem>
      %11 = nvws.semaphore.buffer %0, %arg3 {ttg.partition = array<i32: 1>} : <[!ttg.memdesc<2x128x128xf32, #tmem, #ttng.tensor_memory, mutable>]>, !ttg.async.token -> !ttg.memdesc<128x128xf32, #tmem, #ttng.tensor_memory, mutable, 2x128x128>
      %12 = ttng.tc_gen5_mma %9, %10, %11[], %true, %true {ttg.partition = array<i32: 1>} : !ttg.memdesc<128x64xf16, #shared, #smem>, !ttg.memdesc<64x128xf16, #shared, #smem>, !ttg.memdesc<128x128xf32, #tmem, #ttng.tensor_memory, mutable, 2x128x128>
      nvws.semaphore.release %1, %arg3 [#nvws.async_op<tc5mma>] {ttg.partition = array<i32: 1>} : <[!ttg.memdesc<2x128x128xf32, #tmem, #ttng.tensor_memory, mutable>]>, !ttg.async.token
      %13 = nvws.semaphore.acquire %1 {ttg.partition = array<i32: 0>} : <[!ttg.memdesc<2x128x128xf32, #tmem, #ttng.tensor_memory, mutable>]> -> !ttg.async.token
      %14 = nvws.semaphore.buffer %1, %13 {ttg.partition = array<i32: 0>} : <[!ttg.memdesc<2x128x128xf32, #tmem, #ttng.tensor_memory, mutable>]>, !ttg.async.token -> !ttg.memdesc<128x128xf32, #tmem, #ttng.tensor_memory, mutable, 2x128x128>
      %result_1, %token = ttng.tmem_load %14[] {ttg.partition = array<i32: 0>} : !ttg.memdesc<128x128xf32, #tmem, #ttng.tensor_memory, mutable, 2x128x128> -> tensor<128x128xf32, #blocked>
      nvws.semaphore.release %0, %13 [#nvws.async_op<none>] {ttg.partition = array<i32: 0>} : <[!ttg.memdesc<2x128x128xf32, #tmem, #ttng.tensor_memory, mutable>]>, !ttg.async.token
      "acc_user"(%result_1) {ttg.partition = array<i32: 0>} : (tensor<128x128xf32, #blocked>) -> ()
      %15 = nvws.semaphore.acquire %0 {ttg.partition = array<i32: 1>} : <[!ttg.memdesc<2x128x128xf32, #tmem, #ttng.tensor_memory, mutable>]> -> !ttg.async.token
      %16 = nvws.semaphore.buffer %0, %15 {ttg.partition = array<i32: 1>} : <[!ttg.memdesc<2x128x128xf32, #tmem, #ttng.tensor_memory, mutable>]>, !ttg.async.token -> !ttg.memdesc<128x128xf32, #tmem, #ttng.tensor_memory, mutable, 2x128x128>
      %17 = ttng.tmem_store %cst, %16[], %true {ttg.partition = array<i32: 1>} : tensor<128x128xf32, #blocked> -> !ttg.memdesc<128x128xf32, #tmem, #ttng.tensor_memory, mutable, 2x128x128>
      scf.yield {ttg.partition = array<i32: 0, 1, 2>} %15 : !ttg.async.token
    } {tt.num_stages = 2 : i32, tt.warp_specialize, ttg.partition = array<i32: 0, 1, 2>, ttg.partition.outputs = [array<i32: 1>], ttg.partition.stages = [0 : i32, 1 : i32, 0 : i32], ttg.warp_specialize.tag = 4 : i32}
    tt.return
  }
  tt.func @matmul_tma_acc_with_conditional_user(%arg0: !tt.tensordesc<tensor<128x64xf16, #shared>>, %arg1: !tt.tensordesc<tensor<64x128xf16, #shared>>) {
    %c32_i32 = arith.constant 32 : i32
    %cst = arith.constant dense<1.000000e+00> : tensor<128x128xf32, #blocked>
    %cst_0 = arith.constant dense<0.000000e+00> : tensor<128x128xf32, #blocked>
    %true = arith.constant true
    %c1_i32 = arith.constant 1 : i32
    %c0_i32 = arith.constant 0 : i32
    %result = ttng.tmem_alloc : () -> !ttg.memdesc<2x128x128xf32, #tmem, #ttng.tensor_memory, mutable>
    %0 = nvws.semaphore.create %result true {nvws.dag_pending_count = 1 : i32} : <[!ttg.memdesc<2x128x128xf32, #tmem, #ttng.tensor_memory, mutable>]>
    %1 = nvws.semaphore.create %result false {nvws.dag_pending_count = 1 : i32} : <[!ttg.memdesc<2x128x128xf32, #tmem, #ttng.tensor_memory, mutable>]>
    %2 = nvws.semaphore.acquire %0 : <[!ttg.memdesc<2x128x128xf32, #tmem, #ttng.tensor_memory, mutable>]> -> !ttg.async.token
    %3 = nvws.semaphore.buffer %0, %2 : <[!ttg.memdesc<2x128x128xf32, #tmem, #ttng.tensor_memory, mutable>]>, !ttg.async.token -> !ttg.memdesc<128x128xf32, #tmem, #ttng.tensor_memory, mutable, 2x128x128>
    %4 = ttng.tmem_store %cst_0, %3[], %true : tensor<128x128xf32, #blocked> -> !ttg.memdesc<128x128xf32, #tmem, #ttng.tensor_memory, mutable, 2x128x128>
    %5 = scf.for %arg2 = %c0_i32 to %c32_i32 step %c1_i32 iter_args(%arg3 = %2) -> (!ttg.async.token)  : i32 {
      %6:3 = "get_offsets"(%arg2) {ttg.partition = array<i32: 2>} : (i32) -> (i32, i32, i32)
      %7 = tt.descriptor_load %arg0[%6#0, %6#2] {ttg.partition = array<i32: 2>} : !tt.tensordesc<tensor<128x64xf16, #shared>> -> tensor<128x64xf16, #blocked1>
      %8 = tt.descriptor_load %arg1[%6#1, %6#2] {ttg.partition = array<i32: 2>} : !tt.tensordesc<tensor<64x128xf16, #shared>> -> tensor<64x128xf16, #blocked1>
      %9 = ttg.local_alloc %7 {ttg.partition = array<i32: 2>} : (tensor<128x64xf16, #blocked1>) -> !ttg.memdesc<128x64xf16, #shared, #smem>
      %10 = ttg.local_alloc %8 {ttg.partition = array<i32: 2>} : (tensor<64x128xf16, #blocked1>) -> !ttg.memdesc<64x128xf16, #shared, #smem>
      %11 = nvws.semaphore.buffer %0, %arg3 {ttg.partition = array<i32: 1>} : <[!ttg.memdesc<2x128x128xf32, #tmem, #ttng.tensor_memory, mutable>]>, !ttg.async.token -> !ttg.memdesc<128x128xf32, #tmem, #ttng.tensor_memory, mutable, 2x128x128>
      %12 = ttng.tc_gen5_mma %9, %10, %11[], %true, %true {ttg.partition = array<i32: 1>} : !ttg.memdesc<128x64xf16, #shared, #smem>, !ttg.memdesc<64x128xf16, #shared, #smem>, !ttg.memdesc<128x128xf32, #tmem, #ttng.tensor_memory, mutable, 2x128x128>
      %13 = arith.cmpi eq, %arg2, %c0_i32 {ttg.partition = array<i32: 0, 1>} : i32
      scf.if %13 {
        nvws.semaphore.release %1, %arg3 [#nvws.async_op<tc5mma>] {ttg.partition = array<i32: 1>} : <[!ttg.memdesc<2x128x128xf32, #tmem, #ttng.tensor_memory, mutable>]>, !ttg.async.token
      } {ttg.partition = array<i32: 1>}
      %14 = ub.poison : !ttg.async.token
      %15 = scf.if %13 -> (!ttg.async.token) {
        %19 = nvws.semaphore.acquire %1 {ttg.partition = array<i32: 0>} : <[!ttg.memdesc<2x128x128xf32, #tmem, #ttng.tensor_memory, mutable>]> -> !ttg.async.token
        %20 = nvws.semaphore.buffer %1, %19 {ttg.partition = array<i32: 0>} : <[!ttg.memdesc<2x128x128xf32, #tmem, #ttng.tensor_memory, mutable>]>, !ttg.async.token -> !ttg.memdesc<128x128xf32, #tmem, #ttng.tensor_memory, mutable, 2x128x128>
        %result_1, %token = ttng.tmem_load %20[] {ttg.partition = array<i32: 0>} : !ttg.memdesc<128x128xf32, #tmem, #ttng.tensor_memory, mutable, 2x128x128> -> tensor<128x128xf32, #blocked>
        nvws.semaphore.release %0, %19 [#nvws.async_op<none>] {ttg.partition = array<i32: 0>} : <[!ttg.memdesc<2x128x128xf32, #tmem, #ttng.tensor_memory, mutable>]>, !ttg.async.token
        "acc_user"(%result_1) {ttg.partition = array<i32: 0>} : (tensor<128x128xf32, #blocked>) -> ()
        scf.yield {ttg.partition = array<i32: 0, 1>} %14 : !ttg.async.token
      } else {
        scf.yield {ttg.partition = array<i32: 0, 1>} %14 : !ttg.async.token
      } {ttg.partition = array<i32: 0, 1>, ttg.partition.outputs = [array<i32: 1>]}
      %16 = scf.if %13 -> (!ttg.async.token) {
        %19 = nvws.semaphore.acquire %0 {ttg.partition = array<i32: 1>} : <[!ttg.memdesc<2x128x128xf32, #tmem, #ttng.tensor_memory, mutable>]> -> !ttg.async.token
        scf.yield {ttg.partition = array<i32: 1>} %19 : !ttg.async.token
      } else {
        scf.yield {ttg.partition = array<i32: 1>} %arg3 : !ttg.async.token
      } {ttg.partition = array<i32: 1>, ttg.partition.outputs = [array<i32: 1>]}
      %17 = nvws.semaphore.buffer %0, %16 {ttg.partition = array<i32: 1>} : <[!ttg.memdesc<2x128x128xf32, #tmem, #ttng.tensor_memory, mutable>]>, !ttg.async.token -> !ttg.memdesc<128x128xf32, #tmem, #ttng.tensor_memory, mutable, 2x128x128>
      %18 = ttng.tmem_store %cst, %17[], %true {ttg.partition = array<i32: 1>} : tensor<128x128xf32, #blocked> -> !ttg.memdesc<128x128xf32, #tmem, #ttng.tensor_memory, mutable, 2x128x128>
      scf.yield {ttg.partition = array<i32: 0, 1, 2>} %16 : !ttg.async.token
    } {tt.num_stages = 2 : i32, tt.warp_specialize, ttg.partition = array<i32: 0, 1, 2>, ttg.partition.outputs = [array<i32: 1>], ttg.partition.stages = [0 : i32, 1 : i32, 0 : i32], ttg.warp_specialize.tag = 5 : i32}
    tt.return
  }
  tt.func @matmul_tma_acc_with_conditional_def(%arg0: !tt.tensordesc<tensor<128x64xf16, #shared>>, %arg1: !tt.tensordesc<tensor<64x128xf16, #shared>>) {
    %c32_i32 = arith.constant 32 : i32
    %cst = arith.constant dense<0.000000e+00> : tensor<128x128xf32, #blocked>
    %true = arith.constant true
    %c1_i32 = arith.constant 1 : i32
    %c0_i32 = arith.constant 0 : i32
    %result = ttng.tmem_alloc : () -> !ttg.memdesc<2x128x128xf32, #tmem, #ttng.tensor_memory, mutable>
    %0 = nvws.semaphore.create %result true {nvws.dag_pending_count = 1 : i32} : <[!ttg.memdesc<2x128x128xf32, #tmem, #ttng.tensor_memory, mutable>]>
    %1 = nvws.semaphore.create %result false {nvws.dag_pending_count = 1 : i32} : <[!ttg.memdesc<2x128x128xf32, #tmem, #ttng.tensor_memory, mutable>]>
    %2 = nvws.semaphore.acquire %0 : <[!ttg.memdesc<2x128x128xf32, #tmem, #ttng.tensor_memory, mutable>]> -> !ttg.async.token
    %3 = nvws.semaphore.buffer %0, %2 : <[!ttg.memdesc<2x128x128xf32, #tmem, #ttng.tensor_memory, mutable>]>, !ttg.async.token -> !ttg.memdesc<128x128xf32, #tmem, #ttng.tensor_memory, mutable, 2x128x128>
    %4 = ttng.tmem_store %cst, %3[], %true : tensor<128x128xf32, #blocked> -> !ttg.memdesc<128x128xf32, #tmem, #ttng.tensor_memory, mutable, 2x128x128>
    %5 = scf.for %arg2 = %c0_i32 to %c32_i32 step %c1_i32 iter_args(%arg3 = %2) -> (!ttg.async.token)  : i32 {
      %6:3 = "get_offsets"(%arg2) : (i32) -> (i32, i32, i32)
      %7 = tt.descriptor_load %arg0[%6#0, %6#2] {ttg.partition = array<i32: 2>} : !tt.tensordesc<tensor<128x64xf16, #shared>> -> tensor<128x64xf16, #blocked1>
      %8 = tt.descriptor_load %arg1[%6#1, %6#2] {ttg.partition = array<i32: 2>} : !tt.tensordesc<tensor<64x128xf16, #shared>> -> tensor<64x128xf16, #blocked1>
      %9 = ttg.local_alloc %7 {ttg.partition = array<i32: 2>} : (tensor<128x64xf16, #blocked1>) -> !ttg.memdesc<128x64xf16, #shared, #smem>
      %10 = ttg.local_alloc %8 {ttg.partition = array<i32: 2>} : (tensor<64x128xf16, #blocked1>) -> !ttg.memdesc<64x128xf16, #shared, #smem>
      %11 = nvws.semaphore.buffer %0, %arg3 {ttg.partition = array<i32: 1>} : <[!ttg.memdesc<2x128x128xf32, #tmem, #ttng.tensor_memory, mutable>]>, !ttg.async.token -> !ttg.memdesc<128x128xf32, #tmem, #ttng.tensor_memory, mutable, 2x128x128>
      %12 = ttng.tc_gen5_mma %9, %10, %11[], %true, %true {ttg.partition = array<i32: 1>} : !ttg.memdesc<128x64xf16, #shared, #smem>, !ttg.memdesc<64x128xf16, #shared, #smem>, !ttg.memdesc<128x128xf32, #tmem, #ttng.tensor_memory, mutable, 2x128x128>
      nvws.semaphore.release %1, %arg3 [#nvws.async_op<tc5mma>] {ttg.partition = array<i32: 1>} : <[!ttg.memdesc<2x128x128xf32, #tmem, #ttng.tensor_memory, mutable>]>, !ttg.async.token
      %13 = arith.cmpi eq, %arg2, %c0_i32 : i32
      %14 = nvws.semaphore.acquire %1 {ttg.partition = array<i32: 0>} : <[!ttg.memdesc<2x128x128xf32, #tmem, #ttng.tensor_memory, mutable>]> -> !ttg.async.token
      %15 = nvws.semaphore.buffer %1, %14 {ttg.partition = array<i32: 0>} : <[!ttg.memdesc<2x128x128xf32, #tmem, #ttng.tensor_memory, mutable>]>, !ttg.async.token -> !ttg.memdesc<128x128xf32, #tmem, #ttng.tensor_memory, mutable, 2x128x128>
      %result_0, %token = ttng.tmem_load %15[] {ttg.partition = array<i32: 0>} : !ttg.memdesc<128x128xf32, #tmem, #ttng.tensor_memory, mutable, 2x128x128> -> tensor<128x128xf32, #blocked>
      nvws.semaphore.release %0, %14 [#nvws.async_op<none>] {ttg.partition = array<i32: 0>} : <[!ttg.memdesc<2x128x128xf32, #tmem, #ttng.tensor_memory, mutable>]>, !ttg.async.token
      "acc_user"(%result_0) {ttg.partition = array<i32: 0>} : (tensor<128x128xf32, #blocked>) -> ()
      %16 = nvws.semaphore.acquire %0 {ttg.partition = array<i32: 1>} : <[!ttg.memdesc<2x128x128xf32, #tmem, #ttng.tensor_memory, mutable>]> -> !ttg.async.token
      %17 = nvws.semaphore.buffer %0, %16 {ttg.partition = array<i32: 1>} : <[!ttg.memdesc<2x128x128xf32, #tmem, #ttng.tensor_memory, mutable>]>, !ttg.async.token -> !ttg.memdesc<128x128xf32, #tmem, #ttng.tensor_memory, mutable, 2x128x128>
      %18 = ttng.tmem_store %cst, %17[], %13 {ttg.partition = array<i32: 1>} : tensor<128x128xf32, #blocked> -> !ttg.memdesc<128x128xf32, #tmem, #ttng.tensor_memory, mutable, 2x128x128>
      scf.yield %16 : !ttg.async.token
    } {tt.num_stages = 2 : i32, tt.warp_specialize, ttg.partition.stages = [0 : i32, 1 : i32, 0 : i32], ttg.warp_specialize.tag = 6 : i32}
    tt.return
  }
  tt.func @matmul_tma_acc_with_conditional_def_and_use(%arg0: !tt.tensordesc<tensor<128x64xf16, #shared>>, %arg1: !tt.tensordesc<tensor<64x128xf16, #shared>>) {
    %c32_i32 = arith.constant 32 : i32
    %cst = arith.constant dense<0.000000e+00> : tensor<128x128xf32, #blocked>
    %true = arith.constant true
    %c1_i32 = arith.constant 1 : i32
    %c0_i32 = arith.constant 0 : i32
    %result = ttng.tmem_alloc : () -> !ttg.memdesc<2x128x128xf32, #tmem, #ttng.tensor_memory, mutable>
    %0 = nvws.semaphore.create %result true {nvws.dag_pending_count = 1 : i32} : <[!ttg.memdesc<2x128x128xf32, #tmem, #ttng.tensor_memory, mutable>]>
    %1 = nvws.semaphore.create %result false {nvws.dag_pending_count = 1 : i32} : <[!ttg.memdesc<2x128x128xf32, #tmem, #ttng.tensor_memory, mutable>]>
    %2 = nvws.semaphore.acquire %0 : <[!ttg.memdesc<2x128x128xf32, #tmem, #ttng.tensor_memory, mutable>]> -> !ttg.async.token
    %3 = nvws.semaphore.buffer %0, %2 : <[!ttg.memdesc<2x128x128xf32, #tmem, #ttng.tensor_memory, mutable>]>, !ttg.async.token -> !ttg.memdesc<128x128xf32, #tmem, #ttng.tensor_memory, mutable, 2x128x128>
    %4 = ttng.tmem_store %cst, %3[], %true : tensor<128x128xf32, #blocked> -> !ttg.memdesc<128x128xf32, #tmem, #ttng.tensor_memory, mutable, 2x128x128>
    %5 = scf.for %arg2 = %c0_i32 to %c32_i32 step %c1_i32 iter_args(%arg3 = %2) -> (!ttg.async.token)  : i32 {
      %6:3 = "get_offsets"(%arg2) {ttg.partition = array<i32: 2>} : (i32) -> (i32, i32, i32)
      %7 = tt.descriptor_load %arg0[%6#0, %6#2] {ttg.partition = array<i32: 2>} : !tt.tensordesc<tensor<128x64xf16, #shared>> -> tensor<128x64xf16, #blocked1>
      %8 = tt.descriptor_load %arg1[%6#1, %6#2] {ttg.partition = array<i32: 2>} : !tt.tensordesc<tensor<64x128xf16, #shared>> -> tensor<64x128xf16, #blocked1>
      %9 = ttg.local_alloc %7 {ttg.partition = array<i32: 2>} : (tensor<128x64xf16, #blocked1>) -> !ttg.memdesc<128x64xf16, #shared, #smem>
      %10 = ttg.local_alloc %8 {ttg.partition = array<i32: 2>} : (tensor<64x128xf16, #blocked1>) -> !ttg.memdesc<64x128xf16, #shared, #smem>
      %11 = nvws.semaphore.buffer %0, %arg3 {ttg.partition = array<i32: 1>} : <[!ttg.memdesc<2x128x128xf32, #tmem, #ttng.tensor_memory, mutable>]>, !ttg.async.token -> !ttg.memdesc<128x128xf32, #tmem, #ttng.tensor_memory, mutable, 2x128x128>
      %12 = ttng.tc_gen5_mma %9, %10, %11[], %true, %true {ttg.partition = array<i32: 1>} : !ttg.memdesc<128x64xf16, #shared, #smem>, !ttg.memdesc<64x128xf16, #shared, #smem>, !ttg.memdesc<128x128xf32, #tmem, #ttng.tensor_memory, mutable, 2x128x128>
      %13 = arith.cmpi eq, %arg2, %c0_i32 {ttg.partition = array<i32: 0, 1>} : i32
      scf.if %13 {
        nvws.semaphore.release %1, %arg3 [#nvws.async_op<tc5mma>] {ttg.partition = array<i32: 1>} : <[!ttg.memdesc<2x128x128xf32, #tmem, #ttng.tensor_memory, mutable>]>, !ttg.async.token
      } {ttg.partition = array<i32: 1>}
      %14 = ub.poison : !ttg.async.token
      %15 = scf.if %13 -> (!ttg.async.token) {
        %19 = nvws.semaphore.acquire %1 {ttg.partition = array<i32: 0>} : <[!ttg.memdesc<2x128x128xf32, #tmem, #ttng.tensor_memory, mutable>]> -> !ttg.async.token
        %20 = nvws.semaphore.buffer %1, %19 {ttg.partition = array<i32: 0>} : <[!ttg.memdesc<2x128x128xf32, #tmem, #ttng.tensor_memory, mutable>]>, !ttg.async.token -> !ttg.memdesc<128x128xf32, #tmem, #ttng.tensor_memory, mutable, 2x128x128>
        %result_0, %token = ttng.tmem_load %20[] {ttg.partition = array<i32: 0>} : !ttg.memdesc<128x128xf32, #tmem, #ttng.tensor_memory, mutable, 2x128x128> -> tensor<128x128xf32, #blocked>
        nvws.semaphore.release %0, %19 [#nvws.async_op<none>] {ttg.partition = array<i32: 0>} : <[!ttg.memdesc<2x128x128xf32, #tmem, #ttng.tensor_memory, mutable>]>, !ttg.async.token
        "acc_user"(%result_0) {ttg.partition = array<i32: 0>} : (tensor<128x128xf32, #blocked>) -> ()
        scf.yield {ttg.partition = array<i32: 0, 1>} %14 : !ttg.async.token
      } else {
        scf.yield {ttg.partition = array<i32: 0, 1>} %14 : !ttg.async.token
      } {ttg.partition = array<i32: 0, 1>, ttg.partition.outputs = [array<i32: 1>]}
      %16 = scf.if %13 -> (!ttg.async.token) {
        %19 = nvws.semaphore.acquire %0 {ttg.partition = array<i32: 1>} : <[!ttg.memdesc<2x128x128xf32, #tmem, #ttng.tensor_memory, mutable>]> -> !ttg.async.token
        scf.yield {ttg.partition = array<i32: 1>} %19 : !ttg.async.token
      } else {
        scf.yield {ttg.partition = array<i32: 1>} %arg3 : !ttg.async.token
      } {ttg.partition = array<i32: 1>, ttg.partition.outputs = [array<i32: 1>]}
      %17 = nvws.semaphore.buffer %0, %16 {ttg.partition = array<i32: 1>} : <[!ttg.memdesc<2x128x128xf32, #tmem, #ttng.tensor_memory, mutable>]>, !ttg.async.token -> !ttg.memdesc<128x128xf32, #tmem, #ttng.tensor_memory, mutable, 2x128x128>
      %18 = ttng.tmem_store %cst, %17[], %13 {ttg.partition = array<i32: 1>} : tensor<128x128xf32, #blocked> -> !ttg.memdesc<128x128xf32, #tmem, #ttng.tensor_memory, mutable, 2x128x128>
      scf.yield {ttg.partition = array<i32: 0, 1, 2>} %16 : !ttg.async.token
    } {tt.num_stages = 2 : i32, tt.warp_specialize, ttg.partition = array<i32: 0, 1, 2>, ttg.partition.outputs = [array<i32: 1>], ttg.partition.stages = [0 : i32, 1 : i32, 0 : i32], ttg.warp_specialize.tag = 7 : i32}
    tt.return
  }
  tt.func @matmul_tma_acc_with_conditional_def_and_use_no_multibuf_flag(%arg0: !tt.tensordesc<tensor<128x64xf16, #shared>>, %arg1: !tt.tensordesc<tensor<64x128xf16, #shared>>) {
    %c32_i32 = arith.constant 32 : i32
    %cst = arith.constant dense<0.000000e+00> : tensor<128x128xf32, #blocked>
    %true = arith.constant true
    %c1_i32 = arith.constant 1 : i32
    %c0_i32 = arith.constant 0 : i32
    %result = ttng.tmem_alloc : () -> !ttg.memdesc<1x128x128xf32, #tmem, #ttng.tensor_memory, mutable>
    %0 = nvws.semaphore.create %result true {nvws.dag_pending_count = 1 : i32} : <[!ttg.memdesc<1x128x128xf32, #tmem, #ttng.tensor_memory, mutable>]>
    %1 = nvws.semaphore.create %result false {nvws.dag_pending_count = 1 : i32} : <[!ttg.memdesc<1x128x128xf32, #tmem, #ttng.tensor_memory, mutable>]>
    %2 = nvws.semaphore.acquire %0 : <[!ttg.memdesc<1x128x128xf32, #tmem, #ttng.tensor_memory, mutable>]> -> !ttg.async.token
    %3 = nvws.semaphore.buffer %0, %2 : <[!ttg.memdesc<1x128x128xf32, #tmem, #ttng.tensor_memory, mutable>]>, !ttg.async.token -> !ttg.memdesc<128x128xf32, #tmem, #ttng.tensor_memory, mutable, 1x128x128>
    %4 = ttng.tmem_store %cst, %3[], %true : tensor<128x128xf32, #blocked> -> !ttg.memdesc<128x128xf32, #tmem, #ttng.tensor_memory, mutable, 1x128x128>
    %5:2 = scf.for %arg2 = %c0_i32 to %c32_i32 step %c1_i32 iter_args(%arg3 = %true, %arg4 = %2) -> (i1, !ttg.async.token)  : i32 {
      %6:3 = "get_offsets"(%arg2) {ttg.partition = array<i32: 2>} : (i32) -> (i32, i32, i32)
      %7 = tt.descriptor_load %arg0[%6#0, %6#2] {ttg.partition = array<i32: 2>} : !tt.tensordesc<tensor<128x64xf16, #shared>> -> tensor<128x64xf16, #blocked1>
      %8 = tt.descriptor_load %arg1[%6#1, %6#2] {ttg.partition = array<i32: 2>} : !tt.tensordesc<tensor<64x128xf16, #shared>> -> tensor<64x128xf16, #blocked1>
      %9 = ttg.local_alloc %7 {ttg.partition = array<i32: 2>} : (tensor<128x64xf16, #blocked1>) -> !ttg.memdesc<128x64xf16, #shared, #smem>
      %10 = ttg.local_alloc %8 {ttg.partition = array<i32: 2>} : (tensor<64x128xf16, #blocked1>) -> !ttg.memdesc<64x128xf16, #shared, #smem>
      %11 = nvws.semaphore.buffer %0, %arg4 {ttg.partition = array<i32: 1>} : <[!ttg.memdesc<1x128x128xf32, #tmem, #ttng.tensor_memory, mutable>]>, !ttg.async.token -> !ttg.memdesc<128x128xf32, #tmem, #ttng.tensor_memory, mutable, 1x128x128>
      %12 = ttng.tc_gen5_mma %9, %10, %11[], %arg3, %true {ttg.partition = array<i32: 1>} : !ttg.memdesc<128x64xf16, #shared, #smem>, !ttg.memdesc<64x128xf16, #shared, #smem>, !ttg.memdesc<128x128xf32, #tmem, #ttng.tensor_memory, mutable, 1x128x128>
      %13 = arith.cmpi eq, %arg2, %c0_i32 {ttg.partition = array<i32: 0, 1>} : i32
      %14 = arith.cmpi ne, %arg2, %c0_i32 {ttg.partition = array<i32: 1>} : i32
      scf.if %13 {
        nvws.semaphore.release %1, %arg4 [#nvws.async_op<tc5mma>] {ttg.partition = array<i32: 1>} : <[!ttg.memdesc<1x128x128xf32, #tmem, #ttng.tensor_memory, mutable>]>, !ttg.async.token
      } {ttg.partition = array<i32: 1>}
      %15 = ub.poison : !ttg.async.token
      %16 = scf.if %13 -> (!ttg.async.token) {
        "some_op"() {ttg.partition = array<i32: 0>} : () -> ()
        %18 = nvws.semaphore.acquire %1 {ttg.partition = array<i32: 0>} : <[!ttg.memdesc<1x128x128xf32, #tmem, #ttng.tensor_memory, mutable>]> -> !ttg.async.token
        %19 = nvws.semaphore.buffer %1, %18 {ttg.partition = array<i32: 0>} : <[!ttg.memdesc<1x128x128xf32, #tmem, #ttng.tensor_memory, mutable>]>, !ttg.async.token -> !ttg.memdesc<128x128xf32, #tmem, #ttng.tensor_memory, mutable, 1x128x128>
        %result_0, %token = ttng.tmem_load %19[] {ttg.partition = array<i32: 0>} : !ttg.memdesc<128x128xf32, #tmem, #ttng.tensor_memory, mutable, 1x128x128> -> tensor<128x128xf32, #blocked>
        nvws.semaphore.release %0, %18 [#nvws.async_op<none>] {ttg.partition = array<i32: 0>} : <[!ttg.memdesc<1x128x128xf32, #tmem, #ttng.tensor_memory, mutable>]>, !ttg.async.token
        "acc_user"(%result_0) {ttg.partition = array<i32: 0>} : (tensor<128x128xf32, #blocked>) -> ()
        scf.yield {ttg.partition = array<i32: 0, 1>} %15 : !ttg.async.token
      } else {
        scf.yield {ttg.partition = array<i32: 0, 1>} %15 : !ttg.async.token
      } {ttg.partition = array<i32: 0, 1>, ttg.partition.outputs = [array<i32: 1>]}
      %17 = scf.if %13 -> (!ttg.async.token) {
        %18 = nvws.semaphore.acquire %0 {ttg.partition = array<i32: 1>} : <[!ttg.memdesc<1x128x128xf32, #tmem, #ttng.tensor_memory, mutable>]> -> !ttg.async.token
        scf.yield {ttg.partition = array<i32: 1>} %18 : !ttg.async.token
      } else {
        scf.yield {ttg.partition = array<i32: 1>} %arg4 : !ttg.async.token
      } {ttg.partition = array<i32: 1>, ttg.partition.outputs = [array<i32: 1>]}
      scf.yield {ttg.partition = array<i32: 0, 1, 2>} %14, %17 : i1, !ttg.async.token
    } {tt.disallow_acc_multi_buffer, tt.num_stages = 2 : i32, tt.warp_specialize, ttg.partition = array<i32: 0, 1, 2>, ttg.partition.outputs = [array<i32: 1>, array<i32: 1>], ttg.partition.stages = [0 : i32, 1 : i32, 0 : i32], ttg.warp_specialize.tag = 8 : i32}
    tt.return
  }
  tt.func @matmul_scaled_rhs_scales_tma(%arg0: i32, %arg1: i32, %arg2: i32, %arg3: !tt.tensordesc<tensor<128x64xf8E4M3FN, #shared2>>, %arg4: !tt.tensordesc<tensor<128x64xf8E4M3FN, #shared2>>, %arg5: !tt.tensordesc<tensor<128x8xi8, #shared3>>) {
    %cst = arith.constant dense<127> : tensor<128x8xi8, #linear>
    %cst_0 = arith.constant dense<0.000000e+00> : tensor<128x128xf32, #blocked>
    %c64_i32 = arith.constant 64 : i32
    %c1_i32 = arith.constant 1 : i32
    %c0_i32 = arith.constant 0 : i32
    %true = arith.constant true
    %result = ttng.tmem_alloc %cst : (tensor<128x8xi8, #linear>) -> !ttg.memdesc<128x8xi8, #tmem_scales, #ttng.tensor_memory>
    %result_1 = ttng.tmem_alloc : () -> !ttg.memdesc<1x128x128xf32, #tmem, #ttng.tensor_memory, mutable>
    %0 = nvws.semaphore.create %result_1 true {nvws.dag_pending_count = 1 : i32} : <[!ttg.memdesc<1x128x128xf32, #tmem, #ttng.tensor_memory, mutable>]>
    %1 = nvws.semaphore.create %result_1 false {nvws.dag_pending_count = 1 : i32} : <[!ttg.memdesc<1x128x128xf32, #tmem, #ttng.tensor_memory, mutable>]>
    %2 = nvws.semaphore.acquire %0 : <[!ttg.memdesc<1x128x128xf32, #tmem, #ttng.tensor_memory, mutable>]> -> !ttg.async.token
    %3 = nvws.semaphore.buffer %0, %2 : <[!ttg.memdesc<1x128x128xf32, #tmem, #ttng.tensor_memory, mutable>]>, !ttg.async.token -> !ttg.memdesc<128x128xf32, #tmem, #ttng.tensor_memory, mutable, 1x128x128>
    %4 = ttng.tmem_store %cst_0, %3[], %true : tensor<128x128xf32, #blocked> -> !ttg.memdesc<128x128xf32, #tmem, #ttng.tensor_memory, mutable, 1x128x128>
    %result_2 = ttng.tmem_alloc : () -> !ttg.memdesc<128x8xi8, #tmem_scales, #ttng.tensor_memory, mutable>
    %5 = nvws.semaphore.create %result_2 true {nvws.dag_pending_count = 1 : i32} : <[!ttg.memdesc<128x8xi8, #tmem_scales, #ttng.tensor_memory, mutable>]>
    %6 = nvws.semaphore.create %result_2 false {nvws.dag_pending_count = 1 : i32} : <[!ttg.memdesc<128x8xi8, #tmem_scales, #ttng.tensor_memory, mutable>]>
    %7 = nvws.semaphore.acquire %5 {ttg.partition = array<i32: 2>, ttg.warp_specialize.tag = 9 : i32} : <[!ttg.memdesc<128x8xi8, #tmem_scales, #ttng.tensor_memory, mutable>]> -> !ttg.async.token
    %8 = scf.for %arg6 = %c0_i32 to %arg0 step %c1_i32 iter_args(%arg7 = %7) -> (!ttg.async.token)  : i32 {
      %11 = arith.muli %arg6, %c64_i32 {ttg.partition = array<i32: 2>} : i32
      %12 = tt.descriptor_load %arg3[%arg1, %11] {ttg.partition = array<i32: 2>} : !tt.tensordesc<tensor<128x64xf8E4M3FN, #shared2>> -> tensor<128x64xf8E4M3FN, #blocked1>
      %13 = tt.descriptor_load %arg4[%arg2, %11] {ttg.partition = array<i32: 2>} : !tt.tensordesc<tensor<128x64xf8E4M3FN, #shared2>> -> tensor<128x64xf8E4M3FN, #blocked1>
      %14 = tt.descriptor_load %arg5[%arg1, %c0_i32] {ttg.partition = array<i32: 2>} : !tt.tensordesc<tensor<128x8xi8, #shared3>> -> tensor<128x8xi8, #linear>
      %15 = ttg.local_alloc %12 {ttg.partition = array<i32: 2>} : (tensor<128x64xf8E4M3FN, #blocked1>) -> !ttg.memdesc<128x64xf8E4M3FN, #shared2, #smem>
      %16 = ttg.local_alloc %13 {ttg.partition = array<i32: 2>} : (tensor<128x64xf8E4M3FN, #blocked1>) -> !ttg.memdesc<128x64xf8E4M3FN, #shared2, #smem>
      %17 = ttg.memdesc_trans %16 {order = array<i32: 1, 0>, ttg.partition = array<i32: 1>} : !ttg.memdesc<128x64xf8E4M3FN, #shared2, #smem> -> !ttg.memdesc<64x128xf8E4M3FN, #shared4, #smem>
      %18 = nvws.semaphore.buffer %5, %arg7 {ttg.partition = array<i32: 2>} : <[!ttg.memdesc<128x8xi8, #tmem_scales, #ttng.tensor_memory, mutable>]>, !ttg.async.token -> !ttg.memdesc<128x8xi8, #tmem_scales, #ttng.tensor_memory, mutable>
      %true_4 = arith.constant {ttg.partition = array<i32: 2>} true
      ttng.tmem_store %14, %18, %true_4 {ttg.partition = array<i32: 2>} : tensor<128x8xi8, #linear> -> !ttg.memdesc<128x8xi8, #tmem_scales, #ttng.tensor_memory, mutable>
      nvws.semaphore.release %6, %arg7 [#nvws.async_op<none>] {ttg.partition = array<i32: 2>} : <[!ttg.memdesc<128x8xi8, #tmem_scales, #ttng.tensor_memory, mutable>]>, !ttg.async.token
      %19 = nvws.semaphore.buffer %0, %2 {ttg.partition = array<i32: 1>} : <[!ttg.memdesc<1x128x128xf32, #tmem, #ttng.tensor_memory, mutable>]>, !ttg.async.token -> !ttg.memdesc<128x128xf32, #tmem, #ttng.tensor_memory, mutable, 1x128x128>
      %20 = nvws.semaphore.acquire %6 {ttg.partition = array<i32: 1>} : <[!ttg.memdesc<128x8xi8, #tmem_scales, #ttng.tensor_memory, mutable>]> -> !ttg.async.token
      %21 = nvws.semaphore.buffer %6, %20 {ttg.partition = array<i32: 1>} : <[!ttg.memdesc<128x8xi8, #tmem_scales, #ttng.tensor_memory, mutable>]>, !ttg.async.token -> !ttg.memdesc<128x8xi8, #tmem_scales, #ttng.tensor_memory, mutable>
      %22 = ttng.tc_gen5_mma_scaled %15, %17, %19[], %result, %21, %true, %true lhs = e4m3 rhs = e4m3 {ttg.partition = array<i32: 1>} : !ttg.memdesc<128x64xf8E4M3FN, #shared2, #smem>, !ttg.memdesc<64x128xf8E4M3FN, #shared4, #smem>, !ttg.memdesc<128x128xf32, #tmem, #ttng.tensor_memory, mutable, 1x128x128>, !ttg.memdesc<128x8xi8, #tmem_scales, #ttng.tensor_memory>, !ttg.memdesc<128x8xi8, #tmem_scales, #ttng.tensor_memory, mutable>
      nvws.semaphore.release %5, %20 [#nvws.async_op<tc5mma>] {ttg.partition = array<i32: 1>} : <[!ttg.memdesc<128x8xi8, #tmem_scales, #ttng.tensor_memory, mutable>]>, !ttg.async.token
      %23 = nvws.semaphore.acquire %5 {ttg.partition = array<i32: 2>} : <[!ttg.memdesc<128x8xi8, #tmem_scales, #ttng.tensor_memory, mutable>]> -> !ttg.async.token
      scf.yield {ttg.partition = array<i32: 0, 1, 2>} %23 : !ttg.async.token
    } {tt.warp_specialize, ttg.partition = array<i32: 0, 1, 2>, ttg.partition.outputs = [array<i32: 2>], ttg.partition.stages = [0 : i32, 1 : i32, 0 : i32], ttg.warp_specialize.tag = 9 : i32}
    nvws.semaphore.release %1, %2 [#nvws.async_op<tc5mma>] {ttg.partition = array<i32: 1>, ttg.warp_specialize.tag = 9 : i32} : <[!ttg.memdesc<1x128x128xf32, #tmem, #ttng.tensor_memory, mutable>]>, !ttg.async.token
    %9 = nvws.semaphore.acquire %1 : <[!ttg.memdesc<1x128x128xf32, #tmem, #ttng.tensor_memory, mutable>]> -> !ttg.async.token
    %10 = nvws.semaphore.buffer %1, %9 : <[!ttg.memdesc<1x128x128xf32, #tmem, #ttng.tensor_memory, mutable>]>, !ttg.async.token -> !ttg.memdesc<128x128xf32, #tmem, #ttng.tensor_memory, mutable, 1x128x128>
    %result_3, %token = ttng.tmem_load %10[] : !ttg.memdesc<128x128xf32, #tmem, #ttng.tensor_memory, mutable, 1x128x128> -> tensor<128x128xf32, #blocked>
    nvws.semaphore.release %0, %9 [#nvws.async_op<none>] : <[!ttg.memdesc<1x128x128xf32, #tmem, #ttng.tensor_memory, mutable>]>, !ttg.async.token
    "use"(%result_3) : (tensor<128x128xf32, #blocked>) -> ()
    tt.return
  }
  tt.func @user_partition_has_cycle(%arg0: i32, %arg1: i32, %arg2: i32, %arg3: !tt.tensordesc<tensor<128x64xf16, #shared>>, %arg4: !tt.tensordesc<tensor<128x64xf16, #shared>>) {
    %cst = arith.constant dense<0.000000e+00> : tensor<128x128xf32, #blocked>
    %c64_i32 = arith.constant 64 : i32
    %c1_i32 = arith.constant 1 : i32
    %c0_i32 = arith.constant 0 : i32
    %false = arith.constant false
    %true = arith.constant true
    %0 = tt.descriptor_load %arg3[%c0_i32, %c0_i32] : !tt.tensordesc<tensor<128x64xf16, #shared>> -> tensor<128x64xf16, #blocked1>
    %1 = ttg.local_alloc %0 : (tensor<128x64xf16, #blocked1>) -> !ttg.memdesc<128x64xf16, #shared, #smem>
    %result = ttng.tmem_alloc : () -> !ttg.memdesc<2x128x128xf32, #tmem, #ttng.tensor_memory, mutable>
    %2 = nvws.semaphore.create %result true {nvws.dag_pending_count = 1 : i32} : <[!ttg.memdesc<2x128x128xf32, #tmem, #ttng.tensor_memory, mutable>]>
    %3 = nvws.semaphore.create %result false {nvws.dag_pending_count = 1 : i32} : <[!ttg.memdesc<2x128x128xf32, #tmem, #ttng.tensor_memory, mutable>]>
    %4 = nvws.semaphore.acquire %2 {ttg.partition = array<i32: 1>, ttg.warp_specialize.tag = 11 : i32} : <[!ttg.memdesc<2x128x128xf32, #tmem, #ttng.tensor_memory, mutable>]> -> !ttg.async.token
    %5:2 = scf.for %arg5 = %c0_i32 to %arg0 step %c1_i32 iter_args(%arg6 = %cst, %arg7 = %4) -> (tensor<128x128xf32, #blocked>, !ttg.async.token)  : i32 {
      %6 = arith.muli %arg5, %c64_i32 {ttg.partition = array<i32: 2>} : i32
      %7 = tt.descriptor_load %arg4[%arg2, %6] {ttg.partition = array<i32: 2>} : !tt.tensordesc<tensor<128x64xf16, #shared>> -> tensor<128x64xf16, #blocked1>
      %8 = ttg.local_alloc %7 {ttg.partition = array<i32: 2>} : (tensor<128x64xf16, #blocked1>) -> !ttg.memdesc<128x64xf16, #shared, #smem>
      %9 = ttg.memdesc_trans %8 {order = array<i32: 1, 0>, ttg.partition = array<i32: 1>} : !ttg.memdesc<128x64xf16, #shared, #smem> -> !ttg.memdesc<64x128xf16, #shared1, #smem>
      %10 = nvws.semaphore.buffer %2, %arg7 {ttg.partition = array<i32: 1>} : <[!ttg.memdesc<2x128x128xf32, #tmem, #ttng.tensor_memory, mutable>]>, !ttg.async.token -> !ttg.memdesc<128x128xf32, #tmem, #ttng.tensor_memory, mutable, 2x128x128>
      %11 = ttng.tc_gen5_mma %1, %9, %10[], %false, %true {ttg.partition = array<i32: 1>} : !ttg.memdesc<128x64xf16, #shared, #smem>, !ttg.memdesc<64x128xf16, #shared1, #smem>, !ttg.memdesc<128x128xf32, #tmem, #ttng.tensor_memory, mutable, 2x128x128>
      nvws.semaphore.release %3, %arg7 [#nvws.async_op<tc5mma>] {ttg.partition = array<i32: 1>} : <[!ttg.memdesc<2x128x128xf32, #tmem, #ttng.tensor_memory, mutable>]>, !ttg.async.token
      %12 = arith.addf %arg6, %arg6 {ttg.partition = array<i32: 0>} : tensor<128x128xf32, #blocked>
      %13 = nvws.semaphore.acquire %3 {ttg.partition = array<i32: 0>} : <[!ttg.memdesc<2x128x128xf32, #tmem, #ttng.tensor_memory, mutable>]> -> !ttg.async.token
      %14 = nvws.semaphore.buffer %3, %13 {ttg.partition = array<i32: 0>} : <[!ttg.memdesc<2x128x128xf32, #tmem, #ttng.tensor_memory, mutable>]>, !ttg.async.token -> !ttg.memdesc<128x128xf32, #tmem, #ttng.tensor_memory, mutable, 2x128x128>
      %result_0, %token = ttng.tmem_load %14[] {ttg.partition = array<i32: 0>} : !ttg.memdesc<128x128xf32, #tmem, #ttng.tensor_memory, mutable, 2x128x128> -> tensor<128x128xf32, #blocked>
      nvws.semaphore.release %2, %13 [#nvws.async_op<none>] {ttg.partition = array<i32: 0>} : <[!ttg.memdesc<2x128x128xf32, #tmem, #ttng.tensor_memory, mutable>]>, !ttg.async.token
      %15 = arith.mulf %12, %result_0 {ttg.partition = array<i32: 0>} : tensor<128x128xf32, #blocked>
      %16 = nvws.semaphore.acquire %2 {ttg.partition = array<i32: 1>} : <[!ttg.memdesc<2x128x128xf32, #tmem, #ttng.tensor_memory, mutable>]> -> !ttg.async.token
      scf.yield {ttg.partition = array<i32: 0, 1, 2>} %15, %16 : tensor<128x128xf32, #blocked>, !ttg.async.token
    } {tt.num_stages = 2 : i32, tt.warp_specialize, ttg.partition = array<i32: 0, 1, 2>, ttg.partition.outputs = [array<i32: 0>, array<i32: 1>], ttg.partition.stages = [0 : i32, 1 : i32, 0 : i32], ttg.warp_specialize.tag = 11 : i32}
    "use"(%5#0) : (tensor<128x128xf32, #blocked>) -> ()
    tt.return
  }
  tt.func @matmul_tma_acc_with_conditional_def_and_use_flag(%arg0: !tt.tensordesc<tensor<128x64xf16, #shared>>, %arg1: !tt.tensordesc<tensor<64x128xf16, #shared>>) {
    %c32_i32 = arith.constant 32 : i32
    %cst = arith.constant dense<0.000000e+00> : tensor<128x128xf32, #blocked>
    %true = arith.constant true
    %c1_i32 = arith.constant 1 : i32
    %c0_i32 = arith.constant 0 : i32
    %result = ttng.tmem_alloc : () -> !ttg.memdesc<2x128x128xf32, #tmem, #ttng.tensor_memory, mutable>
    %0 = nvws.semaphore.create %result true {nvws.dag_pending_count = 1 : i32} : <[!ttg.memdesc<2x128x128xf32, #tmem, #ttng.tensor_memory, mutable>]>
    %1 = nvws.semaphore.create %result false {nvws.dag_pending_count = 1 : i32} : <[!ttg.memdesc<2x128x128xf32, #tmem, #ttng.tensor_memory, mutable>]>
    %2 = nvws.semaphore.acquire %0 : <[!ttg.memdesc<2x128x128xf32, #tmem, #ttng.tensor_memory, mutable>]> -> !ttg.async.token
    %3 = nvws.semaphore.buffer %0, %2 : <[!ttg.memdesc<2x128x128xf32, #tmem, #ttng.tensor_memory, mutable>]>, !ttg.async.token -> !ttg.memdesc<128x128xf32, #tmem, #ttng.tensor_memory, mutable, 2x128x128>
    %4 = ttng.tmem_store %cst, %3[], %true : tensor<128x128xf32, #blocked> -> !ttg.memdesc<128x128xf32, #tmem, #ttng.tensor_memory, mutable, 2x128x128>
    %5:2 = scf.for %arg2 = %c0_i32 to %c32_i32 step %c1_i32 iter_args(%arg3 = %true, %arg4 = %2) -> (i1, !ttg.async.token)  : i32 {
      %6:3 = "get_offsets"(%arg2) {ttg.partition = array<i32: 2>} : (i32) -> (i32, i32, i32)
      %7 = tt.descriptor_load %arg0[%6#0, %6#2] {ttg.partition = array<i32: 2>} : !tt.tensordesc<tensor<128x64xf16, #shared>> -> tensor<128x64xf16, #blocked1>
      %8 = tt.descriptor_load %arg1[%6#1, %6#2] {ttg.partition = array<i32: 2>} : !tt.tensordesc<tensor<64x128xf16, #shared>> -> tensor<64x128xf16, #blocked1>
      %9 = ttg.local_alloc %7 {ttg.partition = array<i32: 2>} : (tensor<128x64xf16, #blocked1>) -> !ttg.memdesc<128x64xf16, #shared, #smem>
      %10 = ttg.local_alloc %8 {ttg.partition = array<i32: 2>} : (tensor<64x128xf16, #blocked1>) -> !ttg.memdesc<64x128xf16, #shared, #smem>
      %11 = nvws.semaphore.buffer %0, %arg4 {ttg.partition = array<i32: 1>} : <[!ttg.memdesc<2x128x128xf32, #tmem, #ttng.tensor_memory, mutable>]>, !ttg.async.token -> !ttg.memdesc<128x128xf32, #tmem, #ttng.tensor_memory, mutable, 2x128x128>
      %12 = ttng.tc_gen5_mma %9, %10, %11[], %arg3, %true {ttg.partition = array<i32: 1>} : !ttg.memdesc<128x64xf16, #shared, #smem>, !ttg.memdesc<64x128xf16, #shared, #smem>, !ttg.memdesc<128x128xf32, #tmem, #ttng.tensor_memory, mutable, 2x128x128>
      %13 = arith.cmpi eq, %arg2, %c0_i32 {ttg.partition = array<i32: 0, 1>} : i32
      %14 = arith.cmpi ne, %arg2, %c0_i32 {ttg.partition = array<i32: 0, 1>} : i32
      scf.if %13 {
        nvws.semaphore.release %1, %arg4 [#nvws.async_op<tc5mma>] {ttg.partition = array<i32: 1>} : <[!ttg.memdesc<2x128x128xf32, #tmem, #ttng.tensor_memory, mutable>]>, !ttg.async.token
      } {ttg.partition = array<i32: 1>}
      %15 = ub.poison : !ttg.async.token
      %16 = scf.if %13 -> (!ttg.async.token) {
        "some_op"() {ttg.partition = array<i32: 0>} : () -> ()
        %18 = nvws.semaphore.acquire %1 {ttg.partition = array<i32: 0>} : <[!ttg.memdesc<2x128x128xf32, #tmem, #ttng.tensor_memory, mutable>]> -> !ttg.async.token
        %19 = nvws.semaphore.buffer %1, %18 {ttg.partition = array<i32: 0>} : <[!ttg.memdesc<2x128x128xf32, #tmem, #ttng.tensor_memory, mutable>]>, !ttg.async.token -> !ttg.memdesc<128x128xf32, #tmem, #ttng.tensor_memory, mutable, 2x128x128>
        %result_0, %token = ttng.tmem_load %19[] {ttg.partition = array<i32: 0>} : !ttg.memdesc<128x128xf32, #tmem, #ttng.tensor_memory, mutable, 2x128x128> -> tensor<128x128xf32, #blocked>
        nvws.semaphore.release %0, %18 [#nvws.async_op<none>] {ttg.partition = array<i32: 0>} : <[!ttg.memdesc<2x128x128xf32, #tmem, #ttng.tensor_memory, mutable>]>, !ttg.async.token
        "acc_user"(%result_0) {ttg.partition = array<i32: 0>} : (tensor<128x128xf32, #blocked>) -> ()
        scf.yield {ttg.partition = array<i32: 0, 1>} %15 : !ttg.async.token
      } else {
        scf.yield {ttg.partition = array<i32: 0, 1>} %15 : !ttg.async.token
      } {ttg.partition = array<i32: 0, 1>, ttg.partition.outputs = [array<i32: 1>]}
      %17 = scf.if %13 -> (!ttg.async.token) {
        %18 = nvws.semaphore.acquire %0 {ttg.partition = array<i32: 1>} : <[!ttg.memdesc<2x128x128xf32, #tmem, #ttng.tensor_memory, mutable>]> -> !ttg.async.token
        scf.yield {ttg.partition = array<i32: 1>} %18 : !ttg.async.token
      } else {
        scf.yield {ttg.partition = array<i32: 1>} %arg4 : !ttg.async.token
      } {ttg.partition = array<i32: 1>, ttg.partition.outputs = [array<i32: 1>]}
      scf.yield {ttg.partition = array<i32: 0, 1, 2>} %14, %17 : i1, !ttg.async.token
    } {tt.num_stages = 4 : i32, tt.warp_specialize, ttg.partition = array<i32: 0, 1, 2>, ttg.partition.outputs = [array<i32: 0, 1>, array<i32: 1>], ttg.partition.stages = [0 : i32, 1 : i32, 0 : i32], ttg.warp_specialize.tag = 12 : i32}
    tt.return
  }
  tt.func @specialize_mma_only(%arg0: !tt.tensordesc<tensor<64x128xf16, #shared>>, %arg1: !ttg.memdesc<128x64xf16, #shared, #smem>, %arg2: i32) {
    %cst = arith.constant dense<0.000000e+00> : tensor<128x128xf32, #blocked>
    %true = arith.constant true
    %c1_i32 = arith.constant 1 : i32
    %c0_i32 = arith.constant 0 : i32
    %result = ttng.tmem_alloc : () -> !ttg.memdesc<1x128x128xf32, #tmem, #ttng.tensor_memory, mutable>
    %0 = nvws.semaphore.create %result true {nvws.dag_pending_count = 1 : i32} : <[!ttg.memdesc<1x128x128xf32, #tmem, #ttng.tensor_memory, mutable>]>
    %1 = nvws.semaphore.create %result false {nvws.dag_pending_count = 1 : i32} : <[!ttg.memdesc<1x128x128xf32, #tmem, #ttng.tensor_memory, mutable>]>
    %2 = nvws.semaphore.create %result false {nvws.dag_pending_count = 1 : i32} : <[!ttg.memdesc<1x128x128xf32, #tmem, #ttng.tensor_memory, mutable>]>
    %3 = nvws.semaphore.acquire %0 : <[!ttg.memdesc<1x128x128xf32, #tmem, #ttng.tensor_memory, mutable>]> -> !ttg.async.token
    %4 = nvws.semaphore.buffer %0, %3 : <[!ttg.memdesc<1x128x128xf32, #tmem, #ttng.tensor_memory, mutable>]>, !ttg.async.token -> !ttg.memdesc<128x128xf32, #tmem, #ttng.tensor_memory, mutable, 1x128x128>
    %5 = ttng.tmem_store %cst, %4[], %true : tensor<128x128xf32, #blocked> -> !ttg.memdesc<128x128xf32, #tmem, #ttng.tensor_memory, mutable, 1x128x128>
    %6 = scf.for %arg3 = %c0_i32 to %arg2 step %c1_i32 iter_args(%arg4 = %3) -> (!ttg.async.token)  : i32 {
      %9 = tt.descriptor_load %arg0[%arg3, %arg3] {ttg.partition = array<i32: 2>} : !tt.tensordesc<tensor<64x128xf16, #shared>> -> tensor<64x128xf16, #blocked1>
      %10 = nvws.semaphore.buffer %0, %arg4 {ttg.partition = array<i32: 0>} : <[!ttg.memdesc<1x128x128xf32, #tmem, #ttng.tensor_memory, mutable>]>, !ttg.async.token -> !ttg.memdesc<128x128xf32, #tmem, #ttng.tensor_memory, mutable, 1x128x128>
      %result_1, %token_2 = ttng.tmem_load %10[] {ttg.partition = array<i32: 0>} : !ttg.memdesc<128x128xf32, #tmem, #ttng.tensor_memory, mutable, 1x128x128> -> tensor<128x128xf32, #blocked>
      %11:2 = "some_producer"(%9, %result_1) {ttg.partition = array<i32: 0>} : (tensor<64x128xf16, #blocked1>, tensor<128x128xf32, #blocked>) -> (tensor<128x64xf16, #blocked1>, tensor<128x128xf32, #blocked>)
      %12 = ttg.local_alloc %11#0 {ttg.partition = array<i32: 0>} : (tensor<128x64xf16, #blocked1>) -> !ttg.memdesc<128x64xf16, #shared, #smem>
      %13 = ttg.memdesc_trans %12 {order = array<i32: 1, 0>, ttg.partition = array<i32: 1>} : !ttg.memdesc<128x64xf16, #shared, #smem> -> !ttg.memdesc<64x128xf16, #shared1, #smem>
      %14 = ttng.tmem_store %11#1, %10[], %true {ttg.partition = array<i32: 0>} : tensor<128x128xf32, #blocked> -> !ttg.memdesc<128x128xf32, #tmem, #ttng.tensor_memory, mutable, 1x128x128>
      nvws.semaphore.release %1, %arg4 [#nvws.async_op<none>] {ttg.partition = array<i32: 0>} : <[!ttg.memdesc<1x128x128xf32, #tmem, #ttng.tensor_memory, mutable>]>, !ttg.async.token
      %15 = nvws.semaphore.acquire %1 {ttg.partition = array<i32: 1>} : <[!ttg.memdesc<1x128x128xf32, #tmem, #ttng.tensor_memory, mutable>]> -> !ttg.async.token
      %16 = nvws.semaphore.buffer %1, %15 {ttg.partition = array<i32: 1>} : <[!ttg.memdesc<1x128x128xf32, #tmem, #ttng.tensor_memory, mutable>]>, !ttg.async.token -> !ttg.memdesc<128x128xf32, #tmem, #ttng.tensor_memory, mutable, 1x128x128>
      %17 = ttng.tc_gen5_mma %arg1, %13, %16[], %true, %true {ttg.partition = array<i32: 1>} : !ttg.memdesc<128x64xf16, #shared, #smem>, !ttg.memdesc<64x128xf16, #shared1, #smem>, !ttg.memdesc<128x128xf32, #tmem, #ttng.tensor_memory, mutable, 1x128x128>
      nvws.semaphore.release %0, %15 [#nvws.async_op<tc5mma>] {ttg.partition = array<i32: 1>} : <[!ttg.memdesc<1x128x128xf32, #tmem, #ttng.tensor_memory, mutable>]>, !ttg.async.token
      %18 = nvws.semaphore.acquire %0 {ttg.partition = array<i32: 0>} : <[!ttg.memdesc<1x128x128xf32, #tmem, #ttng.tensor_memory, mutable>]> -> !ttg.async.token
      scf.yield {ttg.partition = array<i32: 0, 1, 2>} %18 : !ttg.async.token
    } {tt.num_stages = 3 : i32, tt.warp_specialize, ttg.partition = array<i32: 0, 1, 2>, ttg.partition.outputs = [array<i32: 0>], ttg.partition.stages = [0 : i32, 1 : i32, 0 : i32], ttg.warp_specialize.tag = 15 : i32}
    nvws.semaphore.release %2, %6 [#nvws.async_op<none>] {ttg.partition = array<i32: 0>, ttg.warp_specialize.tag = 15 : i32} : <[!ttg.memdesc<1x128x128xf32, #tmem, #ttng.tensor_memory, mutable>]>, !ttg.async.token
    %7 = nvws.semaphore.acquire %2 : <[!ttg.memdesc<1x128x128xf32, #tmem, #ttng.tensor_memory, mutable>]> -> !ttg.async.token
    %8 = nvws.semaphore.buffer %2, %7 : <[!ttg.memdesc<1x128x128xf32, #tmem, #ttng.tensor_memory, mutable>]>, !ttg.async.token -> !ttg.memdesc<128x128xf32, #tmem, #ttng.tensor_memory, mutable, 1x128x128>
    %result_0, %token = ttng.tmem_load %8[] : !ttg.memdesc<128x128xf32, #tmem, #ttng.tensor_memory, mutable, 1x128x128> -> tensor<128x128xf32, #blocked>
    "use"(%result_0) : (tensor<128x128xf32, #blocked>) -> ()
    tt.return
  }
  tt.func @load_scale_mma_user(%arg0: !ttg.memdesc<128x64xf16, #shared, #smem>, %arg1: !ttg.memdesc<64x128xf16, #shared, #smem>, %arg2: !tt.tensordesc<tensor<8x128xi8, #shared>>, %arg3: !ttg.memdesc<128x8xi8, #tmem_scales, #ttng.tensor_memory>, %arg4: i32) {
    %cst = arith.constant dense<0.000000e+00> : tensor<128x128xf32, #blocked>
    %true = arith.constant true
    %c1_i32 = arith.constant 1 : i32
    %c0_i32 = arith.constant 0 : i32
    %result = ttng.tmem_alloc : () -> !ttg.memdesc<1x128x128xf32, #tmem, #ttng.tensor_memory, mutable>
    %0 = nvws.semaphore.create %result true {nvws.dag_pending_count = 1 : i32} : <[!ttg.memdesc<1x128x128xf32, #tmem, #ttng.tensor_memory, mutable>]>
    %1 = nvws.semaphore.create %result false {nvws.dag_pending_count = 1 : i32} : <[!ttg.memdesc<1x128x128xf32, #tmem, #ttng.tensor_memory, mutable>]>
    %2 = nvws.semaphore.create %result false {nvws.dag_pending_count = 1 : i32} : <[!ttg.memdesc<1x128x128xf32, #tmem, #ttng.tensor_memory, mutable>]>
    %3 = nvws.semaphore.acquire %0 : <[!ttg.memdesc<1x128x128xf32, #tmem, #ttng.tensor_memory, mutable>]> -> !ttg.async.token
    %4 = nvws.semaphore.buffer %0, %3 : <[!ttg.memdesc<1x128x128xf32, #tmem, #ttng.tensor_memory, mutable>]>, !ttg.async.token -> !ttg.memdesc<128x128xf32, #tmem, #ttng.tensor_memory, mutable, 1x128x128>
    %5 = ttng.tmem_store %cst, %4[], %true : tensor<128x128xf32, #blocked> -> !ttg.memdesc<128x128xf32, #tmem, #ttng.tensor_memory, mutable, 1x128x128>
    %result_0 = ttng.tmem_alloc : () -> !ttg.memdesc<128x8xi8, #tmem_scales, #ttng.tensor_memory, mutable>
    %6 = nvws.semaphore.create %result_0 true {nvws.dag_pending_count = 1 : i32} : <[!ttg.memdesc<128x8xi8, #tmem_scales, #ttng.tensor_memory, mutable>]>
    %7 = nvws.semaphore.create %result_0 false {nvws.dag_pending_count = 1 : i32} : <[!ttg.memdesc<128x8xi8, #tmem_scales, #ttng.tensor_memory, mutable>]>
    %8 = nvws.semaphore.acquire %6 {ttg.partition = array<i32: 0>, ttg.warp_specialize.tag = 16 : i32} : <[!ttg.memdesc<128x8xi8, #tmem_scales, #ttng.tensor_memory, mutable>]> -> !ttg.async.token
    %9:2 = scf.for %arg5 = %c0_i32 to %arg4 step %c1_i32 iter_args(%arg6 = %3, %arg7 = %8) -> (!ttg.async.token, !ttg.async.token)  : i32 {
      %12 = tt.descriptor_load %arg2[%arg5, %arg5] {ttg.partition = array<i32: 2>} : !tt.tensordesc<tensor<8x128xi8, #shared>> -> tensor<8x128xi8, #blocked1>
      %13 = ttg.local_alloc %12 {ttg.partition = array<i32: 2>} : (tensor<8x128xi8, #blocked1>) -> !ttg.memdesc<8x128xi8, #shared, #smem>
      %14 = ttg.local_load %13 {ttg.partition = array<i32: 0>} : !ttg.memdesc<8x128xi8, #shared, #smem> -> tensor<8x128xi8, #linear1>
      %15 = tt.trans %14 {order = array<i32: 1, 0>, ttg.partition = array<i32: 0>} : tensor<8x128xi8, #linear1> -> tensor<128x8xi8, #linear>
      %16 = nvws.semaphore.buffer %6, %arg7 {ttg.partition = array<i32: 0>} : <[!ttg.memdesc<128x8xi8, #tmem_scales, #ttng.tensor_memory, mutable>]>, !ttg.async.token -> !ttg.memdesc<128x8xi8, #tmem_scales, #ttng.tensor_memory, mutable>
      %true_2 = arith.constant {ttg.partition = array<i32: 0>} true
      ttng.tmem_store %15, %16, %true_2 {ttg.partition = array<i32: 0>} : tensor<128x8xi8, #linear> -> !ttg.memdesc<128x8xi8, #tmem_scales, #ttng.tensor_memory, mutable>
      nvws.semaphore.release %7, %arg7 [#nvws.async_op<none>] {ttg.partition = array<i32: 0>} : <[!ttg.memdesc<128x8xi8, #tmem_scales, #ttng.tensor_memory, mutable>]>, !ttg.async.token
      %17 = nvws.semaphore.buffer %0, %arg6 {ttg.partition = array<i32: 1>} : <[!ttg.memdesc<1x128x128xf32, #tmem, #ttng.tensor_memory, mutable>]>, !ttg.async.token -> !ttg.memdesc<128x128xf32, #tmem, #ttng.tensor_memory, mutable, 1x128x128>
      %18 = nvws.semaphore.acquire %7 {ttg.partition = array<i32: 1>} : <[!ttg.memdesc<128x8xi8, #tmem_scales, #ttng.tensor_memory, mutable>]> -> !ttg.async.token
      %19 = nvws.semaphore.buffer %7, %18 {ttg.partition = array<i32: 1>} : <[!ttg.memdesc<128x8xi8, #tmem_scales, #ttng.tensor_memory, mutable>]>, !ttg.async.token -> !ttg.memdesc<128x8xi8, #tmem_scales, #ttng.tensor_memory, mutable>
      %20 = ttng.tc_gen5_mma_scaled %arg0, %arg1, %17[], %19, %arg3, %true, %true lhs = e4m3 rhs = e4m3 {ttg.partition = array<i32: 1>} : !ttg.memdesc<128x64xf16, #shared, #smem>, !ttg.memdesc<64x128xf16, #shared, #smem>, !ttg.memdesc<128x128xf32, #tmem, #ttng.tensor_memory, mutable, 1x128x128>, !ttg.memdesc<128x8xi8, #tmem_scales, #ttng.tensor_memory, mutable>, !ttg.memdesc<128x8xi8, #tmem_scales, #ttng.tensor_memory>
      nvws.semaphore.release %6, %18 [#nvws.async_op<tc5mma>] {ttg.partition = array<i32: 1>} : <[!ttg.memdesc<128x8xi8, #tmem_scales, #ttng.tensor_memory, mutable>]>, !ttg.async.token
      nvws.semaphore.release %1, %arg6 [#nvws.async_op<tc5mma>] {ttg.partition = array<i32: 1>} : <[!ttg.memdesc<1x128x128xf32, #tmem, #ttng.tensor_memory, mutable>]>, !ttg.async.token
      %21 = nvws.semaphore.acquire %1 {ttg.partition = array<i32: 0>} : <[!ttg.memdesc<1x128x128xf32, #tmem, #ttng.tensor_memory, mutable>]> -> !ttg.async.token
      %22 = nvws.semaphore.buffer %1, %21 {ttg.partition = array<i32: 0>} : <[!ttg.memdesc<1x128x128xf32, #tmem, #ttng.tensor_memory, mutable>]>, !ttg.async.token -> !ttg.memdesc<128x128xf32, #tmem, #ttng.tensor_memory, mutable, 1x128x128>
      %result_3, %token_4 = ttng.tmem_load %22[] {ttg.partition = array<i32: 0>} : !ttg.memdesc<128x128xf32, #tmem, #ttng.tensor_memory, mutable, 1x128x128> -> tensor<128x128xf32, #blocked>
      nvws.semaphore.release %0, %21 [#nvws.async_op<none>] {ttg.partition = array<i32: 0>} : <[!ttg.memdesc<1x128x128xf32, #tmem, #ttng.tensor_memory, mutable>]>, !ttg.async.token
      "user"(%result_3) {ttg.partition = array<i32: 0>} : (tensor<128x128xf32, #blocked>) -> ()
      %23 = nvws.semaphore.acquire %0 {ttg.partition = array<i32: 1>} : <[!ttg.memdesc<1x128x128xf32, #tmem, #ttng.tensor_memory, mutable>]> -> !ttg.async.token
      %24 = nvws.semaphore.acquire %6 {ttg.partition = array<i32: 0>} : <[!ttg.memdesc<128x8xi8, #tmem_scales, #ttng.tensor_memory, mutable>]> -> !ttg.async.token
      scf.yield {ttg.partition = array<i32: 0, 1, 2>} %23, %24 : !ttg.async.token, !ttg.async.token
    } {tt.num_stages = 3 : i32, tt.warp_specialize, ttg.partition = array<i32: 0, 1, 2>, ttg.partition.outputs = [array<i32: 1>, array<i32: 0>], ttg.partition.stages = [0 : i32, 1 : i32, 0 : i32], ttg.warp_specialize.tag = 16 : i32}
    nvws.semaphore.release %2, %9#0 [#nvws.async_op<tc5mma>] {ttg.partition = array<i32: 1>, ttg.warp_specialize.tag = 16 : i32} : <[!ttg.memdesc<1x128x128xf32, #tmem, #ttng.tensor_memory, mutable>]>, !ttg.async.token
    %10 = nvws.semaphore.acquire %2 : <[!ttg.memdesc<1x128x128xf32, #tmem, #ttng.tensor_memory, mutable>]> -> !ttg.async.token
    %11 = nvws.semaphore.buffer %2, %10 : <[!ttg.memdesc<1x128x128xf32, #tmem, #ttng.tensor_memory, mutable>]>, !ttg.async.token -> !ttg.memdesc<128x128xf32, #tmem, #ttng.tensor_memory, mutable, 1x128x128>
    %result_1, %token = ttng.tmem_load %11[] : !ttg.memdesc<128x128xf32, #tmem, #ttng.tensor_memory, mutable, 1x128x128> -> tensor<128x128xf32, #blocked>
    "use"(%result_1) : (tensor<128x128xf32, #blocked>) -> ()
    tt.return
  }
  tt.func @store_mma_load(%arg0: i32, %arg1: !tt.tensordesc<tensor<128x64xf16, #shared>>, %arg2: !ttg.memdesc<64x128xf16, #shared, #smem>) {
    %true = arith.constant true
    %c1_i32 = arith.constant 1 : i32
    %c0_i32 = arith.constant 0 : i32
    %result = ttng.tmem_alloc : () -> !ttg.memdesc<1x128x128xf32, #tmem, #ttng.tensor_memory, mutable>
    %0 = nvws.semaphore.create %result true {nvws.dag_pending_count = 1 : i32} : <[!ttg.memdesc<1x128x128xf32, #tmem, #ttng.tensor_memory, mutable>]>
    %1 = nvws.semaphore.create %result false {nvws.dag_pending_count = 1 : i32} : <[!ttg.memdesc<1x128x128xf32, #tmem, #ttng.tensor_memory, mutable>]>
    %2 = nvws.semaphore.acquire %0 {ttg.partition = array<i32: 0>, ttg.warp_specialize.tag = 17 : i32} : <[!ttg.memdesc<1x128x128xf32, #tmem, #ttng.tensor_memory, mutable>]> -> !ttg.async.token
    %3 = scf.for %arg3 = %c0_i32 to %arg0 step %c1_i32 iter_args(%arg4 = %2) -> (!ttg.async.token)  : i32 {
      %4 = tt.descriptor_load %arg1[%arg3, %arg3] {ttg.partition = array<i32: 2>} : !tt.tensordesc<tensor<128x64xf16, #shared>> -> tensor<128x64xf16, #blocked1>
      %5 = arith.addf %4, %4 {ttg.partition = array<i32: 0>} : tensor<128x64xf16, #blocked1>
      %6 = ttg.local_alloc %5 {ttg.partition = array<i32: 0>} : (tensor<128x64xf16, #blocked1>) -> !ttg.memdesc<128x64xf16, #shared, #smem>
      %7 = "make_acc"() {ttg.partition = array<i32: 0>} : () -> tensor<128x128xf32, #blocked>
      %8 = nvws.semaphore.buffer %0, %arg4 {ttg.partition = array<i32: 0>} : <[!ttg.memdesc<1x128x128xf32, #tmem, #ttng.tensor_memory, mutable>]>, !ttg.async.token -> !ttg.memdesc<128x128xf32, #tmem, #ttng.tensor_memory, mutable, 1x128x128>
      %9 = ttng.tmem_store %7, %8[], %true {ttg.partition = array<i32: 0>} : tensor<128x128xf32, #blocked> -> !ttg.memdesc<128x128xf32, #tmem, #ttng.tensor_memory, mutable, 1x128x128>
      nvws.semaphore.release %1, %arg4 [#nvws.async_op<none>] {ttg.partition = array<i32: 0>} : <[!ttg.memdesc<1x128x128xf32, #tmem, #ttng.tensor_memory, mutable>]>, !ttg.async.token
      %10 = nvws.semaphore.acquire %1 {ttg.partition = array<i32: 1>} : <[!ttg.memdesc<1x128x128xf32, #tmem, #ttng.tensor_memory, mutable>]> -> !ttg.async.token
      %11 = nvws.semaphore.buffer %1, %10 {ttg.partition = array<i32: 1>} : <[!ttg.memdesc<1x128x128xf32, #tmem, #ttng.tensor_memory, mutable>]>, !ttg.async.token -> !ttg.memdesc<128x128xf32, #tmem, #ttng.tensor_memory, mutable, 1x128x128>
      %12 = ttng.tc_gen5_mma %6, %arg2, %11[], %true, %true {ttg.partition = array<i32: 1>} : !ttg.memdesc<128x64xf16, #shared, #smem>, !ttg.memdesc<64x128xf16, #shared, #smem>, !ttg.memdesc<128x128xf32, #tmem, #ttng.tensor_memory, mutable, 1x128x128>
      nvws.semaphore.release %0, %10 [#nvws.async_op<tc5mma>] {ttg.partition = array<i32: 1>} : <[!ttg.memdesc<1x128x128xf32, #tmem, #ttng.tensor_memory, mutable>]>, !ttg.async.token
      %13 = nvws.semaphore.acquire %0 {ttg.partition = array<i32: 0>} : <[!ttg.memdesc<1x128x128xf32, #tmem, #ttng.tensor_memory, mutable>]> -> !ttg.async.token
      %14 = nvws.semaphore.buffer %0, %13 {ttg.partition = array<i32: 0>} : <[!ttg.memdesc<1x128x128xf32, #tmem, #ttng.tensor_memory, mutable>]>, !ttg.async.token -> !ttg.memdesc<128x128xf32, #tmem, #ttng.tensor_memory, mutable, 1x128x128>
      %result_0, %token = ttng.tmem_load %14[] {ttg.partition = array<i32: 0>} : !ttg.memdesc<128x128xf32, #tmem, #ttng.tensor_memory, mutable, 1x128x128> -> tensor<128x128xf32, #blocked>
      "use"(%result_0) {ttg.partition = array<i32: 0>} : (tensor<128x128xf32, #blocked>) -> ()
      scf.yield {ttg.partition = array<i32: 0, 1, 2>} %13 : !ttg.async.token
    } {tt.disallow_acc_multi_buffer, tt.num_stages = 2 : i32, tt.warp_specialize, ttg.partition = array<i32: 0, 1, 2>, ttg.partition.outputs = [array<i32: 0>], ttg.partition.stages = [0 : i32, 1 : i32, 0 : i32], ttg.warp_specialize.tag = 17 : i32}
    tt.return
  }
  tt.func @local_alloc_into_mma(%arg0: i32, %arg1: tensor<128x64xf16, #blocked1>, %arg2: !tt.tensordesc<tensor<64x128xf16, #shared>>) {
    %c1_i32 = arith.constant 1 : i32
    %c0_i32 = arith.constant 0 : i32
    %true = arith.constant true
    %result = ttng.tmem_alloc : () -> !ttg.memdesc<1x128x128xf32, #tmem, #ttng.tensor_memory, mutable>
    %0 = nvws.semaphore.create %result true {nvws.dag_pending_count = 1 : i32} : <[!ttg.memdesc<1x128x128xf32, #tmem, #ttng.tensor_memory, mutable>]>
    %1 = nvws.semaphore.create %result false {nvws.dag_pending_count = 1 : i32} : <[!ttg.memdesc<1x128x128xf32, #tmem, #ttng.tensor_memory, mutable>]>
    %2 = nvws.semaphore.acquire %0 {ttg.partition = array<i32: 1>, ttg.warp_specialize.tag = 18 : i32} : <[!ttg.memdesc<1x128x128xf32, #tmem, #ttng.tensor_memory, mutable>]> -> !ttg.async.token
    scf.for %arg3 = %c0_i32 to %arg0 step %c1_i32  : i32 {
      %5 = ttg.local_alloc %arg1 {ttg.partition = array<i32: 0>} : (tensor<128x64xf16, #blocked1>) -> !ttg.memdesc<128x64xf16, #shared, #smem>
      %6 = tt.descriptor_load %arg2[%arg3, %arg3] {ttg.partition = array<i32: 2>} : !tt.tensordesc<tensor<64x128xf16, #shared>> -> tensor<64x128xf16, #blocked1>
      %7 = arith.addf %6, %6 {ttg.partition = array<i32: 0>} : tensor<64x128xf16, #blocked1>
      %8 = ttg.local_alloc %7 {ttg.partition = array<i32: 0>} : (tensor<64x128xf16, #blocked1>) -> !ttg.memdesc<64x128xf16, #shared, #smem>
      %9 = nvws.semaphore.buffer %0, %2 {ttg.partition = array<i32: 1>} : <[!ttg.memdesc<1x128x128xf32, #tmem, #ttng.tensor_memory, mutable>]>, !ttg.async.token -> !ttg.memdesc<128x128xf32, #tmem, #ttng.tensor_memory, mutable, 1x128x128>
      %10 = ttng.tc_gen5_mma %5, %8, %9[], %true, %true {ttg.partition = array<i32: 1>} : !ttg.memdesc<128x64xf16, #shared, #smem>, !ttg.memdesc<64x128xf16, #shared, #smem>, !ttg.memdesc<128x128xf32, #tmem, #ttng.tensor_memory, mutable, 1x128x128>
    } {tt.num_stages = 2 : i32, tt.warp_specialize, ttg.partition = array<i32: 0, 1, 2>, ttg.partition.outputs = [], ttg.partition.stages = [0 : i32, 1 : i32, 0 : i32], ttg.warp_specialize.tag = 18 : i32}
    nvws.semaphore.release %1, %2 [#nvws.async_op<tc5mma>] {ttg.partition = array<i32: 1>, ttg.warp_specialize.tag = 18 : i32} : <[!ttg.memdesc<1x128x128xf32, #tmem, #ttng.tensor_memory, mutable>]>, !ttg.async.token
    %3 = nvws.semaphore.acquire %1 : <[!ttg.memdesc<1x128x128xf32, #tmem, #ttng.tensor_memory, mutable>]> -> !ttg.async.token
    %4 = nvws.semaphore.buffer %1, %3 : <[!ttg.memdesc<1x128x128xf32, #tmem, #ttng.tensor_memory, mutable>]>, !ttg.async.token -> !ttg.memdesc<128x128xf32, #tmem, #ttng.tensor_memory, mutable, 1x128x128>
    %result_0, %token = ttng.tmem_load %4[] : !ttg.memdesc<128x128xf32, #tmem, #ttng.tensor_memory, mutable, 1x128x128> -> tensor<128x128xf32, #blocked>
    nvws.semaphore.release %0, %3 [#nvws.async_op<none>] : <[!ttg.memdesc<1x128x128xf32, #tmem, #ttng.tensor_memory, mutable>]>, !ttg.async.token
    tt.return
  }
  tt.func @shmem_sink_iterator_invalidation(%arg0: i32, %arg1: i32, %arg2: i32, %arg3: !tt.tensordesc<tensor<128x64xf16, #shared>>, %arg4: !tt.tensordesc<tensor<128x64xf16, #shared>>) {
    %cst = arith.constant dense<0.000000e+00> : tensor<128x128xf32, #blocked>
    %c64_i32 = arith.constant 64 : i32
    %c1_i32 = arith.constant 1 : i32
    %c0_i32 = arith.constant 0 : i32
    %true = arith.constant true
    %result = ttng.tmem_alloc : () -> !ttg.memdesc<1x128x128xf32, #tmem, #ttng.tensor_memory, mutable>
    %0 = nvws.semaphore.create %result true {nvws.dag_pending_count = 1 : i32} : <[!ttg.memdesc<1x128x128xf32, #tmem, #ttng.tensor_memory, mutable>]>
    %1 = nvws.semaphore.create %result false {nvws.dag_pending_count = 1 : i32} : <[!ttg.memdesc<1x128x128xf32, #tmem, #ttng.tensor_memory, mutable>]>
    %2 = nvws.semaphore.acquire %0 : <[!ttg.memdesc<1x128x128xf32, #tmem, #ttng.tensor_memory, mutable>]> -> !ttg.async.token
    %3 = nvws.semaphore.buffer %0, %2 : <[!ttg.memdesc<1x128x128xf32, #tmem, #ttng.tensor_memory, mutable>]>, !ttg.async.token -> !ttg.memdesc<128x128xf32, #tmem, #ttng.tensor_memory, mutable, 1x128x128>
    %4 = ttng.tmem_store %cst, %3[], %true : tensor<128x128xf32, #blocked> -> !ttg.memdesc<128x128xf32, #tmem, #ttng.tensor_memory, mutable, 1x128x128>
    %result_0 = ttng.tmem_alloc : () -> !ttg.memdesc<1x128x64xf16, #tmem1, #ttng.tensor_memory, mutable>
    %5 = nvws.semaphore.create %result_0 true {nvws.dag_pending_count = 1 : i32} : <[!ttg.memdesc<1x128x64xf16, #tmem1, #ttng.tensor_memory, mutable>]>
    %6 = nvws.semaphore.create %result_0 false {nvws.dag_pending_count = 1 : i32} : <[!ttg.memdesc<1x128x64xf16, #tmem1, #ttng.tensor_memory, mutable>]>
    %7 = nvws.semaphore.acquire %5 {ttg.partition = array<i32: 0>, ttg.warp_specialize.tag = 19 : i32} : <[!ttg.memdesc<1x128x64xf16, #tmem1, #ttng.tensor_memory, mutable>]> -> !ttg.async.token
    %8 = scf.for %arg5 = %c0_i32 to %arg0 step %c1_i32 iter_args(%arg6 = %7) -> (!ttg.async.token)  : i32 {
      %11 = arith.muli %arg5, %c64_i32 {ttg.partition = array<i32: 2>} : i32
      %12 = tt.descriptor_load %arg4[%arg2, %11] {ttg.partition = array<i32: 2>} : !tt.tensordesc<tensor<128x64xf16, #shared>> -> tensor<128x64xf16, #blocked1>
      %13 = tt.descriptor_load %arg3[%arg1, %11] {ttg.partition = array<i32: 2>} : !tt.tensordesc<tensor<128x64xf16, #shared>> -> tensor<128x64xf16, #blocked1>
      %14 = ttg.local_alloc %13 {ttg.partition = array<i32: 2>} : (tensor<128x64xf16, #blocked1>) -> !ttg.memdesc<128x64xf16, #shared, #smem>
      %15 = ttg.local_load %14 {ttg.partition = array<i32: 0>} : !ttg.memdesc<128x64xf16, #shared, #smem> -> tensor<128x64xf16, #blocked2>
      %16 = ttg.local_alloc %12 {ttg.partition = array<i32: 2>} : (tensor<128x64xf16, #blocked1>) -> !ttg.memdesc<128x64xf16, #shared, #smem>
      %17 = ttg.memdesc_trans %16 {order = array<i32: 1, 0>, ttg.partition = array<i32: 1>} : !ttg.memdesc<128x64xf16, #shared, #smem> -> !ttg.memdesc<64x128xf16, #shared1, #smem>
      %18 = nvws.semaphore.buffer %5, %arg6 {ttg.partition = array<i32: 0>} : <[!ttg.memdesc<1x128x64xf16, #tmem1, #ttng.tensor_memory, mutable>]>, !ttg.async.token -> !ttg.memdesc<128x64xf16, #tmem1, #ttng.tensor_memory, mutable, 1x128x64>
      %true_2 = arith.constant {ttg.partition = array<i32: 0>} true
      ttng.tmem_store %15, %18, %true_2 {ttg.partition = array<i32: 0>} : tensor<128x64xf16, #blocked2> -> !ttg.memdesc<128x64xf16, #tmem1, #ttng.tensor_memory, mutable, 1x128x64>
      nvws.semaphore.release %6, %arg6 [#nvws.async_op<none>] {ttg.partition = array<i32: 0>} : <[!ttg.memdesc<1x128x64xf16, #tmem1, #ttng.tensor_memory, mutable>]>, !ttg.async.token
      %19 = nvws.semaphore.buffer %0, %2 {ttg.partition = array<i32: 1>} : <[!ttg.memdesc<1x128x128xf32, #tmem, #ttng.tensor_memory, mutable>]>, !ttg.async.token -> !ttg.memdesc<128x128xf32, #tmem, #ttng.tensor_memory, mutable, 1x128x128>
      %20 = nvws.semaphore.acquire %6 {ttg.partition = array<i32: 1>} : <[!ttg.memdesc<1x128x64xf16, #tmem1, #ttng.tensor_memory, mutable>]> -> !ttg.async.token
      %21 = nvws.semaphore.buffer %6, %20 {ttg.partition = array<i32: 1>} : <[!ttg.memdesc<1x128x64xf16, #tmem1, #ttng.tensor_memory, mutable>]>, !ttg.async.token -> !ttg.memdesc<128x64xf16, #tmem1, #ttng.tensor_memory, mutable, 1x128x64>
      %22 = ttng.tc_gen5_mma %21, %17, %19[], %true, %true {ttg.partition = array<i32: 1>} : !ttg.memdesc<128x64xf16, #tmem1, #ttng.tensor_memory, mutable, 1x128x64>, !ttg.memdesc<64x128xf16, #shared1, #smem>, !ttg.memdesc<128x128xf32, #tmem, #ttng.tensor_memory, mutable, 1x128x128>
      nvws.semaphore.release %5, %20 [#nvws.async_op<tc5mma>] {ttg.partition = array<i32: 1>} : <[!ttg.memdesc<1x128x64xf16, #tmem1, #ttng.tensor_memory, mutable>]>, !ttg.async.token
      %23 = nvws.semaphore.acquire %5 {ttg.partition = array<i32: 0>} : <[!ttg.memdesc<1x128x64xf16, #tmem1, #ttng.tensor_memory, mutable>]> -> !ttg.async.token
      scf.yield {ttg.partition = array<i32: 0, 1, 2>} %23 : !ttg.async.token
    } {tt.num_stages = 2 : i32, tt.warp_specialize, ttg.partition = array<i32: 0, 1, 2>, ttg.partition.outputs = [array<i32: 0>], ttg.partition.stages = [0 : i32, 1 : i32, 0 : i32], ttg.warp_specialize.tag = 19 : i32}
    nvws.semaphore.release %1, %2 [#nvws.async_op<tc5mma>] {ttg.partition = array<i32: 1>, ttg.warp_specialize.tag = 19 : i32} : <[!ttg.memdesc<1x128x128xf32, #tmem, #ttng.tensor_memory, mutable>]>, !ttg.async.token
    %9 = nvws.semaphore.acquire %1 : <[!ttg.memdesc<1x128x128xf32, #tmem, #ttng.tensor_memory, mutable>]> -> !ttg.async.token
    %10 = nvws.semaphore.buffer %1, %9 : <[!ttg.memdesc<1x128x128xf32, #tmem, #ttng.tensor_memory, mutable>]>, !ttg.async.token -> !ttg.memdesc<128x128xf32, #tmem, #ttng.tensor_memory, mutable, 1x128x128>
    %result_1, %token = ttng.tmem_load %10[] : !ttg.memdesc<128x128xf32, #tmem, #ttng.tensor_memory, mutable, 1x128x128> -> tensor<128x128xf32, #blocked>
    nvws.semaphore.release %0, %9 [#nvws.async_op<none>] : <[!ttg.memdesc<1x128x128xf32, #tmem, #ttng.tensor_memory, mutable>]>, !ttg.async.token
    "use"(%result_1) : (tensor<128x128xf32, #blocked>) -> ()
    tt.return
  }
}

// -----
#blocked = #ttg.blocked<{sizePerThread = [1], threadsPerWarp = [32], warpsPerCTA = [4], order = [0]}>
#shared = #ttg.swizzled_shared<{vec = 1, perPhase = 1, maxPhase = 1, order = [0]}>
#smem = #ttg.shared_memory
module attributes {"ttg.num-warps" = 4 : i32} {
  tt.func @local_smem_fanout(%arg0: i32, %arg1: i32, %arg2: i32) {
    %0 = ttg.local_alloc {buffer.id = 100 : i32} : () -> !ttg.memdesc<1x1xi32, #shared, #smem, mutable>
    %1 = nvws.semaphore.create %0 true {nvws.dag_pending_count = 2 : i32} : <[!ttg.memdesc<1x1xi32, #shared, #smem, mutable>]>
    %2 = nvws.semaphore.create %0 false {nvws.dag_pending_count = 1 : i32} : <[!ttg.memdesc<1x1xi32, #shared, #smem, mutable>]>
    %3 = nvws.semaphore.create %0 false {nvws.dag_pending_count = 1 : i32} : <[!ttg.memdesc<1x1xi32, #shared, #smem, mutable>]>
    %4 = nvws.semaphore.acquire %1 {ttg.partition = array<i32: 0>, ttg.warp_specialize.tag = 0 : i32} : <[!ttg.memdesc<1x1xi32, #shared, #smem, mutable>]> -> !ttg.async.token
    %5 = scf.for %arg3 = %arg0 to %arg1 step %arg2 iter_args(%arg4 = %4) -> (!ttg.async.token)  : i32 {
      %6 = "producer"() {ttg.partition = array<i32: 0>} : () -> tensor<1xi32, #blocked>
      %7 = nvws.semaphore.buffer %1, %arg4 {ttg.partition = array<i32: 0>} : <[!ttg.memdesc<1x1xi32, #shared, #smem, mutable>]>, !ttg.async.token -> !ttg.memdesc<1xi32, #shared, #smem, mutable>
      ttg.local_store %6, %7 {ttg.partition = array<i32: 0>} : tensor<1xi32, #blocked> -> !ttg.memdesc<1xi32, #shared, #smem, mutable>
      nvws.semaphore.release %2, %arg4 [#nvws.async_op<none>] {ttg.partition = array<i32: 0>} : <[!ttg.memdesc<1x1xi32, #shared, #smem, mutable>]>, !ttg.async.token
      nvws.semaphore.release %3, %arg4 [#nvws.async_op<none>] {ttg.partition = array<i32: 0>} : <[!ttg.memdesc<1x1xi32, #shared, #smem, mutable>]>, !ttg.async.token
      %8 = nvws.semaphore.acquire %2 {ttg.partition = array<i32: 1>} : <[!ttg.memdesc<1x1xi32, #shared, #smem, mutable>]> -> !ttg.async.token
      %9 = nvws.semaphore.buffer %2, %8 {ttg.partition = array<i32: 1>} : <[!ttg.memdesc<1x1xi32, #shared, #smem, mutable>]>, !ttg.async.token -> !ttg.memdesc<1xi32, #shared, #smem, mutable>
      %10 = ttg.local_load %9 {ttg.partition = array<i32: 1>} : !ttg.memdesc<1xi32, #shared, #smem, mutable> -> tensor<1xi32, #blocked>
      nvws.semaphore.release %1, %8 [#nvws.async_op<none>] {ttg.partition = array<i32: 1>} : <[!ttg.memdesc<1x1xi32, #shared, #smem, mutable>]>, !ttg.async.token
      "use_b"(%10) {ttg.partition = array<i32: 1>} : (tensor<1xi32, #blocked>) -> ()
      %11 = nvws.semaphore.acquire %3 {ttg.partition = array<i32: 2>} : <[!ttg.memdesc<1x1xi32, #shared, #smem, mutable>]> -> !ttg.async.token
      %12 = nvws.semaphore.buffer %3, %11 {ttg.partition = array<i32: 2>} : <[!ttg.memdesc<1x1xi32, #shared, #smem, mutable>]>, !ttg.async.token -> !ttg.memdesc<1xi32, #shared, #smem, mutable>
      %13 = ttg.local_load %12 {ttg.partition = array<i32: 2>} : !ttg.memdesc<1xi32, #shared, #smem, mutable> -> tensor<1xi32, #blocked>
      nvws.semaphore.release %1, %11 [#nvws.async_op<none>] {ttg.partition = array<i32: 2>} : <[!ttg.memdesc<1x1xi32, #shared, #smem, mutable>]>, !ttg.async.token
      "use_c"(%13) {ttg.partition = array<i32: 2>} : (tensor<1xi32, #blocked>) -> ()
      %14 = "producer2"() {ttg.partition = array<i32: 0>} : () -> tensor<1xi32, #blocked>
      %15 = nvws.semaphore.acquire %1 {ttg.partition = array<i32: 0>} : <[!ttg.memdesc<1x1xi32, #shared, #smem, mutable>]> -> !ttg.async.token
      %16 = nvws.semaphore.buffer %1, %15 {ttg.partition = array<i32: 0>} : <[!ttg.memdesc<1x1xi32, #shared, #smem, mutable>]>, !ttg.async.token -> !ttg.memdesc<1xi32, #shared, #smem, mutable>
      ttg.local_store %14, %16 {ttg.partition = array<i32: 0>} : tensor<1xi32, #blocked> -> !ttg.memdesc<1xi32, #shared, #smem, mutable>
      scf.yield {ttg.partition = array<i32: 0, 1, 2>} %15 : !ttg.async.token
    } {tt.warp_specialize, ttg.partition = array<i32: 0, 1, 2>, ttg.partition.outputs = [array<i32: 0>], ttg.partition.stages = [0 : i32, 1 : i32, 1 : i32], ttg.warp_specialize.tag = 0 : i32}
    tt.return
  }
  tt.func @local_reg_and_smem_use(%arg0: i32, %arg1: i32, %arg2: i32) {
    %0 = ttg.local_alloc {buffer.id = 106 : i32} : () -> !ttg.memdesc<1x1xi32, #shared, #smem, mutable>
    %1 = nvws.semaphore.create %0 true {nvws.dag_pending_count = 1 : i32} : <[!ttg.memdesc<1x1xi32, #shared, #smem, mutable>]>
    %2 = nvws.semaphore.create %0 false {nvws.dag_pending_count = 1 : i32} : <[!ttg.memdesc<1x1xi32, #shared, #smem, mutable>]>
    %3 = nvws.semaphore.create %0 false {nvws.dag_pending_count = 1 : i32} : <[!ttg.memdesc<1x1xi32, #shared, #smem, mutable>]>
    %4 = nvws.semaphore.acquire %1 {ttg.partition = array<i32: 0>, ttg.warp_specialize.tag = 0 : i32} : <[!ttg.memdesc<1x1xi32, #shared, #smem, mutable>]> -> !ttg.async.token
    %5 = scf.for %arg3 = %arg0 to %arg1 step %arg2 iter_args(%arg4 = %4) -> (!ttg.async.token)  : i32 {
      %6 = "producer"() {loop.cluster = 1 : i32, loop.stage = 0 : i32, ttg.partition = array<i32: 0>} : () -> tensor<1xi32, #blocked>
      %7 = nvws.semaphore.buffer %1, %arg4 {loop.cluster = 1 : i32, loop.stage = 0 : i32, ttg.partition = array<i32: 0>} : <[!ttg.memdesc<1x1xi32, #shared, #smem, mutable>]>, !ttg.async.token -> !ttg.memdesc<1xi32, #shared, #smem, mutable>
      ttg.local_store %6, %7 {loop.cluster = 1 : i32, loop.stage = 0 : i32, ttg.partition = array<i32: 0>} : tensor<1xi32, #blocked> -> !ttg.memdesc<1xi32, #shared, #smem, mutable>
      nvws.semaphore.release %2, %arg4 [#nvws.async_op<none>] {loop.cluster = 1 : i32, loop.stage = 0 : i32, ttg.partition = array<i32: 0>} : <[!ttg.memdesc<1x1xi32, #shared, #smem, mutable>]>, !ttg.async.token
      %8 = nvws.semaphore.acquire %2 {loop.cluster = 0 : i32, loop.stage = 1 : i32, ttg.partition = array<i32: 1>} : <[!ttg.memdesc<1x1xi32, #shared, #smem, mutable>]> -> !ttg.async.token
      %9 = nvws.semaphore.buffer %2, %8 {loop.cluster = 0 : i32, loop.stage = 1 : i32, ttg.partition = array<i32: 1>} : <[!ttg.memdesc<1x1xi32, #shared, #smem, mutable>]>, !ttg.async.token -> !ttg.memdesc<1xi32, #shared, #smem, mutable>
      %10 = ttg.local_load %9 {loop.cluster = 0 : i32, loop.stage = 1 : i32, ttg.partition = array<i32: 1>} : !ttg.memdesc<1xi32, #shared, #smem, mutable> -> tensor<1xi32, #blocked>
      nvws.semaphore.release %3, %8 [#nvws.async_op<none>] {loop.cluster = 0 : i32, loop.stage = 1 : i32, ttg.partition = array<i32: 1>} : <[!ttg.memdesc<1x1xi32, #shared, #smem, mutable>]>, !ttg.async.token
      "use_reg"(%10) {loop.cluster = 0 : i32, loop.stage = 1 : i32, ttg.partition = array<i32: 1>} : (tensor<1xi32, #blocked>) -> ()
      %11 = nvws.semaphore.acquire %3 {loop.cluster = 0 : i32, loop.stage = 1 : i32, ttg.partition = array<i32: 2>} : <[!ttg.memdesc<1x1xi32, #shared, #smem, mutable>]> -> !ttg.async.token
      %12 = nvws.semaphore.buffer %3, %11 {loop.cluster = 0 : i32, loop.stage = 1 : i32, ttg.partition = array<i32: 2>} : <[!ttg.memdesc<1x1xi32, #shared, #smem, mutable>]>, !ttg.async.token -> !ttg.memdesc<1xi32, #shared, #smem, mutable>
      "use_smem"(%12) {loop.cluster = 0 : i32, loop.stage = 1 : i32, ttg.partition = array<i32: 2>} : (!ttg.memdesc<1xi32, #shared, #smem, mutable>) -> ()
      nvws.semaphore.release %1, %11 [#nvws.async_op<none>] {loop.cluster = 0 : i32, loop.stage = 1 : i32, ttg.partition = array<i32: 2>} : <[!ttg.memdesc<1x1xi32, #shared, #smem, mutable>]>, !ttg.async.token
      %13 = nvws.semaphore.acquire %1 {loop.cluster = 1 : i32, loop.stage = 0 : i32, ttg.partition = array<i32: 0>} : <[!ttg.memdesc<1x1xi32, #shared, #smem, mutable>]> -> !ttg.async.token
      scf.yield {ttg.partition = array<i32: 0, 1, 2>} %13 : !ttg.async.token
    } {tt.num_stages = 2 : i32, tt.scheduled_max_stage = 1 : i32, tt.warp_specialize, ttg.partition = array<i32: 0, 1, 2>, ttg.partition.outputs = [array<i32: 0>], ttg.partition.stages = [0 : i32, 1 : i32, 1 : i32], ttg.warp_specialize.tag = 0 : i32}
    tt.return
  }
  tt.func @local_same_owner_no_semaphore() {
    %0 = ttg.local_alloc {buffer.id = 101 : i32} : () -> !ttg.memdesc<1xi32, #shared, #smem, mutable>
    %1 = "producer"() {ttg.partition = array<i32: 0>} : () -> tensor<1xi32, #blocked>
    ttg.local_store %1, %0 {ttg.partition = array<i32: 0>} : tensor<1xi32, #blocked> -> !ttg.memdesc<1xi32, #shared, #smem, mutable>
    %2 = ttg.local_load %0 {ttg.partition = array<i32: 0>} : !ttg.memdesc<1xi32, #shared, #smem, mutable> -> tensor<1xi32, #blocked>
    "use"(%2) {ttg.partition = array<i32: 0>} : (tensor<1xi32, #blocked>) -> ()
    tt.return
  }
  tt.func @local_loop_carried_and_result(%arg0: i32, %arg1: i32, %arg2: i32, %arg3: tensor<1xi32, #blocked>) {
    %0 = ttg.local_alloc {buffer.id = 104 : i32} : () -> !ttg.memdesc<1x1xi32, #shared, #smem, mutable>
    %1 = nvws.semaphore.create %0 true {nvws.dag_pending_count = 1 : i32} : <[!ttg.memdesc<1x1xi32, #shared, #smem, mutable>]>
    %2 = nvws.semaphore.create %0 false {nvws.dag_pending_count = 1 : i32} : <[!ttg.memdesc<1x1xi32, #shared, #smem, mutable>]>
    %3 = ttg.local_alloc {buffer.id = 105 : i32} : () -> !ttg.memdesc<1x1xi32, #shared, #smem, mutable>
    %4 = nvws.semaphore.create %3 true {nvws.dag_pending_count = 1 : i32} : <[!ttg.memdesc<1x1xi32, #shared, #smem, mutable>]>
    %5 = nvws.semaphore.create %3 false {nvws.dag_pending_count = 1 : i32} : <[!ttg.memdesc<1x1xi32, #shared, #smem, mutable>]>
    %6 = nvws.semaphore.acquire %1 {ttg.partition = array<i32: 0>, ttg.warp_specialize.tag = 0 : i32} : <[!ttg.memdesc<1x1xi32, #shared, #smem, mutable>]> -> !ttg.async.token
    %7:2 = scf.for %arg4 = %arg0 to %arg1 step %arg2 iter_args(%arg5 = %arg3, %arg6 = %6) -> (tensor<1xi32, #blocked>, !ttg.async.token)  : i32 {
      %13 = nvws.semaphore.buffer %1, %arg6 {loop.cluster = 1 : i32, loop.stage = 0 : i32, ttg.partition = array<i32: 0>} : <[!ttg.memdesc<1x1xi32, #shared, #smem, mutable>]>, !ttg.async.token -> !ttg.memdesc<1xi32, #shared, #smem, mutable>
      ttg.local_store %arg5, %13 {loop.cluster = 1 : i32, loop.stage = 0 : i32, ttg.partition = array<i32: 0>} : tensor<1xi32, #blocked> -> !ttg.memdesc<1xi32, #shared, #smem, mutable>
      nvws.semaphore.release %2, %arg6 [#nvws.async_op<none>] {loop.cluster = 1 : i32, loop.stage = 0 : i32, ttg.partition = array<i32: 0>} : <[!ttg.memdesc<1x1xi32, #shared, #smem, mutable>]>, !ttg.async.token
      %14 = nvws.semaphore.acquire %2 {loop.cluster = 0 : i32, loop.stage = 1 : i32, ttg.partition = array<i32: 1>} : <[!ttg.memdesc<1x1xi32, #shared, #smem, mutable>]> -> !ttg.async.token
      %15 = nvws.semaphore.buffer %2, %14 {loop.cluster = 0 : i32, loop.stage = 1 : i32, ttg.partition = array<i32: 1>} : <[!ttg.memdesc<1x1xi32, #shared, #smem, mutable>]>, !ttg.async.token -> !ttg.memdesc<1xi32, #shared, #smem, mutable>
      %16 = ttg.local_load %15 {loop.cluster = 0 : i32, loop.stage = 1 : i32, ttg.partition = array<i32: 1>} : !ttg.memdesc<1xi32, #shared, #smem, mutable> -> tensor<1xi32, #blocked>
      nvws.semaphore.release %1, %14 [#nvws.async_op<none>] {loop.cluster = 0 : i32, loop.stage = 1 : i32, ttg.partition = array<i32: 1>} : <[!ttg.memdesc<1x1xi32, #shared, #smem, mutable>]>, !ttg.async.token
      "use_iter"(%16) {loop.cluster = 0 : i32, loop.stage = 1 : i32, ttg.partition = array<i32: 1>} : (tensor<1xi32, #blocked>) -> ()
      %17 = "next"(%arg5) {loop.cluster = 1 : i32, loop.stage = 0 : i32, ttg.partition = array<i32: 0>} : (tensor<1xi32, #blocked>) -> tensor<1xi32, #blocked>
      %18 = nvws.semaphore.acquire %1 {loop.cluster = 1 : i32, loop.stage = 0 : i32, ttg.partition = array<i32: 0>} : <[!ttg.memdesc<1x1xi32, #shared, #smem, mutable>]> -> !ttg.async.token
      scf.yield {ttg.partition = array<i32: 0, 1>} %17, %18 : tensor<1xi32, #blocked>, !ttg.async.token
    } {tt.num_stages = 2 : i32, tt.scheduled_max_stage = 1 : i32, tt.warp_specialize, ttg.partition = array<i32: 0, 1>, ttg.partition.outputs = [array<i32: 0>, array<i32: 0>], ttg.partition.stages = [0 : i32, 1 : i32], ttg.warp_specialize.tag = 0 : i32}
    %8 = nvws.semaphore.acquire %4 {ttg.partition = array<i32: 0>, ttg.warp_specialize.tag = 0 : i32} : <[!ttg.memdesc<1x1xi32, #shared, #smem, mutable>]> -> !ttg.async.token
    %9 = nvws.semaphore.buffer %4, %8 {ttg.partition = array<i32: 0>, ttg.warp_specialize.tag = 0 : i32} : <[!ttg.memdesc<1x1xi32, #shared, #smem, mutable>]>, !ttg.async.token -> !ttg.memdesc<1xi32, #shared, #smem, mutable>
    ttg.local_store %7#0, %9 {ttg.partition = array<i32: 0>, ttg.warp_specialize.tag = 0 : i32} : tensor<1xi32, #blocked> -> !ttg.memdesc<1xi32, #shared, #smem, mutable>
    nvws.semaphore.release %5, %8 [#nvws.async_op<none>] {ttg.partition = array<i32: 0>, ttg.warp_specialize.tag = 0 : i32} : <[!ttg.memdesc<1x1xi32, #shared, #smem, mutable>]>, !ttg.async.token
    %10 = nvws.semaphore.acquire %5 {ttg.partition = array<i32: 1>, ttg.warp_specialize.tag = 0 : i32} : <[!ttg.memdesc<1x1xi32, #shared, #smem, mutable>]> -> !ttg.async.token
    %11 = nvws.semaphore.buffer %5, %10 {ttg.partition = array<i32: 1>, ttg.warp_specialize.tag = 0 : i32} : <[!ttg.memdesc<1x1xi32, #shared, #smem, mutable>]>, !ttg.async.token -> !ttg.memdesc<1xi32, #shared, #smem, mutable>
    %12 = ttg.local_load %11 {ttg.partition = array<i32: 1>, ttg.warp_specialize.tag = 0 : i32} : !ttg.memdesc<1xi32, #shared, #smem, mutable> -> tensor<1xi32, #blocked>
    nvws.semaphore.release %4, %10 [#nvws.async_op<none>] {ttg.partition = array<i32: 1>, ttg.warp_specialize.tag = 0 : i32} : <[!ttg.memdesc<1x1xi32, #shared, #smem, mutable>]>, !ttg.async.token
    "use_result"(%12) {ttg.partition = array<i32: 1>, ttg.warp_specialize.tag = 0 : i32} : (tensor<1xi32, #blocked>) -> ()
    tt.return
  }
}

// -----
#blocked = #ttg.blocked<{sizePerThread = [1, 128], threadsPerWarp = [32, 1], warpsPerCTA = [4, 1], order = [0, 1]}>
#linear = #ttg.linear<{register = [[0, 1], [0, 2], [32, 0], [64, 0], [0, 4]], lane = [[1, 0], [2, 0], [4, 0], [8, 0], [16, 0]], warp = [[0, 0], [0, 0]], block = []}>
#shared = #ttg.nvmma_shared<{swizzlingByteWidth = 128, transposed = false, elementBitWidth = 16}>
#shared1 = #ttg.nvmma_shared<{swizzlingByteWidth = 128, transposed = true, elementBitWidth = 16}>
#smem = #ttg.shared_memory
#tmem = #ttng.tensor_memory_encoding<blockM = 128, blockN = 128, colStride = 1>
module attributes {"ttg.num-warps" = 4 : i32, ttg.target = "cuda:100"} {
  tt.func @local_release_after_mma(%arg0: !tt.tensordesc<tensor<128x64xf16, #shared>>, %arg1: !ttg.memdesc<64x128xf16, #shared1, #smem>, %arg2: i32, %arg3: i32, %arg4: i32, %arg5: i32) {
    %true = arith.constant true
    %result, %token = ttng.tmem_alloc : () -> (!ttg.memdesc<128x128xf32, #tmem, #ttng.tensor_memory, mutable>, !ttg.async.token)
    %0 = ttg.local_alloc {buffer.id = 102 : i32} : () -> !ttg.memdesc<1x128x64xf16, #shared, #smem, mutable>
    %1 = nvws.semaphore.create %0 true {nvws.dag_pending_count = 1 : i32} : <[!ttg.memdesc<1x128x64xf16, #shared, #smem, mutable>]>
    %2 = nvws.semaphore.create %0 false {nvws.dag_pending_count = 1 : i32} : <[!ttg.memdesc<1x128x64xf16, #shared, #smem, mutable>]>
    %3 = nvws.semaphore.acquire %1 {ttg.partition = array<i32: 0>, ttg.warp_specialize.tag = 0 : i32} : <[!ttg.memdesc<1x128x64xf16, #shared, #smem, mutable>]> -> !ttg.async.token
    %4 = scf.for %arg6 = %arg3 to %arg4 step %arg5 iter_args(%arg7 = %3) -> (!ttg.async.token)  : i32 {
      %5 = nvws.semaphore.buffer %1, %arg7 {loop.cluster = 1 : i32, loop.stage = 0 : i32, ttg.partition = array<i32: 0>} : <[!ttg.memdesc<1x128x64xf16, #shared, #smem, mutable>]>, !ttg.async.token -> !ttg.memdesc<128x64xf16, #shared, #smem, mutable>
      nvws.descriptor_load %arg0[%arg2, %arg2] 16384 %5 {loop.cluster = 1 : i32, loop.stage = 0 : i32, ttg.partition = array<i32: 0>} : !tt.tensordesc<tensor<128x64xf16, #shared>>, i32, i32, !ttg.memdesc<128x64xf16, #shared, #smem, mutable>
      nvws.semaphore.release %2, %arg7 [#nvws.async_op<tma_load>] {loop.cluster = 1 : i32, loop.stage = 0 : i32, ttg.partition = array<i32: 0>} : <[!ttg.memdesc<1x128x64xf16, #shared, #smem, mutable>]>, !ttg.async.token
      %6 = nvws.semaphore.acquire %2 {loop.cluster = 0 : i32, loop.stage = 1 : i32, ttg.partition = array<i32: 1>} : <[!ttg.memdesc<1x128x64xf16, #shared, #smem, mutable>]> -> !ttg.async.token
      %7 = nvws.semaphore.buffer %2, %6 {loop.cluster = 0 : i32, loop.stage = 1 : i32, ttg.partition = array<i32: 1>} : <[!ttg.memdesc<1x128x64xf16, #shared, #smem, mutable>]>, !ttg.async.token -> !ttg.memdesc<128x64xf16, #shared, #smem, mutable>
      %8 = ttng.tc_gen5_mma %7, %arg1, %result[%token], %true, %true {loop.cluster = 0 : i32, loop.stage = 1 : i32, ttg.partition = array<i32: 1>} : !ttg.memdesc<128x64xf16, #shared, #smem, mutable>, !ttg.memdesc<64x128xf16, #shared1, #smem>, !ttg.memdesc<128x128xf32, #tmem, #ttng.tensor_memory, mutable>
      nvws.semaphore.release %1, %6 [#nvws.async_op<tc5mma>] {loop.cluster = 0 : i32, loop.stage = 1 : i32, ttg.partition = array<i32: 1>} : <[!ttg.memdesc<1x128x64xf16, #shared, #smem, mutable>]>, !ttg.async.token
      %9 = nvws.semaphore.acquire %1 {loop.cluster = 1 : i32, loop.stage = 0 : i32, ttg.partition = array<i32: 0>} : <[!ttg.memdesc<1x128x64xf16, #shared, #smem, mutable>]> -> !ttg.async.token
      scf.yield {ttg.partition = array<i32: 0, 1>} %9 : !ttg.async.token
    } {tt.num_stages = 2 : i32, tt.scheduled_max_stage = 1 : i32, tt.warp_specialize, ttg.partition = array<i32: 0, 1>, ttg.partition.outputs = [array<i32: 0>], ttg.partition.stages = [0 : i32, 1 : i32], ttg.warp_specialize.tag = 0 : i32}
    tt.return
  }
  tt.func @local_release_after_descriptor_store(%arg0: !tt.tensordesc<tensor<128x128xf16, #shared>>, %arg1: i32, %arg2: i32, %arg3: i32, %arg4: i32) {
    %c0_i32 = arith.constant 0 : i32
    %0 = ttg.local_alloc {buffer.id = 103 : i32} : () -> !ttg.memdesc<1x128x128xf16, #shared, #smem, mutable>
    %1 = nvws.semaphore.create %0 true {nvws.dag_pending_count = 1 : i32} : <[!ttg.memdesc<1x128x128xf16, #shared, #smem, mutable>]>
    %2 = nvws.semaphore.create %0 false {nvws.dag_pending_count = 1 : i32} : <[!ttg.memdesc<1x128x128xf16, #shared, #smem, mutable>]>
    %3 = nvws.semaphore.acquire %1 {ttg.partition = array<i32: 0>, ttg.warp_specialize.tag = 0 : i32} : <[!ttg.memdesc<1x128x128xf16, #shared, #smem, mutable>]> -> !ttg.async.token
    %4 = scf.for %arg5 = %arg2 to %arg3 step %arg4 iter_args(%arg6 = %3) -> (!ttg.async.token)  : i32 {
      %5 = "producer"() {loop.cluster = 1 : i32, loop.stage = 0 : i32, ttg.partition = array<i32: 0>} : () -> tensor<128x128xf16, #linear>
      %6 = nvws.semaphore.buffer %1, %arg6 {loop.cluster = 1 : i32, loop.stage = 0 : i32, ttg.partition = array<i32: 0>} : <[!ttg.memdesc<1x128x128xf16, #shared, #smem, mutable>]>, !ttg.async.token -> !ttg.memdesc<128x128xf16, #shared, #smem, mutable>
      ttg.local_store %5, %6 {loop.cluster = 1 : i32, loop.stage = 0 : i32, ttg.partition = array<i32: 0>} : tensor<128x128xf16, #linear> -> !ttg.memdesc<128x128xf16, #shared, #smem, mutable>
      nvws.semaphore.release %2, %arg6 [#nvws.async_op<none>] {loop.cluster = 1 : i32, loop.stage = 0 : i32, ttg.partition = array<i32: 0>} : <[!ttg.memdesc<1x128x128xf16, #shared, #smem, mutable>]>, !ttg.async.token
      %7 = nvws.semaphore.acquire %2 {loop.cluster = 0 : i32, loop.stage = 1 : i32, ttg.partition = array<i32: 1>} : <[!ttg.memdesc<1x128x128xf16, #shared, #smem, mutable>]> -> !ttg.async.token
      %8 = nvws.semaphore.buffer %2, %7 {loop.cluster = 0 : i32, loop.stage = 1 : i32, ttg.partition = array<i32: 1>} : <[!ttg.memdesc<1x128x128xf16, #shared, #smem, mutable>]>, !ttg.async.token -> !ttg.memdesc<128x128xf16, #shared, #smem, mutable>
      %9 = ttg.local_load %8 {loop.cluster = 0 : i32, loop.stage = 1 : i32, ttg.partition = array<i32: 1>} : !ttg.memdesc<128x128xf16, #shared, #smem, mutable> -> tensor<128x128xf16, #linear>
      nvws.semaphore.release %1, %7 [#nvws.async_op<none>] {loop.cluster = 0 : i32, loop.stage = 1 : i32, ttg.partition = array<i32: 1>} : <[!ttg.memdesc<1x128x128xf16, #shared, #smem, mutable>]>, !ttg.async.token
      %10 = ttg.convert_layout %9 {loop.cluster = 0 : i32, loop.stage = 1 : i32, ttg.partition = array<i32: 1>} : tensor<128x128xf16, #linear> -> tensor<128x128xf16, #blocked>
      tt.descriptor_store %arg0[%arg1, %c0_i32], %10 {loop.cluster = 0 : i32, loop.stage = 1 : i32, ttg.partition = array<i32: 1>} : !tt.tensordesc<tensor<128x128xf16, #shared>>, tensor<128x128xf16, #blocked>
      %11 = nvws.semaphore.acquire %1 {loop.cluster = 1 : i32, loop.stage = 0 : i32, ttg.partition = array<i32: 0>} : <[!ttg.memdesc<1x128x128xf16, #shared, #smem, mutable>]> -> !ttg.async.token
      scf.yield {ttg.partition = array<i32: 0, 1>} %11 : !ttg.async.token
    } {tt.num_stages = 2 : i32, tt.scheduled_max_stage = 1 : i32, tt.warp_specialize, ttg.partition = array<i32: 0, 1>, ttg.partition.outputs = [array<i32: 0>], ttg.partition.stages = [0 : i32, 1 : i32], ttg.warp_specialize.tag = 0 : i32}
    tt.return
  }
}

// -----
#blocked = #ttg.blocked<{sizePerThread = [1, 64], threadsPerWarp = [32, 1], warpsPerCTA = [4, 1], order = [0, 1]}>
#blocked1 = #ttg.blocked<{sizePerThread = [1, 1], threadsPerWarp = [1, 32], warpsPerCTA = [2, 2], order = [1, 0]}>
#shared = #ttg.nvmma_shared<{swizzlingByteWidth = 128, transposed = false, elementBitWidth = 16}>
#shared1 = #ttg.nvmma_shared<{swizzlingByteWidth = 128, transposed = true, elementBitWidth = 16}>
#smem = #ttg.shared_memory
#tmem = #ttng.tensor_memory_encoding<blockM = 128, blockN = 64, colStride = 1>
module attributes {"ttg.num-warps" = 4 : i32, ttg.target = "cuda:100"} {
  tt.func public @attention_forward(%arg0: !ttg.memdesc<256x64xf16, #shared, #smem>, %arg1: !tt.tensordesc<tensor<64x64xf16, #shared>>, %arg2: !tt.tensordesc<tensor<64x64xf16, #shared>>, %arg3: f32, %arg4: i32) {
    %cst = arith.constant dense<1.000000e+00> : tensor<256xf32, #ttg.slice<{dim = 1, parent = #blocked}>>
    %cst_0 = arith.constant dense<0.000000e+00> : tensor<256x64xf32, #blocked>
    %cst_1 = arith.constant dense<0xFF800000> : tensor<256xf32, #ttg.slice<{dim = 1, parent = #blocked}>>
    %c64_i32 = arith.constant 64 : i32
    %c0_i32 = arith.constant 0 : i32
    %false = arith.constant false
    %true = arith.constant true
    %result = ttng.tmem_alloc : () -> !ttg.memdesc<2x256x64xf32, #tmem, #ttng.tensor_memory, mutable>
    %0 = nvws.semaphore.create %result true {nvws.dag_pending_count = 1 : i32} : <[!ttg.memdesc<2x256x64xf32, #tmem, #ttng.tensor_memory, mutable>]>
    %1 = nvws.semaphore.create %result false {nvws.dag_pending_count = 1 : i32} : <[!ttg.memdesc<2x256x64xf32, #tmem, #ttng.tensor_memory, mutable>]>
    %result_2 = ttng.tmem_alloc : () -> !ttg.memdesc<1x256x64xf32, #tmem, #ttng.tensor_memory, mutable>
    %2 = nvws.semaphore.create %result_2 true {nvws.dag_pending_count = 1 : i32} : <[!ttg.memdesc<1x256x64xf32, #tmem, #ttng.tensor_memory, mutable>]>
    %3 = nvws.semaphore.create %result_2 false {nvws.dag_pending_count = 1 : i32} : <[!ttg.memdesc<1x256x64xf32, #tmem, #ttng.tensor_memory, mutable>]>
    %4 = nvws.semaphore.create %result_2 false {nvws.dag_pending_count = 1 : i32} : <[!ttg.memdesc<1x256x64xf32, #tmem, #ttng.tensor_memory, mutable>]>
    %5 = nvws.semaphore.acquire %2 : <[!ttg.memdesc<1x256x64xf32, #tmem, #ttng.tensor_memory, mutable>]> -> !ttg.async.token
    %6 = nvws.semaphore.buffer %2, %5 : <[!ttg.memdesc<1x256x64xf32, #tmem, #ttng.tensor_memory, mutable>]>, !ttg.async.token -> !ttg.memdesc<256x64xf32, #tmem, #ttng.tensor_memory, mutable, 1x256x64>
    %7 = ttng.tmem_store %cst_0, %6[], %true : tensor<256x64xf32, #blocked> -> !ttg.memdesc<256x64xf32, #tmem, #ttng.tensor_memory, mutable, 1x256x64>
    %result_3 = ttng.tmem_alloc : () -> !ttg.memdesc<1x256x64xf16, #tmem, #ttng.tensor_memory, mutable>
    %8 = nvws.semaphore.create %result_3 true {nvws.dag_pending_count = 1 : i32} : <[!ttg.memdesc<1x256x64xf16, #tmem, #ttng.tensor_memory, mutable>]>
    %9 = nvws.semaphore.create %result_3 false {nvws.dag_pending_count = 1 : i32} : <[!ttg.memdesc<1x256x64xf16, #tmem, #ttng.tensor_memory, mutable>]>
    %10 = nvws.semaphore.acquire %0 {ttg.partition = array<i32: 1>, ttg.warp_specialize.tag = 0 : i32} : <[!ttg.memdesc<2x256x64xf32, #tmem, #ttng.tensor_memory, mutable>]> -> !ttg.async.token
    %11 = nvws.semaphore.acquire %8 {ttg.partition = array<i32: 0>, ttg.warp_specialize.tag = 0 : i32} : <[!ttg.memdesc<1x256x64xf16, #tmem, #ttng.tensor_memory, mutable>]> -> !ttg.async.token
    %12:5 = scf.for %arg5 = %c0_i32 to %arg4 step %c64_i32 iter_args(%arg6 = %cst, %arg7 = %cst_1, %arg8 = %10, %arg9 = %5, %arg10 = %11) -> (tensor<256xf32, #ttg.slice<{dim = 1, parent = #blocked}>>, tensor<256xf32, #ttg.slice<{dim = 1, parent = #blocked}>>, !ttg.async.token, !ttg.async.token, !ttg.async.token)  : i32 {
      %15 = tt.descriptor_load %arg1[%arg5, %c0_i32] {ttg.partition = array<i32: 2>} : !tt.tensordesc<tensor<64x64xf16, #shared>> -> tensor<64x64xf16, #blocked1>
      %16 = ttg.local_alloc %15 {ttg.partition = array<i32: 2>} : (tensor<64x64xf16, #blocked1>) -> !ttg.memdesc<64x64xf16, #shared, #smem>
      %17 = ttg.memdesc_trans %16 {order = array<i32: 1, 0>, ttg.partition = array<i32: 1>} : !ttg.memdesc<64x64xf16, #shared, #smem> -> !ttg.memdesc<64x64xf16, #shared1, #smem>
      %18 = nvws.semaphore.buffer %0, %arg8 {ttg.partition = array<i32: 1>} : <[!ttg.memdesc<2x256x64xf32, #tmem, #ttng.tensor_memory, mutable>]>, !ttg.async.token -> !ttg.memdesc<256x64xf32, #tmem, #ttng.tensor_memory, mutable, 2x256x64>
      %19 = ttng.tc_gen5_mma %arg0, %17, %18[], %false, %true {ttg.partition = array<i32: 1>} : !ttg.memdesc<256x64xf16, #shared, #smem>, !ttg.memdesc<64x64xf16, #shared1, #smem>, !ttg.memdesc<256x64xf32, #tmem, #ttng.tensor_memory, mutable, 2x256x64>
      nvws.semaphore.release %1, %arg8 [#nvws.async_op<tc5mma>] {ttg.partition = array<i32: 1>} : <[!ttg.memdesc<2x256x64xf32, #tmem, #ttng.tensor_memory, mutable>]>, !ttg.async.token
      %20 = nvws.semaphore.acquire %1 {ttg.partition = array<i32: 0>} : <[!ttg.memdesc<2x256x64xf32, #tmem, #ttng.tensor_memory, mutable>]> -> !ttg.async.token
      %21 = nvws.semaphore.buffer %1, %20 {ttg.partition = array<i32: 0>} : <[!ttg.memdesc<2x256x64xf32, #tmem, #ttng.tensor_memory, mutable>]>, !ttg.async.token -> !ttg.memdesc<256x64xf32, #tmem, #ttng.tensor_memory, mutable, 2x256x64>
      %result_5, %token_6 = ttng.tmem_load %21[] {ttg.partition = array<i32: 0>} : !ttg.memdesc<256x64xf32, #tmem, #ttng.tensor_memory, mutable, 2x256x64> -> tensor<256x64xf32, #blocked>
      nvws.semaphore.release %0, %20 [#nvws.async_op<none>] {ttg.partition = array<i32: 0>} : <[!ttg.memdesc<2x256x64xf32, #tmem, #ttng.tensor_memory, mutable>]>, !ttg.async.token
      %22 = "compute_row_max"(%result_5, %arg3) {ttg.partition = array<i32: 0>} : (tensor<256x64xf32, #blocked>, f32) -> tensor<256xf32, #ttg.slice<{dim = 1, parent = #blocked}>>
      %23 = "sub_row_max"(%result_5, %22, %arg3) {ttg.partition = array<i32: 0>} : (tensor<256x64xf32, #blocked>, tensor<256xf32, #ttg.slice<{dim = 1, parent = #blocked}>>, f32) -> tensor<256x64xf32, #blocked>
      %24 = math.exp2 %23 {ttg.partition = array<i32: 0>} : tensor<256x64xf32, #blocked>
      %25 = arith.subf %arg7, %22 {ttg.partition = array<i32: 3>} : tensor<256xf32, #ttg.slice<{dim = 1, parent = #blocked}>>
      %26 = arith.subf %arg7, %22 {ttg.partition = array<i32: 0>} : tensor<256xf32, #ttg.slice<{dim = 1, parent = #blocked}>>
      %27 = math.exp2 %25 {ttg.partition = array<i32: 3>} : tensor<256xf32, #ttg.slice<{dim = 1, parent = #blocked}>>
      %28 = math.exp2 %26 {ttg.partition = array<i32: 0>} : tensor<256xf32, #ttg.slice<{dim = 1, parent = #blocked}>>
      %29 = "tt.reduce"(%24) <{axis = 1 : i32}> ({
      ^bb0(%arg11: f32, %arg12: f32):
        %49 = arith.addf %arg11, %arg12 {ttg.partition = array<i32: 0>} : f32
        tt.reduce.return %49 {ttg.partition = array<i32: 0>} : f32
      }) {ttg.partition = array<i32: 0>, ttg.partition.outputs = [array<i32: 0>]} : (tensor<256x64xf32, #blocked>) -> tensor<256xf32, #ttg.slice<{dim = 1, parent = #blocked}>>
      %30 = arith.mulf %arg6, %28 {ttg.partition = array<i32: 0>} : tensor<256xf32, #ttg.slice<{dim = 1, parent = #blocked}>>
      %31 = arith.addf %30, %29 {ttg.partition = array<i32: 0>} : tensor<256xf32, #ttg.slice<{dim = 1, parent = #blocked}>>
      %32 = tt.expand_dims %27 {axis = 1 : i32, ttg.partition = array<i32: 3>} : tensor<256xf32, #ttg.slice<{dim = 1, parent = #blocked}>> -> tensor<256x1xf32, #blocked>
      %33 = tt.broadcast %32 {ttg.partition = array<i32: 3>} : tensor<256x1xf32, #blocked> -> tensor<256x64xf32, #blocked>
      %34 = nvws.semaphore.buffer %2, %arg9 {ttg.partition = array<i32: 3>} : <[!ttg.memdesc<1x256x64xf32, #tmem, #ttng.tensor_memory, mutable>]>, !ttg.async.token -> !ttg.memdesc<256x64xf32, #tmem, #ttng.tensor_memory, mutable, 1x256x64>
      %result_7, %token_8 = ttng.tmem_load %34[] {ttg.partition = array<i32: 3>} : !ttg.memdesc<256x64xf32, #tmem, #ttng.tensor_memory, mutable, 1x256x64> -> tensor<256x64xf32, #blocked>
      %35 = arith.mulf %result_7, %33 {ttg.partition = array<i32: 3>} : tensor<256x64xf32, #blocked>
      %36 = tt.descriptor_load %arg2[%arg5, %c0_i32] {ttg.partition = array<i32: 2>} : !tt.tensordesc<tensor<64x64xf16, #shared>> -> tensor<64x64xf16, #blocked1>
      %37 = ttg.local_alloc %36 {ttg.partition = array<i32: 2>} : (tensor<64x64xf16, #blocked1>) -> !ttg.memdesc<64x64xf16, #shared, #smem>
      %38 = arith.truncf %24 {ttg.partition = array<i32: 0>} : tensor<256x64xf32, #blocked> to tensor<256x64xf16, #blocked>
      %39 = nvws.semaphore.buffer %8, %arg10 {ttg.partition = array<i32: 0>} : <[!ttg.memdesc<1x256x64xf16, #tmem, #ttng.tensor_memory, mutable>]>, !ttg.async.token -> !ttg.memdesc<256x64xf16, #tmem, #ttng.tensor_memory, mutable, 1x256x64>
      %true_9 = arith.constant {ttg.partition = array<i32: 0>} true
      ttng.tmem_store %38, %39, %true_9 {ttg.partition = array<i32: 0>} : tensor<256x64xf16, #blocked> -> !ttg.memdesc<256x64xf16, #tmem, #ttng.tensor_memory, mutable, 1x256x64>
      nvws.semaphore.release %9, %arg10 [#nvws.async_op<none>] {ttg.partition = array<i32: 0>} : <[!ttg.memdesc<1x256x64xf16, #tmem, #ttng.tensor_memory, mutable>]>, !ttg.async.token
      %40 = ttng.tmem_store %35, %34[], %true {ttg.partition = array<i32: 3>} : tensor<256x64xf32, #blocked> -> !ttg.memdesc<256x64xf32, #tmem, #ttng.tensor_memory, mutable, 1x256x64>
      nvws.semaphore.release %3, %arg9 [#nvws.async_op<none>] {ttg.partition = array<i32: 3>} : <[!ttg.memdesc<1x256x64xf32, #tmem, #ttng.tensor_memory, mutable>]>, !ttg.async.token
      %41 = nvws.semaphore.acquire %3 {ttg.partition = array<i32: 1>} : <[!ttg.memdesc<1x256x64xf32, #tmem, #ttng.tensor_memory, mutable>]> -> !ttg.async.token
      %42 = nvws.semaphore.buffer %3, %41 {ttg.partition = array<i32: 1>} : <[!ttg.memdesc<1x256x64xf32, #tmem, #ttng.tensor_memory, mutable>]>, !ttg.async.token -> !ttg.memdesc<256x64xf32, #tmem, #ttng.tensor_memory, mutable, 1x256x64>
      %43 = nvws.semaphore.acquire %9 {ttg.partition = array<i32: 1>} : <[!ttg.memdesc<1x256x64xf16, #tmem, #ttng.tensor_memory, mutable>]> -> !ttg.async.token
      %44 = nvws.semaphore.buffer %9, %43 {ttg.partition = array<i32: 1>} : <[!ttg.memdesc<1x256x64xf16, #tmem, #ttng.tensor_memory, mutable>]>, !ttg.async.token -> !ttg.memdesc<256x64xf16, #tmem, #ttng.tensor_memory, mutable, 1x256x64>
      %45 = ttng.tc_gen5_mma %44, %37, %42[], %true, %true {ttg.partition = array<i32: 1>} : !ttg.memdesc<256x64xf16, #tmem, #ttng.tensor_memory, mutable, 1x256x64>, !ttg.memdesc<64x64xf16, #shared, #smem>, !ttg.memdesc<256x64xf32, #tmem, #ttng.tensor_memory, mutable, 1x256x64>
      nvws.semaphore.release %8, %43 [#nvws.async_op<tc5mma>] {ttg.partition = array<i32: 1>} : <[!ttg.memdesc<1x256x64xf16, #tmem, #ttng.tensor_memory, mutable>]>, !ttg.async.token
      nvws.semaphore.release %2, %41 [#nvws.async_op<tc5mma>] {ttg.partition = array<i32: 1>} : <[!ttg.memdesc<1x256x64xf32, #tmem, #ttng.tensor_memory, mutable>]>, !ttg.async.token
      %46 = nvws.semaphore.acquire %0 {ttg.partition = array<i32: 1>} : <[!ttg.memdesc<2x256x64xf32, #tmem, #ttng.tensor_memory, mutable>]> -> !ttg.async.token
      %47 = nvws.semaphore.acquire %2 {ttg.partition = array<i32: 3>} : <[!ttg.memdesc<1x256x64xf32, #tmem, #ttng.tensor_memory, mutable>]> -> !ttg.async.token
      %48 = nvws.semaphore.acquire %8 {ttg.partition = array<i32: 0>} : <[!ttg.memdesc<1x256x64xf16, #tmem, #ttng.tensor_memory, mutable>]> -> !ttg.async.token
      scf.yield {ttg.partition = array<i32: 0, 1, 2, 3>} %31, %22, %46, %47, %48 : tensor<256xf32, #ttg.slice<{dim = 1, parent = #blocked}>>, tensor<256xf32, #ttg.slice<{dim = 1, parent = #blocked}>>, !ttg.async.token, !ttg.async.token, !ttg.async.token
    } {tt.warp_specialize, ttg.partition = array<i32: 0, 1, 2, 3>, ttg.partition.outputs = [array<i32: 0>, array<i32: 0>, array<i32: 1>, array<i32: 3>, array<i32: 0>], ttg.partition.stages = [0 : i32, 1 : i32, 0 : i32, 1 : i32], ttg.warp_specialize.tag = 0 : i32}
    nvws.semaphore.release %4, %12#3 [#nvws.async_op<none>] {ttg.partition = array<i32: 3>, ttg.warp_specialize.tag = 0 : i32} : <[!ttg.memdesc<1x256x64xf32, #tmem, #ttng.tensor_memory, mutable>]>, !ttg.async.token
    %13 = nvws.semaphore.acquire %4 : <[!ttg.memdesc<1x256x64xf32, #tmem, #ttng.tensor_memory, mutable>]> -> !ttg.async.token
    %14 = nvws.semaphore.buffer %4, %13 : <[!ttg.memdesc<1x256x64xf32, #tmem, #ttng.tensor_memory, mutable>]>, !ttg.async.token -> !ttg.memdesc<256x64xf32, #tmem, #ttng.tensor_memory, mutable, 1x256x64>
    %result_4, %token = ttng.tmem_load %14[] : !ttg.memdesc<256x64xf32, #tmem, #ttng.tensor_memory, mutable, 1x256x64> -> tensor<256x64xf32, #blocked>
    "use"(%12#0, %result_4, %12#1) : (tensor<256xf32, #ttg.slice<{dim = 1, parent = #blocked}>>, tensor<256x64xf32, #blocked>, tensor<256xf32, #ttg.slice<{dim = 1, parent = #blocked}>>) -> ()
    tt.return
  }
}

// -----
#blocked = #ttg.blocked<{sizePerThread = [1, 128], threadsPerWarp = [32, 1], warpsPerCTA = [4, 1], order = [0, 1]}>
#shared = #ttg.nvmma_shared<{swizzlingByteWidth = 128, transposed = false, elementBitWidth = 16}>
#smem = #ttg.shared_memory
#tmem = #ttng.tensor_memory_encoding<blockM = 128, blockN = 128, colStride = 1>
module attributes {"ttg.num-warps" = 4 : i32, ttg.target = "cuda:100"} {
  tt.func @hoisted_alloc(%arg0: i32, %arg1: i32, %arg2: i32, %arg3: !tt.ptr<i32>) {
    %true = arith.constant true
    %cst = arith.constant dense<0.000000e+00> : tensor<128x128xf32, #blocked>
    %result = ttng.tmem_alloc : () -> !ttg.memdesc<1x128x128xf32, #tmem, #ttng.tensor_memory, mutable>
    %0 = nvws.semaphore.create %result true {nvws.dag_pending_count = 1 : i32} : <[!ttg.memdesc<1x128x128xf32, #tmem, #ttng.tensor_memory, mutable>]>
    %1 = nvws.semaphore.create %result false {nvws.dag_pending_count = 1 : i32} : <[!ttg.memdesc<1x128x128xf32, #tmem, #ttng.tensor_memory, mutable>]>
    %2 = nvws.semaphore.acquire %0 : <[!ttg.memdesc<1x128x128xf32, #tmem, #ttng.tensor_memory, mutable>]> -> !ttg.async.token
    %3 = nvws.semaphore.buffer %0, %2 : <[!ttg.memdesc<1x128x128xf32, #tmem, #ttng.tensor_memory, mutable>]>, !ttg.async.token -> !ttg.memdesc<128x128xf32, #tmem, #ttng.tensor_memory, mutable, 1x128x128>
    %true_0 = arith.constant true
    ttng.tmem_store %cst, %3, %true_0 : tensor<128x128xf32, #blocked> -> !ttg.memdesc<128x128xf32, #tmem, #ttng.tensor_memory, mutable, 1x128x128>
    %4 = scf.for %arg4 = %arg0 to %arg1 step %arg2 iter_args(%arg5 = %2) -> (!ttg.async.token)  : i32 {
      %5 = tt.addptr %arg3, %arg4 {ttg.partition = array<i32: 1, 2>} : !tt.ptr<i32>, i32
      %6 = tt.load %5 {ttg.partition = array<i32: 1, 2>} : !tt.ptr<i32>
      %7 = "lb1"(%arg4) {ttg.partition = array<i32: 1, 2>} : (i32) -> i32
      %8 = "step1"(%arg4) {ttg.partition = array<i32: 1, 2>} : (i32) -> i32
      scf.for %arg6 = %7 to %6 step %8  : i32 {
        %12 = "load1"(%arg6) {ttg.partition = array<i32: 1>} : (i32) -> !ttg.memdesc<128x64xf32, #shared, #smem>
        %13 = "load2"(%arg6) {ttg.partition = array<i32: 1>} : (i32) -> !ttg.memdesc<64x128xf32, #shared, #smem>
        %14 = nvws.semaphore.buffer %0, %arg5 {ttg.partition = array<i32: 2>} : <[!ttg.memdesc<1x128x128xf32, #tmem, #ttng.tensor_memory, mutable>]>, !ttg.async.token -> !ttg.memdesc<128x128xf32, #tmem, #ttng.tensor_memory, mutable, 1x128x128>
        %15 = ttng.tc_gen5_mma %12, %13, %14[], %true, %true {ttg.partition = array<i32: 2>} : !ttg.memdesc<128x64xf32, #shared, #smem>, !ttg.memdesc<64x128xf32, #shared, #smem>, !ttg.memdesc<128x128xf32, #tmem, #ttng.tensor_memory, mutable, 1x128x128>
      } {ttg.partition = array<i32: 1, 2>, ttg.partition.outputs = []}
      nvws.semaphore.release %1, %arg5 [#nvws.async_op<tc5mma>] {ttg.partition = array<i32: 2>} : <[!ttg.memdesc<1x128x128xf32, #tmem, #ttng.tensor_memory, mutable>]>, !ttg.async.token
      %9 = nvws.semaphore.acquire %1 {ttg.partition = array<i32: 0>} : <[!ttg.memdesc<1x128x128xf32, #tmem, #ttng.tensor_memory, mutable>]> -> !ttg.async.token
      %10 = nvws.semaphore.buffer %1, %9 {ttg.partition = array<i32: 0>} : <[!ttg.memdesc<1x128x128xf32, #tmem, #ttng.tensor_memory, mutable>]>, !ttg.async.token -> !ttg.memdesc<128x128xf32, #tmem, #ttng.tensor_memory, mutable, 1x128x128>
      %result_1, %token = ttng.tmem_load %10[] {ttg.partition = array<i32: 0>} : !ttg.memdesc<128x128xf32, #tmem, #ttng.tensor_memory, mutable, 1x128x128> -> tensor<128x128xf32, #blocked>
      nvws.semaphore.release %0, %9 [#nvws.async_op<none>] {ttg.partition = array<i32: 0>} : <[!ttg.memdesc<1x128x128xf32, #tmem, #ttng.tensor_memory, mutable>]>, !ttg.async.token
      "use"(%result_1) {ttg.partition = array<i32: 0>} : (tensor<128x128xf32, #blocked>) -> ()
      %11 = nvws.semaphore.acquire %0 {ttg.partition = array<i32: 2>} : <[!ttg.memdesc<1x128x128xf32, #tmem, #ttng.tensor_memory, mutable>]> -> !ttg.async.token
      scf.yield {ttg.partition = array<i32: 0, 1, 2>} %11 : !ttg.async.token
    } {tt.warp_specialize, ttg.partition = array<i32: 0, 1, 2>, ttg.partition.outputs = [array<i32: 2>], ttg.warp_specialize.tag = 0 : i32}
    tt.return
  }
}

// -----
#blocked = #ttg.blocked<{sizePerThread = [1, 4], threadsPerWarp = [1, 32], warpsPerCTA = [4, 1], order = [1, 0]}>
#blocked1 = #ttg.blocked<{sizePerThread = [1, 128], threadsPerWarp = [32, 1], warpsPerCTA = [4, 1], order = [0, 1]}>
#blocked2 = #ttg.blocked<{sizePerThread = [1], threadsPerWarp = [32], warpsPerCTA = [4], order = [0]}>
#blocked3 = #ttg.blocked<{sizePerThread = [1, 1], threadsPerWarp = [1, 32], warpsPerCTA = [2, 2], order = [1, 0]}>
#shared = #ttg.nvmma_shared<{swizzlingByteWidth = 128, transposed = false, elementBitWidth = 16}>
#smem = #ttg.shared_memory
#tmem = #ttng.tensor_memory_encoding<blockM = 128, blockN = 128, colStride = 1>
module attributes {"ttg.num-warps" = 4 : i32, ttg.target = "cuda:100"} {
  tt.func @if_split_workaround(%arg0: !tt.tensordesc<tensor<1x64xf16, #shared>>, %arg1: tensor<64x128x!tt.ptr<f16>, #blocked> {tt.contiguity = dense<[1, 64]> : tensor<2xi32>, tt.divisibility = dense<16> : tensor<2xi32>}) {
    %c0_i32 = arith.constant 0 : i32
    %c1_i32 = arith.constant 1 : i32
    %true = arith.constant true
    %false = arith.constant false
    %cst = arith.constant dense<0.000000e+00> : tensor<128x128xf32, #blocked1>
    %c32_i32 = arith.constant 32 : i32
    %result = ttng.tmem_alloc : () -> !ttg.memdesc<1x128x128xf32, #tmem, #ttng.tensor_memory, mutable>
    %0 = nvws.semaphore.create %result true {nvws.dag_pending_count = 1 : i32} : <[!ttg.memdesc<1x128x128xf32, #tmem, #ttng.tensor_memory, mutable>]>
    %1 = nvws.semaphore.create %result false {nvws.dag_pending_count = 1 : i32} : <[!ttg.memdesc<1x128x128xf32, #tmem, #ttng.tensor_memory, mutable>]>
    %2 = nvws.semaphore.acquire %0 : <[!ttg.memdesc<1x128x128xf32, #tmem, #ttng.tensor_memory, mutable>]> -> !ttg.async.token
    %3 = nvws.semaphore.buffer %0, %2 : <[!ttg.memdesc<1x128x128xf32, #tmem, #ttng.tensor_memory, mutable>]>, !ttg.async.token -> !ttg.memdesc<128x128xf32, #tmem, #ttng.tensor_memory, mutable, 1x128x128>
    %4 = ttng.tmem_store %cst, %3[], %true : tensor<128x128xf32, #blocked1> -> !ttg.memdesc<128x128xf32, #tmem, #ttng.tensor_memory, mutable, 1x128x128>
    %5:3 = scf.for %arg2 = %c0_i32 to %c32_i32 step %c1_i32 iter_args(%arg3 = %true, %arg4 = %arg1, %arg5 = %2) -> (i1, tensor<64x128x!tt.ptr<f16>, #blocked>, !ttg.async.token)  : i32 {
      %6:3 = "get_offsets"(%arg2) {loop.cluster = 3 : i32, loop.stage = 0 : i32, ttg.partition = array<i32: 1, 2>} : (i32) -> (i32, tensor<64x128xi32, #blocked>, i32)
      %7 = tt.splat %6#0 {loop.cluster = 3 : i32, loop.stage = 0 : i32, ttg.partition = array<i32: 2>} : i32 -> tensor<128xi32, #blocked2>
      %8 = tt.descriptor_gather %arg0[%7, %6#2] {loop.cluster = 3 : i32, loop.stage = 0 : i32, ttg.partition = array<i32: 2>} : (!tt.tensordesc<tensor<1x64xf16, #shared>>, tensor<128xi32, #blocked2>, i32) -> tensor<128x64xf16, #blocked3>
      %9 = tt.addptr %arg4, %6#1 {loop.cluster = 3 : i32, loop.stage = 1 : i32, tt.constancy = dense<1> : tensor<2xi32>, tt.contiguity = dense<[1, 64]> : tensor<2xi32>, tt.divisibility = dense<16> : tensor<2xi32>, ttg.partition = array<i32: 1>} : tensor<64x128x!tt.ptr<f16>, #blocked>, tensor<64x128xi32, #blocked>
      %10 = tt.load %9 {loop.cluster = 3 : i32, loop.stage = 1 : i32, ttg.partition = array<i32: 1>} : tensor<64x128x!tt.ptr<f16>, #blocked>
      %11 = ttg.local_alloc %8 {loop.cluster = 2 : i32, loop.stage = 2 : i32, ttg.partition = array<i32: 2>} : (tensor<128x64xf16, #blocked3>) -> !ttg.memdesc<128x64xf16, #shared, #smem>
      %12 = ttg.local_alloc %10 {loop.cluster = 2 : i32, loop.stage = 2 : i32, ttg.partition = array<i32: 1>} : (tensor<64x128xf16, #blocked>) -> !ttg.memdesc<64x128xf16, #shared, #smem>
      %13 = nvws.semaphore.buffer %0, %arg5 {loop.cluster = 2 : i32, loop.stage = 2 : i32, ttg.partition = array<i32: 1>} : <[!ttg.memdesc<1x128x128xf32, #tmem, #ttng.tensor_memory, mutable>]>, !ttg.async.token -> !ttg.memdesc<128x128xf32, #tmem, #ttng.tensor_memory, mutable, 1x128x128>
      %14 = ttng.tc_gen5_mma %11, %12, %13[], %arg3, %true {loop.cluster = 2 : i32, loop.stage = 2 : i32, tt.self_latency = 1 : i32, ttg.partition = array<i32: 1>} : !ttg.memdesc<128x64xf16, #shared, #smem>, !ttg.memdesc<64x128xf16, #shared, #smem>, !ttg.memdesc<128x128xf32, #tmem, #ttng.tensor_memory, mutable, 1x128x128>
      %15 = arith.cmpi eq, %arg2, %c0_i32 {loop.cluster = 1 : i32, loop.stage = 3 : i32, ttg.partition = array<i32: 0, 1>} : i32
      %16 = arith.select %15, %false, %true {loop.cluster = 1 : i32, loop.stage = 3 : i32, ttg.partition = array<i32: 1>} : i1
      scf.if %15 {
        nvws.semaphore.release %1, %arg5 [#nvws.async_op<tc5mma>] {loop.cluster = 2 : i32, loop.stage = 2 : i32, ttg.partition = array<i32: 1>} : <[!ttg.memdesc<1x128x128xf32, #tmem, #ttng.tensor_memory, mutable>]>, !ttg.async.token
      } {loop.cluster = 2 : i32, loop.stage = 2 : i32, ttg.partition = array<i32: 1>}
      %17 = ub.poison : !ttg.async.token
      %18 = scf.if %15 -> (!ttg.async.token) {
        %20 = nvws.semaphore.acquire %1 {ttg.partition = array<i32: 0>} : <[!ttg.memdesc<1x128x128xf32, #tmem, #ttng.tensor_memory, mutable>]> -> !ttg.async.token
        %21 = nvws.semaphore.buffer %1, %20 {ttg.partition = array<i32: 0>} : <[!ttg.memdesc<1x128x128xf32, #tmem, #ttng.tensor_memory, mutable>]>, !ttg.async.token -> !ttg.memdesc<128x128xf32, #tmem, #ttng.tensor_memory, mutable, 1x128x128>
        %result_0, %token = ttng.tmem_load %21[] {ttg.partition = array<i32: 0>} : !ttg.memdesc<128x128xf32, #tmem, #ttng.tensor_memory, mutable, 1x128x128> -> tensor<128x128xf32, #blocked1>
        nvws.semaphore.release %0, %20 [#nvws.async_op<none>] {ttg.partition = array<i32: 0>} : <[!ttg.memdesc<1x128x128xf32, #tmem, #ttng.tensor_memory, mutable>]>, !ttg.async.token
        "acc_user"(%result_0) {ttg.partition = array<i32: 0>} : (tensor<128x128xf32, #blocked1>) -> ()
        scf.yield {ttg.partition = array<i32: 0, 1>} %17 : !ttg.async.token
      } else {
        scf.yield {ttg.partition = array<i32: 0, 1>} %17 : !ttg.async.token
      } {loop.cluster = 4 : i32, loop.stage = 3 : i32, ttg.partition = array<i32: 0, 1>, ttg.partition.outputs = [array<i32: 1>]}
      %19 = scf.if %15 -> (!ttg.async.token) {
        %20 = nvws.semaphore.acquire %0 {loop.cluster = 2 : i32, loop.stage = 2 : i32, ttg.partition = array<i32: 1>} : <[!ttg.memdesc<1x128x128xf32, #tmem, #ttng.tensor_memory, mutable>]> -> !ttg.async.token
        scf.yield {ttg.partition = array<i32: 1>} %20 : !ttg.async.token
      } else {
        scf.yield {ttg.partition = array<i32: 1>} %arg5 : !ttg.async.token
      } {loop.cluster = 2 : i32, loop.stage = 2 : i32, ttg.partition = array<i32: 1>, ttg.partition.outputs = [array<i32: 1>]}
      scf.yield {ttg.partition = array<i32: 0, 1, 2>} %16, %9, %19 : i1, tensor<64x128x!tt.ptr<f16>, #blocked>, !ttg.async.token
    } {tt.disallow_acc_multi_buffer, tt.num_stages = 3 : i32, tt.scheduled_max_stage = 3 : i32, tt.warp_specialize, ttg.partition = array<i32: 0, 1, 2>, ttg.partition.outputs = [array<i32: 1>, array<i32: 1>, array<i32: 1>], ttg.partition.stages = [0 : i32, 1 : i32, 0 : i32], ttg.warp_specialize.tag = 2 : i32}
    tt.return
  }
}

// -----
#blocked = #ttg.blocked<{sizePerThread = [1, 128], threadsPerWarp = [32, 1], warpsPerCTA = [4, 1], order = [0, 1]}>
#linear = #ttg.linear<{register = [[0, 1], [0, 2], [32, 0], [64, 0], [0, 4]], lane = [[1, 0], [2, 0], [4, 0], [8, 0], [16, 0]], warp = [[0, 0], [0, 0]], block = []}>
#shared = #ttg.nvmma_shared<{swizzlingByteWidth = 128, transposed = false, elementBitWidth = 16}>
#smem = #ttg.shared_memory
#tmem = #ttng.tensor_memory_encoding<blockM = 128, blockN = 128, colStride = 1>
#tmem_scales = #ttng.tensor_memory_scales_encoding<>
module attributes {"ttg.num-warps" = 4 : i32, ttg.target = "cuda:100"} {
  tt.func @nested_loop_yes_double_buffer(%arg0: i32, %arg1: i32, %arg2: i32, %arg3: !tt.ptr<i32>) {
    %true = arith.constant true
    %false = arith.constant false
    %cst = arith.constant dense<0.000000e+00> : tensor<128x128xf32, #blocked>
    %result = ttng.tmem_alloc : () -> !ttg.memdesc<2x128x128xf32, #tmem, #ttng.tensor_memory, mutable>
    %0 = nvws.semaphore.create %result true {nvws.dag_pending_count = 1 : i32} : <[!ttg.memdesc<2x128x128xf32, #tmem, #ttng.tensor_memory, mutable>]>
    %1 = nvws.semaphore.create %result false {nvws.dag_pending_count = 1 : i32} : <[!ttg.memdesc<2x128x128xf32, #tmem, #ttng.tensor_memory, mutable>]>
    %2 = nvws.semaphore.acquire %0 : <[!ttg.memdesc<2x128x128xf32, #tmem, #ttng.tensor_memory, mutable>]> -> !ttg.async.token
    %3 = nvws.semaphore.buffer %0, %2 : <[!ttg.memdesc<2x128x128xf32, #tmem, #ttng.tensor_memory, mutable>]>, !ttg.async.token -> !ttg.memdesc<128x128xf32, #tmem, #ttng.tensor_memory, mutable, 2x128x128>
    %4 = ttng.tmem_store %cst, %3[], %true : tensor<128x128xf32, #blocked> -> !ttg.memdesc<128x128xf32, #tmem, #ttng.tensor_memory, mutable, 2x128x128>
    %5 = scf.for %arg4 = %arg0 to %arg1 step %arg2 iter_args(%arg5 = %2) -> (!ttg.async.token)  : i32 {
      %6 = nvws.semaphore.buffer %0, %arg5 {ttg.partition = array<i32: 2>} : <[!ttg.memdesc<2x128x128xf32, #tmem, #ttng.tensor_memory, mutable>]>, !ttg.async.token -> !ttg.memdesc<128x128xf32, #tmem, #ttng.tensor_memory, mutable, 2x128x128>
      %7 = ttng.tmem_store %cst, %6[], %true {ttg.partition = array<i32: 2>} : tensor<128x128xf32, #blocked> -> !ttg.memdesc<128x128xf32, #tmem, #ttng.tensor_memory, mutable, 2x128x128>
      %8 = scf.for %arg6 = %arg0 to %arg1 step %arg2 iter_args(%arg7 = %false) -> (i1)  : i32 {
        %12 = "load1"(%arg6) {ttg.partition = array<i32: 1>} : (i32) -> !ttg.memdesc<128x64xf32, #shared, #smem>
        %13 = "load2"(%arg6) {ttg.partition = array<i32: 1>} : (i32) -> !ttg.memdesc<64x128xf32, #shared, #smem>
        %14 = nvws.semaphore.buffer %0, %arg5 {ttg.partition = array<i32: 2>} : <[!ttg.memdesc<2x128x128xf32, #tmem, #ttng.tensor_memory, mutable>]>, !ttg.async.token -> !ttg.memdesc<128x128xf32, #tmem, #ttng.tensor_memory, mutable, 2x128x128>
        %15 = ttng.tc_gen5_mma %12, %13, %14[], %arg7, %true {ttg.partition = array<i32: 2>} : !ttg.memdesc<128x64xf32, #shared, #smem>, !ttg.memdesc<64x128xf32, #shared, #smem>, !ttg.memdesc<128x128xf32, #tmem, #ttng.tensor_memory, mutable, 2x128x128>
        scf.yield {ttg.partition = array<i32: 1, 2>} %true : i1
      } {ttg.partition = array<i32: 1, 2>, ttg.partition.outputs = [array<i32: 2>]}
      nvws.semaphore.release %1, %arg5 [#nvws.async_op<tc5mma>] {ttg.partition = array<i32: 2>} : <[!ttg.memdesc<2x128x128xf32, #tmem, #ttng.tensor_memory, mutable>]>, !ttg.async.token
      %9 = nvws.semaphore.acquire %1 {ttg.partition = array<i32: 0>} : <[!ttg.memdesc<2x128x128xf32, #tmem, #ttng.tensor_memory, mutable>]> -> !ttg.async.token
      %10 = nvws.semaphore.buffer %1, %9 {ttg.partition = array<i32: 0>} : <[!ttg.memdesc<2x128x128xf32, #tmem, #ttng.tensor_memory, mutable>]>, !ttg.async.token -> !ttg.memdesc<128x128xf32, #tmem, #ttng.tensor_memory, mutable, 2x128x128>
      %result_0, %token = ttng.tmem_load %10[] {ttg.partition = array<i32: 0>} : !ttg.memdesc<128x128xf32, #tmem, #ttng.tensor_memory, mutable, 2x128x128> -> tensor<128x128xf32, #blocked>
      nvws.semaphore.release %0, %9 [#nvws.async_op<none>] {ttg.partition = array<i32: 0>} : <[!ttg.memdesc<2x128x128xf32, #tmem, #ttng.tensor_memory, mutable>]>, !ttg.async.token
      "use"(%result_0) {ttg.partition = array<i32: 0>} : (tensor<128x128xf32, #blocked>) -> ()
      %11 = nvws.semaphore.acquire %0 {ttg.partition = array<i32: 2>} : <[!ttg.memdesc<2x128x128xf32, #tmem, #ttng.tensor_memory, mutable>]> -> !ttg.async.token
      scf.yield {ttg.partition = array<i32: 0, 1, 2>} %11 : !ttg.async.token
    } {tt.warp_specialize, ttg.partition = array<i32: 0, 1, 2>, ttg.partition.outputs = [array<i32: 2>], ttg.warp_specialize.tag = 0 : i32}
    tt.return
  }
  tt.func @nested_loop_no_double_buffer(%arg0: i32, %arg1: i32, %arg2: i32, %arg3: !tt.ptr<i32>) {
    %true = arith.constant true
    %false = arith.constant false
    %cst = arith.constant dense<0.000000e+00> : tensor<128x128xf32, #blocked>
    %result = ttng.tmem_alloc : () -> !ttg.memdesc<2x128x128xf32, #tmem, #ttng.tensor_memory, mutable>
    %0 = nvws.semaphore.create %result true {nvws.dag_pending_count = 1 : i32} : <[!ttg.memdesc<2x128x128xf32, #tmem, #ttng.tensor_memory, mutable>]>
    %1 = nvws.semaphore.create %result false {nvws.dag_pending_count = 1 : i32} : <[!ttg.memdesc<2x128x128xf32, #tmem, #ttng.tensor_memory, mutable>]>
    %2 = nvws.semaphore.acquire %0 : <[!ttg.memdesc<2x128x128xf32, #tmem, #ttng.tensor_memory, mutable>]> -> !ttg.async.token
    %3 = nvws.semaphore.buffer %0, %2 : <[!ttg.memdesc<2x128x128xf32, #tmem, #ttng.tensor_memory, mutable>]>, !ttg.async.token -> !ttg.memdesc<128x128xf32, #tmem, #ttng.tensor_memory, mutable, 2x128x128>
    %4 = ttng.tmem_store %cst, %3[], %true : tensor<128x128xf32, #blocked> -> !ttg.memdesc<128x128xf32, #tmem, #ttng.tensor_memory, mutable, 2x128x128>
    %5 = scf.for %arg4 = %arg0 to %arg1 step %arg2 iter_args(%arg5 = %2) -> (!ttg.async.token)  : i32 {
      %6 = nvws.semaphore.buffer %0, %arg5 {ttg.partition = array<i32: 0>} : <[!ttg.memdesc<2x128x128xf32, #tmem, #ttng.tensor_memory, mutable>]>, !ttg.async.token -> !ttg.memdesc<128x128xf32, #tmem, #ttng.tensor_memory, mutable, 2x128x128>
      %7 = ttng.tmem_store %cst, %6[], %true {ttg.partition = array<i32: 0>} : tensor<128x128xf32, #blocked> -> !ttg.memdesc<128x128xf32, #tmem, #ttng.tensor_memory, mutable, 2x128x128>
      nvws.semaphore.release %1, %arg5 [#nvws.async_op<none>] {ttg.partition = array<i32: 0>} : <[!ttg.memdesc<2x128x128xf32, #tmem, #ttng.tensor_memory, mutable>]>, !ttg.async.token
      %8 = nvws.semaphore.acquire %1 {ttg.partition = array<i32: 2>} : <[!ttg.memdesc<2x128x128xf32, #tmem, #ttng.tensor_memory, mutable>]> -> !ttg.async.token
      %9 = scf.for %arg6 = %arg0 to %arg1 step %arg2 iter_args(%arg7 = %false) -> (i1)  : i32 {
        %12 = "load1"(%arg6) {ttg.partition = array<i32: 1>} : (i32) -> !ttg.memdesc<128x64xf32, #shared, #smem>
        %13 = "load2"(%arg6) {ttg.partition = array<i32: 1>} : (i32) -> !ttg.memdesc<64x128xf32, #shared, #smem>
        %14 = nvws.semaphore.buffer %1, %8 {ttg.partition = array<i32: 2>} : <[!ttg.memdesc<2x128x128xf32, #tmem, #ttng.tensor_memory, mutable>]>, !ttg.async.token -> !ttg.memdesc<128x128xf32, #tmem, #ttng.tensor_memory, mutable, 2x128x128>
        %15 = ttng.tc_gen5_mma %12, %13, %14[], %arg7, %true {ttg.partition = array<i32: 2>} : !ttg.memdesc<128x64xf32, #shared, #smem>, !ttg.memdesc<64x128xf32, #shared, #smem>, !ttg.memdesc<128x128xf32, #tmem, #ttng.tensor_memory, mutable, 2x128x128>
        scf.yield {ttg.partition = array<i32: 1, 2>} %true : i1
      } {ttg.partition = array<i32: 1, 2>, ttg.partition.outputs = [array<i32: 2>]}
      nvws.semaphore.release %0, %8 [#nvws.async_op<tc5mma>] {ttg.partition = array<i32: 2>} : <[!ttg.memdesc<2x128x128xf32, #tmem, #ttng.tensor_memory, mutable>]>, !ttg.async.token
      %10 = nvws.semaphore.acquire %0 {ttg.partition = array<i32: 0>} : <[!ttg.memdesc<2x128x128xf32, #tmem, #ttng.tensor_memory, mutable>]> -> !ttg.async.token
      %11 = nvws.semaphore.buffer %0, %10 {ttg.partition = array<i32: 0>} : <[!ttg.memdesc<2x128x128xf32, #tmem, #ttng.tensor_memory, mutable>]>, !ttg.async.token -> !ttg.memdesc<128x128xf32, #tmem, #ttng.tensor_memory, mutable, 2x128x128>
      %result_0, %token = ttng.tmem_load %11[] {ttg.partition = array<i32: 0>} : !ttg.memdesc<128x128xf32, #tmem, #ttng.tensor_memory, mutable, 2x128x128> -> tensor<128x128xf32, #blocked>
      "use"(%result_0) {ttg.partition = array<i32: 0>} : (tensor<128x128xf32, #blocked>) -> ()
      scf.yield {ttg.partition = array<i32: 0, 1, 2>} %10 : !ttg.async.token
    } {tt.warp_specialize, ttg.partition = array<i32: 0, 1, 2>, ttg.partition.outputs = [array<i32: 0>], ttg.warp_specialize.tag = 0 : i32}
    tt.return
  }
  tt.func @nested_loop_yes_double_buffer_scaled(%arg0: i32, %arg1: i32, %arg2: i32, %arg3: !tt.ptr<i32>, %arg4: tensor<128x8xi8, #linear>, %arg5: tensor<128x8xi8, #linear>) {
    %true = arith.constant true
    %false = arith.constant false
    %cst = arith.constant dense<0.000000e+00> : tensor<128x128xf32, #blocked>
    %result = ttng.tmem_alloc : () -> !ttg.memdesc<2x128x128xf32, #tmem, #ttng.tensor_memory, mutable>
    %0 = nvws.semaphore.create %result true {nvws.dag_pending_count = 1 : i32} : <[!ttg.memdesc<2x128x128xf32, #tmem, #ttng.tensor_memory, mutable>]>
    %1 = nvws.semaphore.create %result false {nvws.dag_pending_count = 1 : i32} : <[!ttg.memdesc<2x128x128xf32, #tmem, #ttng.tensor_memory, mutable>]>
    %2 = nvws.semaphore.acquire %0 : <[!ttg.memdesc<2x128x128xf32, #tmem, #ttng.tensor_memory, mutable>]> -> !ttg.async.token
    %3 = nvws.semaphore.buffer %0, %2 : <[!ttg.memdesc<2x128x128xf32, #tmem, #ttng.tensor_memory, mutable>]>, !ttg.async.token -> !ttg.memdesc<128x128xf32, #tmem, #ttng.tensor_memory, mutable, 2x128x128>
    %4 = ttng.tmem_store %cst, %3[], %true : tensor<128x128xf32, #blocked> -> !ttg.memdesc<128x128xf32, #tmem, #ttng.tensor_memory, mutable, 2x128x128>
    %result_0 = ttng.tmem_alloc %arg4 : (tensor<128x8xi8, #linear>) -> !ttg.memdesc<128x8xi8, #tmem_scales, #ttng.tensor_memory>
    %result_1 = ttng.tmem_alloc %arg5 : (tensor<128x8xi8, #linear>) -> !ttg.memdesc<128x8xi8, #tmem_scales, #ttng.tensor_memory>
    %5 = scf.for %arg6 = %arg0 to %arg1 step %arg2 iter_args(%arg7 = %2) -> (!ttg.async.token)  : i32 {
      %6 = nvws.semaphore.buffer %0, %arg7 {ttg.partition = array<i32: 2>} : <[!ttg.memdesc<2x128x128xf32, #tmem, #ttng.tensor_memory, mutable>]>, !ttg.async.token -> !ttg.memdesc<128x128xf32, #tmem, #ttng.tensor_memory, mutable, 2x128x128>
      %7 = ttng.tmem_store %cst, %6[], %true {ttg.partition = array<i32: 2>} : tensor<128x128xf32, #blocked> -> !ttg.memdesc<128x128xf32, #tmem, #ttng.tensor_memory, mutable, 2x128x128>
      %8 = scf.for %arg8 = %arg0 to %arg1 step %arg2 iter_args(%arg9 = %false) -> (i1)  : i32 {
        %12 = "load1"(%arg8) {ttg.partition = array<i32: 1>} : (i32) -> !ttg.memdesc<128x64xf32, #shared, #smem>
        %13 = "load2"(%arg8) {ttg.partition = array<i32: 1>} : (i32) -> !ttg.memdesc<64x128xf32, #shared, #smem>
        %14 = nvws.semaphore.buffer %0, %arg7 {ttg.partition = array<i32: 2>} : <[!ttg.memdesc<2x128x128xf32, #tmem, #ttng.tensor_memory, mutable>]>, !ttg.async.token -> !ttg.memdesc<128x128xf32, #tmem, #ttng.tensor_memory, mutable, 2x128x128>
        %15 = ttng.tc_gen5_mma_scaled %12, %13, %14[], %result_0, %result_1, %arg9, %true lhs = e4m3 rhs = e4m3 {ttg.partition = array<i32: 2>} : !ttg.memdesc<128x64xf32, #shared, #smem>, !ttg.memdesc<64x128xf32, #shared, #smem>, !ttg.memdesc<128x128xf32, #tmem, #ttng.tensor_memory, mutable, 2x128x128>, !ttg.memdesc<128x8xi8, #tmem_scales, #ttng.tensor_memory>, !ttg.memdesc<128x8xi8, #tmem_scales, #ttng.tensor_memory>
        scf.yield {ttg.partition = array<i32: 1, 2>} %true : i1
      } {ttg.partition = array<i32: 1, 2>, ttg.partition.outputs = [array<i32: 2>]}
      nvws.semaphore.release %1, %arg7 [#nvws.async_op<tc5mma>] {ttg.partition = array<i32: 2>} : <[!ttg.memdesc<2x128x128xf32, #tmem, #ttng.tensor_memory, mutable>]>, !ttg.async.token
      %9 = nvws.semaphore.acquire %1 {ttg.partition = array<i32: 0>} : <[!ttg.memdesc<2x128x128xf32, #tmem, #ttng.tensor_memory, mutable>]> -> !ttg.async.token
      %10 = nvws.semaphore.buffer %1, %9 {ttg.partition = array<i32: 0>} : <[!ttg.memdesc<2x128x128xf32, #tmem, #ttng.tensor_memory, mutable>]>, !ttg.async.token -> !ttg.memdesc<128x128xf32, #tmem, #ttng.tensor_memory, mutable, 2x128x128>
      %result_2, %token = ttng.tmem_load %10[] {ttg.partition = array<i32: 0>} : !ttg.memdesc<128x128xf32, #tmem, #ttng.tensor_memory, mutable, 2x128x128> -> tensor<128x128xf32, #blocked>
      nvws.semaphore.release %0, %9 [#nvws.async_op<none>] {ttg.partition = array<i32: 0>} : <[!ttg.memdesc<2x128x128xf32, #tmem, #ttng.tensor_memory, mutable>]>, !ttg.async.token
      "use"(%result_2) {ttg.partition = array<i32: 0>} : (tensor<128x128xf32, #blocked>) -> ()
      %11 = nvws.semaphore.acquire %0 {ttg.partition = array<i32: 2>} : <[!ttg.memdesc<2x128x128xf32, #tmem, #ttng.tensor_memory, mutable>]> -> !ttg.async.token
      scf.yield {ttg.partition = array<i32: 0, 1, 2>} %11 : !ttg.async.token
    } {tt.warp_specialize, ttg.partition = array<i32: 0, 1, 2>, ttg.partition.outputs = [array<i32: 2>], ttg.warp_specialize.tag = 0 : i32}
    tt.return
  }
  tt.func @nested_loop_no_double_buffer_scaled(%arg0: i32, %arg1: i32, %arg2: i32, %arg3: !tt.ptr<i32>, %arg4: tensor<128x8xi8, #linear>, %arg5: tensor<128x8xi8, #linear>) {
    %true = arith.constant true
    %false = arith.constant false
    %cst = arith.constant dense<0.000000e+00> : tensor<128x256xf32, #blocked>
    %result = ttng.tmem_alloc : () -> !ttg.memdesc<1x128x256xf32, #tmem, #ttng.tensor_memory, mutable>
    %0 = nvws.semaphore.create %result true {nvws.dag_pending_count = 1 : i32} : <[!ttg.memdesc<1x128x256xf32, #tmem, #ttng.tensor_memory, mutable>]>
    %1 = nvws.semaphore.create %result false {nvws.dag_pending_count = 1 : i32} : <[!ttg.memdesc<1x128x256xf32, #tmem, #ttng.tensor_memory, mutable>]>
    %2 = nvws.semaphore.acquire %0 : <[!ttg.memdesc<1x128x256xf32, #tmem, #ttng.tensor_memory, mutable>]> -> !ttg.async.token
    %3 = nvws.semaphore.buffer %0, %2 : <[!ttg.memdesc<1x128x256xf32, #tmem, #ttng.tensor_memory, mutable>]>, !ttg.async.token -> !ttg.memdesc<128x256xf32, #tmem, #ttng.tensor_memory, mutable, 1x128x256>
    %4 = ttng.tmem_store %cst, %3[], %true : tensor<128x256xf32, #blocked> -> !ttg.memdesc<128x256xf32, #tmem, #ttng.tensor_memory, mutable, 1x128x256>
    %result_0 = ttng.tmem_alloc %arg4 : (tensor<128x8xi8, #linear>) -> !ttg.memdesc<128x8xi8, #tmem_scales, #ttng.tensor_memory>
    %result_1 = ttng.tmem_alloc %arg5 : (tensor<128x8xi8, #linear>) -> !ttg.memdesc<128x8xi8, #tmem_scales, #ttng.tensor_memory>
    %5 = scf.for %arg6 = %arg0 to %arg1 step %arg2 iter_args(%arg7 = %2) -> (!ttg.async.token)  : i32 {
      %6 = nvws.semaphore.buffer %0, %arg7 {ttg.partition = array<i32: 2>} : <[!ttg.memdesc<1x128x256xf32, #tmem, #ttng.tensor_memory, mutable>]>, !ttg.async.token -> !ttg.memdesc<128x256xf32, #tmem, #ttng.tensor_memory, mutable, 1x128x256>
      %7 = ttng.tmem_store %cst, %6[], %true {ttg.partition = array<i32: 2>} : tensor<128x256xf32, #blocked> -> !ttg.memdesc<128x256xf32, #tmem, #ttng.tensor_memory, mutable, 1x128x256>
      %8 = scf.for %arg8 = %arg0 to %arg1 step %arg2 iter_args(%arg9 = %false) -> (i1)  : i32 {
        %12 = "load1"(%arg8) {ttg.partition = array<i32: 1>} : (i32) -> !ttg.memdesc<128x64xf32, #shared, #smem>
        %13 = "load2"(%arg8) {ttg.partition = array<i32: 1>} : (i32) -> !ttg.memdesc<64x256xf32, #shared, #smem>
        %14 = nvws.semaphore.buffer %0, %arg7 {ttg.partition = array<i32: 2>} : <[!ttg.memdesc<1x128x256xf32, #tmem, #ttng.tensor_memory, mutable>]>, !ttg.async.token -> !ttg.memdesc<128x256xf32, #tmem, #ttng.tensor_memory, mutable, 1x128x256>
        %15 = ttng.tc_gen5_mma_scaled %12, %13, %14[], %result_0, %result_1, %arg9, %true lhs = e4m3 rhs = e4m3 {ttg.partition = array<i32: 2>} : !ttg.memdesc<128x64xf32, #shared, #smem>, !ttg.memdesc<64x256xf32, #shared, #smem>, !ttg.memdesc<128x256xf32, #tmem, #ttng.tensor_memory, mutable, 1x128x256>, !ttg.memdesc<128x8xi8, #tmem_scales, #ttng.tensor_memory>, !ttg.memdesc<128x8xi8, #tmem_scales, #ttng.tensor_memory>
        scf.yield {ttg.partition = array<i32: 1, 2>} %true : i1
      } {ttg.partition = array<i32: 1, 2>, ttg.partition.outputs = [array<i32: 2>]}
      nvws.semaphore.release %1, %arg7 [#nvws.async_op<tc5mma>] {ttg.partition = array<i32: 2>} : <[!ttg.memdesc<1x128x256xf32, #tmem, #ttng.tensor_memory, mutable>]>, !ttg.async.token
      %9 = nvws.semaphore.acquire %1 {ttg.partition = array<i32: 0>} : <[!ttg.memdesc<1x128x256xf32, #tmem, #ttng.tensor_memory, mutable>]> -> !ttg.async.token
      %10 = nvws.semaphore.buffer %1, %9 {ttg.partition = array<i32: 0>} : <[!ttg.memdesc<1x128x256xf32, #tmem, #ttng.tensor_memory, mutable>]>, !ttg.async.token -> !ttg.memdesc<128x256xf32, #tmem, #ttng.tensor_memory, mutable, 1x128x256>
      %result_2, %token = ttng.tmem_load %10[] {ttg.partition = array<i32: 0>} : !ttg.memdesc<128x256xf32, #tmem, #ttng.tensor_memory, mutable, 1x128x256> -> tensor<128x256xf32, #blocked>
      nvws.semaphore.release %0, %9 [#nvws.async_op<none>] {ttg.partition = array<i32: 0>} : <[!ttg.memdesc<1x128x256xf32, #tmem, #ttng.tensor_memory, mutable>]>, !ttg.async.token
      "use"(%result_2) {ttg.partition = array<i32: 0>} : (tensor<128x256xf32, #blocked>) -> ()
      %11 = nvws.semaphore.acquire %0 {ttg.partition = array<i32: 2>} : <[!ttg.memdesc<1x128x256xf32, #tmem, #ttng.tensor_memory, mutable>]> -> !ttg.async.token
      scf.yield {ttg.partition = array<i32: 0, 1, 2>} %11 : !ttg.async.token
    } {tt.warp_specialize, ttg.partition = array<i32: 0, 1, 2>, ttg.partition.outputs = [array<i32: 2>], ttg.warp_specialize.tag = 0 : i32}
    tt.return
  }
}

// -----
#linear = #ttg.linear<{register = [[0, 1], [0, 2], [32, 0], [64, 0], [0, 4], [0, 8]], lane = [[1, 0], [2, 0], [4, 0], [8, 0], [16, 0]], warp = [[0, 0], [0, 0]], block = []}>
#shared = #ttg.nvmma_shared<{swizzlingByteWidth = 128, transposed = false, elementBitWidth = 8}>
#shared1 = #ttg.nvmma_shared<{swizzlingByteWidth = 128, transposed = true, elementBitWidth = 8}>
#smem = #ttg.shared_memory
#tmem = #ttng.tensor_memory_encoding<blockM = 128, blockN = 128, colStride = 1>
#tmem_scales = #ttng.tensor_memory_scales_encoding<>
module attributes {"ttg.num-ctas" = 1 : i32, "ttg.num-warps" = 4 : i32, ttg.target = "cuda:100", "ttg.threads-per-warp" = 32 : i32} {
  tt.func public @test_tmem_no_ws(%arg0: !ttg.memdesc<128x128xi8, #shared, #smem>, %arg1: !ttg.memdesc<128x128xi8, #shared1, #smem>, %arg2: !ttg.memdesc<128x128xi8, #shared1, #smem>, %arg3: tensor<128x16xf8E4M3FN, #linear>, %arg4: tensor<128x16xf8E4M3FN, #linear>, %arg5: tensor<128x16xf8E4M3FN, #linear>) {
    %true = arith.constant true
    %result, %token = ttng.tmem_alloc : () -> (!ttg.memdesc<128x128xf32, #tmem, #ttng.tensor_memory, mutable>, !ttg.async.token)
    %result_0, %token_1 = ttng.tmem_alloc : () -> (!ttg.memdesc<128x128xf32, #tmem, #ttng.tensor_memory, mutable>, !ttg.async.token)
    %result_2 = ttng.tmem_alloc %arg3 : (tensor<128x16xf8E4M3FN, #linear>) -> !ttg.memdesc<128x16xf8E4M3FN, #tmem_scales, #ttng.tensor_memory>
    %result_3 = ttng.tmem_alloc %arg4 : (tensor<128x16xf8E4M3FN, #linear>) -> !ttg.memdesc<128x16xf8E4M3FN, #tmem_scales, #ttng.tensor_memory>
    %result_4 = ttng.tmem_alloc %arg5 : (tensor<128x16xf8E4M3FN, #linear>) -> !ttg.memdesc<128x16xf8E4M3FN, #tmem_scales, #ttng.tensor_memory>
    %0 = ttng.tc_gen5_mma_scaled %arg0, %arg1, %result[%token], %result_2, %result_3, %true, %true lhs = e2m1 rhs = e2m1 : !ttg.memdesc<128x128xi8, #shared, #smem>, !ttg.memdesc<128x128xi8, #shared1, #smem>, !ttg.memdesc<128x128xf32, #tmem, #ttng.tensor_memory, mutable>, !ttg.memdesc<128x16xf8E4M3FN, #tmem_scales, #ttng.tensor_memory>, !ttg.memdesc<128x16xf8E4M3FN, #tmem_scales, #ttng.tensor_memory>
    %1 = ttng.tc_gen5_mma_scaled %arg0, %arg2, %result_0[%token_1], %result_2, %result_4, %true, %true lhs = e2m1 rhs = e2m1 : !ttg.memdesc<128x128xi8, #shared, #smem>, !ttg.memdesc<128x128xi8, #shared1, #smem>, !ttg.memdesc<128x128xf32, #tmem, #ttng.tensor_memory, mutable>, !ttg.memdesc<128x16xf8E4M3FN, #tmem_scales, #ttng.tensor_memory>, !ttg.memdesc<128x16xf8E4M3FN, #tmem_scales, #ttng.tensor_memory>
    tt.return
  }
}

