// -----// IR Dump Before TritonTLXFixup (triton-tlx-fixup) ('builtin.module' operation) //----- //
#loc = loc("/home/scratch.egaburov_sw/oai-triton/triton-src/triton-solid-01.git/python/test/unit/language/test_warp_specialization.py":294:0)
#loc24 = loc("/home/scratch.egaburov_sw/oai-triton/triton-src/triton-solid-01.git/python/triton/language/standard.py":34:0)
#loc29 = loc("/home/scratch.egaburov_sw/oai-triton/triton-src/triton-solid-01.git/python/test/unit/language/test_warp_specialization.py":190:0)
#loc45 = loc("a_ptr"(#loc))
#loc46 = loc("b_ptr"(#loc))
#loc47 = loc("c_ptr"(#loc))
#loc48 = loc("a_stride0"(#loc))
#loc49 = loc("b_stride0"(#loc))
#loc50 = loc("c_stride0"(#loc))
#loc51 = loc("M"(#loc))
#loc52 = loc("N"(#loc))
#loc53 = loc("K"(#loc))
#loc72 = loc("x"(#loc24))
#loc73 = loc("tile_id"(#loc29))
#loc74 = loc("num_pid_n"(#loc29))
#loc75 = loc("num_pid_m"(#loc29))
module {
  tt.func public @matmul_tma_persistent_ws_kernel(%a_ptr: !tt.ptr<f16> {tt.divisibility = 16 : i32} loc("a_ptr"(#loc)), %b_ptr: !tt.ptr<f16> {tt.divisibility = 16 : i32} loc("b_ptr"(#loc)), %c_ptr: !tt.ptr<f16> {tt.divisibility = 16 : i32} loc("c_ptr"(#loc)), %a_stride0: i32 {tt.divisibility = 16 : i32} loc("a_stride0"(#loc)), %b_stride0: i32 {tt.divisibility = 16 : i32} loc("b_stride0"(#loc)), %c_stride0: i32 {tt.divisibility = 16 : i32} loc("c_stride0"(#loc)), %M: i32 {tt.divisibility = 16 : i32} loc("M"(#loc)), %N: i32 {tt.divisibility = 16 : i32} loc("N"(#loc)), %K: i32 {tt.divisibility = 16 : i32} loc("K"(#loc))) attributes {noinline = false} {
    %a_desc = arith.extsi %a_stride0 : i32 to i64 loc(#loc54)
    %a_desc_0 = arith.constant 1 : i64 loc(#loc54)
    %a_desc_1 = tt.make_tensor_descriptor %a_ptr, [%M, %K], [%a_desc, %a_desc_0] : !tt.ptr<f16>, !tt.tensordesc<tensor<128x128xf16>> loc(#loc54)
    %b_desc = arith.extsi %b_stride0 : i32 to i64 loc(#loc55)
    %b_desc_2 = arith.constant 1 : i64 loc(#loc55)
    %b_desc_3 = tt.make_tensor_descriptor %b_ptr, [%N, %K], [%b_desc, %b_desc_2] : !tt.ptr<f16>, !tt.tensordesc<tensor<128x128xf16>> loc(#loc55)
    %c_desc = arith.extsi %c_stride0 : i32 to i64 loc(#loc56)
    %c_desc_4 = arith.constant 1 : i64 loc(#loc56)
    %c_desc_5 = tt.make_tensor_descriptor %c_ptr, [%M, %N], [%c_desc, %c_desc_4] : !tt.ptr<f16>, !tt.tensordesc<tensor<128x128xf16>> loc(#loc56)
    %start_pid = tt.get_program_id x : i32 loc(#loc57)
    %num_pid_m = tt.call @"triton.language.standard.cdiv__i32__(1,)cconstexpr_128_"(%M) : (i32) -> i32 loc(#loc58)
    %num_pid_n = tt.call @"triton.language.standard.cdiv__i32__(1,)cconstexpr_128_"(%N) : (i32) -> i32 loc(#loc59)
    %k_tiles = tt.call @"triton.language.standard.cdiv__i32__(1,)cconstexpr_128_"(%K) : (i32) -> i32 loc(#loc60)
    %num_tiles = arith.muli %num_pid_m, %num_pid_n : i32 loc(#loc61)
    %c150_i32 = arith.constant 150 : i32 loc(#loc9)
    %0 = arith.bitcast %start_pid : i32 to i32 loc(#loc9)
    %1 = arith.bitcast %num_tiles : i32 to i32 loc(#loc9)
    %2 = arith.bitcast %c150_i32 : i32 to i32 loc(#loc9)
    %3 = ub.poison : i32 loc(#loc9)
    scf.for %tile_id = %0 to %1 step %2  : i32 {
      %4:2 = tt.call @"test_warp_specialization._compute_pid__i32_i32_i32__(3,)cconstexpr_8_"(%tile_id, %num_pid_n, %num_pid_m) : (i32, i32, i32) -> (i32, i32) loc(#loc10)
      %off_am = arith.constant 128 : i32 loc(#loc62)
      %off_am_6 = arith.constant 128 : i32 loc(#loc62)
      %off_am_7 = arith.muli %4#0, %off_am_6 : i32 loc(#loc62)
      %off_bn = arith.constant 128 : i32 loc(#loc63)
      %off_bn_8 = arith.constant 128 : i32 loc(#loc63)
      %off_bn_9 = arith.muli %4#1, %off_bn_8 : i32 loc(#loc63)
      %accumulator = tt.call @"triton.language.standard.zeros____(0, 0)cconstexpr_128__(0, 1)cconstexpr_128__(1,)cconstexpr_fp32_"() : () -> tensor<128x128xf32> loc(#loc64)
      %c0_i32 = arith.constant 0 : i32 loc(#loc14)
      %c1_i32 = arith.constant 1 : i32 loc(#loc14)
      %5 = arith.bitcast %c0_i32 : i32 to i32 loc(#loc14)
      %6 = arith.bitcast %k_tiles : i32 to i32 loc(#loc14)
      %7 = arith.bitcast %c1_i32 : i32 to i32 loc(#loc14)
      %8 = ub.poison : i32 loc(#loc14)
      %accumulator_10 = scf.for %ki = %5 to %6 step %7 iter_args(%accumulator_11 = %accumulator) -> (tensor<128x128xf32>)  : i32 {
        %off_k = arith.constant 128 : i32 loc(#loc66)
        %off_k_12 = arith.constant 128 : i32 loc(#loc66)
        %off_k_13 = arith.muli %ki, %off_k_12 : i32 loc(#loc66)
        %a = tt.descriptor_load %a_desc_1[%off_am_7, %off_k_13] : !tt.tensordesc<tensor<128x128xf16>> -> tensor<128x128xf16> loc(#loc67)
        %b = tt.descriptor_load %b_desc_3[%off_bn_9, %off_k_13] : !tt.tensordesc<tensor<128x128xf16>> -> tensor<128x128xf16> loc(#loc68)
        %accumulator_14 = tt.trans %b {order = array<i32: 1, 0>} : tensor<128x128xf16> -> tensor<128x128xf16> loc(#loc69)
        %accumulator_15 = arith.constant 0.000000e+00 : f32 loc(#loc70)
        %accumulator_16 = tt.dot %a, %accumulator_14, %accumulator_11, inputPrecision = tf32 : tensor<128x128xf16> * tensor<128x128xf16> -> tensor<128x128xf32> loc(#loc70)
        scf.yield %accumulator_16 : tensor<128x128xf32> loc(#loc20)
      } loc(#loc65)
      %c = arith.truncf %accumulator_10 : tensor<128x128xf32> to tensor<128x128xf16> loc(#loc71)
      tt.descriptor_store %c_desc_5[%off_am_7, %off_bn_9], %c : !tt.tensordesc<tensor<128x128xf16>>, tensor<128x128xf16> loc(#loc22)
    } {tt.flatten, tt.num_stages = 2 : i32, tt.warp_specialize} loc(#loc9)
    tt.return loc(#loc23)
  } loc(#loc)
  tt.func private @"triton.language.standard.cdiv__i32__(1,)cconstexpr_128_"(%x: i32 loc("x"(#loc24))) -> i32 attributes {noinline = false} {
    %c127_i32 = arith.constant 127 : i32 loc(#loc25)
    %c127_i32_0 = arith.constant 127 : i32 loc(#loc25)
    %0 = arith.addi %x, %c127_i32_0 : i32 loc(#loc25)
    %c128_i32 = arith.constant 128 : i32 loc(#loc26)
    %c128_i32_1 = arith.constant 128 : i32 loc(#loc26)
    %1 = arith.divsi %0, %c128_i32_1 : i32 loc(#loc26)
    tt.return %1 : i32 loc(#loc27)
  ^bb1:  // no predecessors
    %2 = ub.poison : i32 loc(#loc28)
    tt.return %2 : i32 loc(#loc28)
  } loc(#loc24)
  tt.func private @"test_warp_specialization._compute_pid__i32_i32_i32__(3,)cconstexpr_8_"(%tile_id: i32 loc("tile_id"(#loc29)), %num_pid_n: i32 loc("num_pid_n"(#loc29)), %num_pid_m: i32 loc("num_pid_m"(#loc29))) -> (i32, i32) attributes {noinline = false} {
    %num_pid_in_group = arith.constant 8 : i32 loc(#loc76)
    %num_pid_in_group_0 = arith.constant 8 : i32 loc(#loc76)
    %num_pid_in_group_1 = arith.muli %num_pid_in_group_0, %num_pid_n : i32 loc(#loc76)
    %group_id = arith.divsi %tile_id, %num_pid_in_group_1 : i32 loc(#loc77)
    %first_pid_m = arith.constant 8 : i32 loc(#loc78)
    %first_pid_m_2 = arith.constant 8 : i32 loc(#loc78)
    %first_pid_m_3 = arith.muli %group_id, %first_pid_m_2 : i32 loc(#loc78)
    %group_size_m = arith.subi %num_pid_m, %first_pid_m_3 : i32 loc(#loc79)
    %group_size_m_4 = arith.constant 8 : i32 loc(#loc80)
    %group_size_m_5 = arith.minsi %group_size_m, %group_size_m_4 : i32 loc(#loc80)
    %pid_m = arith.remsi %tile_id, %group_size_m_5 : i32 loc(#loc81)
    %pid_m_6 = arith.addi %first_pid_m_3, %pid_m : i32 loc(#loc82)
    %pid_n = arith.remsi %tile_id, %num_pid_in_group_1 : i32 loc(#loc83)
    %pid_n_7 = arith.divsi %pid_n, %group_size_m_5 : i32 loc(#loc84)
    tt.return %pid_m_6, %pid_n_7 : i32, i32 loc(#loc39)
  ^bb1:  // no predecessors
    %0 = ub.poison : i32 loc(#loc40)
    %1 = ub.poison : i32 loc(#loc40)
    tt.return %0, %1 : i32, i32 loc(#loc40)
  } loc(#loc29)
  tt.func private @"triton.language.standard.zeros____(0, 0)cconstexpr_128__(0, 1)cconstexpr_128__(1,)cconstexpr_fp32_"() -> tensor<128x128xf32> attributes {noinline = false} {
    %cst = arith.constant 0.000000e+00 : f32 loc(#loc42)
    %cst_0 = arith.constant dense<0.000000e+00> : tensor<128x128xf32> loc(#loc42)
    tt.return %cst_0 : tensor<128x128xf32> loc(#loc43)
  ^bb1:  // no predecessors
    %0 = ub.poison : tensor<128x128xf32> loc(#loc44)
    tt.return %0 : tensor<128x128xf32> loc(#loc44)
  } loc(#loc41)
} loc(#loc)
#loc1 = loc("/home/scratch.egaburov_sw/oai-triton/triton-src/triton-solid-01.git/python/test/unit/language/test_warp_specialization.py":309:39)
#loc2 = loc("/home/scratch.egaburov_sw/oai-triton/triton-src/triton-solid-01.git/python/test/unit/language/test_warp_specialization.py":311:39)
#loc3 = loc("/home/scratch.egaburov_sw/oai-triton/triton-src/triton-solid-01.git/python/test/unit/language/test_warp_specialization.py":313:39)
#loc4 = loc("/home/scratch.egaburov_sw/oai-triton/triton-src/triton-solid-01.git/python/test/unit/language/test_warp_specialization.py":316:30)
#loc5 = loc("/home/scratch.egaburov_sw/oai-triton/triton-src/triton-solid-01.git/python/test/unit/language/test_warp_specialization.py":317:27)
#loc6 = loc("/home/scratch.egaburov_sw/oai-triton/triton-src/triton-solid-01.git/python/test/unit/language/test_warp_specialization.py":318:27)
#loc7 = loc("/home/scratch.egaburov_sw/oai-triton/triton-src/triton-solid-01.git/python/test/unit/language/test_warp_specialization.py":319:25)
#loc8 = loc("/home/scratch.egaburov_sw/oai-triton/triton-src/triton-solid-01.git/python/test/unit/language/test_warp_specialization.py":320:28)
#loc9 = loc("/home/scratch.egaburov_sw/oai-triton/triton-src/triton-solid-01.git/python/test/unit/language/test_warp_specialization.py":323:28)
#loc10 = loc("/home/scratch.egaburov_sw/oai-triton/triton-src/triton-solid-01.git/python/test/unit/language/test_warp_specialization.py":324:67)
#loc11 = loc("/home/scratch.egaburov_sw/oai-triton/triton-src/triton-solid-01.git/python/test/unit/language/test_warp_specialization.py":326:25)
#loc12 = loc("/home/scratch.egaburov_sw/oai-triton/triton-src/triton-solid-01.git/python/test/unit/language/test_warp_specialization.py":327:25)
#loc13 = loc("/home/scratch.egaburov_sw/oai-triton/triton-src/triton-solid-01.git/python/test/unit/language/test_warp_specialization.py":328:31)
#loc14 = loc("/home/scratch.egaburov_sw/oai-triton/triton-src/triton-solid-01.git/python/test/unit/language/test_warp_specialization.py":329:24)
#loc15 = loc("/home/scratch.egaburov_sw/oai-triton/triton-src/triton-solid-01.git/python/test/unit/language/test_warp_specialization.py":330:25)
#loc16 = loc("/home/scratch.egaburov_sw/oai-triton/triton-src/triton-solid-01.git/python/test/unit/language/test_warp_specialization.py":331:28)
#loc17 = loc("/home/scratch.egaburov_sw/oai-triton/triton-src/triton-solid-01.git/python/test/unit/language/test_warp_specialization.py":332:28)
#loc18 = loc("/home/scratch.egaburov_sw/oai-triton/triton-src/triton-solid-01.git/python/test/unit/language/test_warp_specialization.py":333:36)
#loc19 = loc("/home/scratch.egaburov_sw/oai-triton/triton-src/triton-solid-01.git/python/test/unit/language/test_warp_specialization.py":333:41)
#loc20 = loc("/home/scratch.egaburov_sw/oai-triton/triton-src/triton-solid-01.git/python/test/unit/language/test_warp_specialization.py":333:12)
#loc21 = loc("/home/scratch.egaburov_sw/oai-triton/triton-src/triton-solid-01.git/python/test/unit/language/test_warp_specialization.py":335:27)
#loc22 = loc("/home/scratch.egaburov_sw/oai-triton/triton-src/triton-solid-01.git/python/test/unit/language/test_warp_specialization.py":336:39)
#loc23 = loc("/home/scratch.egaburov_sw/oai-triton/triton-src/triton-solid-01.git/python/test/unit/language/test_warp_specialization.py":322:4)
#loc25 = loc("/home/scratch.egaburov_sw/oai-triton/triton-src/triton-solid-01.git/python/triton/language/standard.py":43:17)
#loc26 = loc("/home/scratch.egaburov_sw/oai-triton/triton-src/triton-solid-01.git/python/triton/language/standard.py":43:30)
#loc27 = loc("/home/scratch.egaburov_sw/oai-triton/triton-src/triton-solid-01.git/python/triton/language/standard.py":43:11)
#loc28 = loc("/home/scratch.egaburov_sw/oai-triton/triton-src/triton-solid-01.git/python/triton/language/standard.py":43:4)
#loc30 = loc("/home/scratch.egaburov_sw/oai-triton/triton-src/triton-solid-01.git/python/test/unit/language/test_warp_specialization.py":191:38)
#loc31 = loc("/home/scratch.egaburov_sw/oai-triton/triton-src/triton-solid-01.git/python/test/unit/language/test_warp_specialization.py":192:26)
#loc32 = loc("/home/scratch.egaburov_sw/oai-triton/triton-src/triton-solid-01.git/python/test/unit/language/test_warp_specialization.py":193:29)
#loc33 = loc("/home/scratch.egaburov_sw/oai-triton/triton-src/triton-solid-01.git/python/test/unit/language/test_warp_specialization.py":194:35)
#loc34 = loc("/home/scratch.egaburov_sw/oai-triton/triton-src/triton-solid-01.git/python/test/unit/language/test_warp_specialization.py":194:48)
#loc35 = loc("/home/scratch.egaburov_sw/oai-triton/triton-src/triton-solid-01.git/python/test/unit/language/test_warp_specialization.py":195:37)
#loc36 = loc("/home/scratch.egaburov_sw/oai-triton/triton-src/triton-solid-01.git/python/test/unit/language/test_warp_specialization.py":195:27)
#loc37 = loc("/home/scratch.egaburov_sw/oai-triton/triton-src/triton-solid-01.git/python/test/unit/language/test_warp_specialization.py":196:23)
#loc38 = loc("/home/scratch.egaburov_sw/oai-triton/triton-src/triton-solid-01.git/python/test/unit/language/test_warp_specialization.py":196:44)
#loc39 = loc("/home/scratch.egaburov_sw/oai-triton/triton-src/triton-solid-01.git/python/test/unit/language/test_warp_specialization.py":197:11)
#loc40 = loc("/home/scratch.egaburov_sw/oai-triton/triton-src/triton-solid-01.git/python/test/unit/language/test_warp_specialization.py":197:4)
#loc41 = loc("/home/scratch.egaburov_sw/oai-triton/triton-src/triton-solid-01.git/python/triton/language/standard.py":120:0)
#loc42 = loc("/home/scratch.egaburov_sw/oai-triton/triton-src/triton-solid-01.git/python/triton/language/standard.py":129:31)
#loc43 = loc("/home/scratch.egaburov_sw/oai-triton/triton-src/triton-solid-01.git/python/triton/language/standard.py":129:11)
#loc44 = loc("/home/scratch.egaburov_sw/oai-triton/triton-src/triton-solid-01.git/python/triton/language/standard.py":129:4)
#loc54 = loc("a_desc"(#loc1))
#loc55 = loc("b_desc"(#loc2))
#loc56 = loc("c_desc"(#loc3))
#loc57 = loc("start_pid"(#loc4))
#loc58 = loc("num_pid_m"(#loc5))
#loc59 = loc("num_pid_n"(#loc6))
#loc60 = loc("k_tiles"(#loc7))
#loc61 = loc("num_tiles"(#loc8))
#loc62 = loc("off_am"(#loc11))
#loc63 = loc("off_bn"(#loc12))
#loc64 = loc("accumulator"(#loc13))
#loc65 = loc("accumulator"(#loc14))
#loc66 = loc("off_k"(#loc15))
#loc67 = loc("a"(#loc16))
#loc68 = loc("b"(#loc17))
#loc69 = loc("accumulator"(#loc18))
#loc70 = loc("accumulator"(#loc19))
#loc71 = loc("c"(#loc21))
#loc76 = loc("num_pid_in_group"(#loc30))
#loc77 = loc("group_id"(#loc31))
#loc78 = loc("first_pid_m"(#loc32))
#loc79 = loc("group_size_m"(#loc33))
#loc80 = loc("group_size_m"(#loc34))
#loc81 = loc("pid_m"(#loc35))
#loc82 = loc("pid_m"(#loc36))
#loc83 = loc("pid_n"(#loc37))
#loc84 = loc("pid_n"(#loc38))


// -----// IR Dump Before Inliner (inline) ('builtin.module' operation) //----- //
#loc = loc("/home/scratch.egaburov_sw/oai-triton/triton-src/triton-solid-01.git/python/test/unit/language/test_warp_specialization.py":294:0)
#loc24 = loc("/home/scratch.egaburov_sw/oai-triton/triton-src/triton-solid-01.git/python/triton/language/standard.py":34:0)
#loc29 = loc("/home/scratch.egaburov_sw/oai-triton/triton-src/triton-solid-01.git/python/test/unit/language/test_warp_specialization.py":190:0)
#loc45 = loc("a_ptr"(#loc))
#loc46 = loc("b_ptr"(#loc))
#loc47 = loc("c_ptr"(#loc))
#loc48 = loc("a_stride0"(#loc))
#loc49 = loc("b_stride0"(#loc))
#loc50 = loc("c_stride0"(#loc))
#loc51 = loc("M"(#loc))
#loc52 = loc("N"(#loc))
#loc53 = loc("K"(#loc))
#loc72 = loc("x"(#loc24))
#loc73 = loc("tile_id"(#loc29))
#loc74 = loc("num_pid_n"(#loc29))
#loc75 = loc("num_pid_m"(#loc29))
module {
  tt.func public @matmul_tma_persistent_ws_kernel(%a_ptr: !tt.ptr<f16> {tt.divisibility = 16 : i32} loc("a_ptr"(#loc)), %b_ptr: !tt.ptr<f16> {tt.divisibility = 16 : i32} loc("b_ptr"(#loc)), %c_ptr: !tt.ptr<f16> {tt.divisibility = 16 : i32} loc("c_ptr"(#loc)), %a_stride0: i32 {tt.divisibility = 16 : i32} loc("a_stride0"(#loc)), %b_stride0: i32 {tt.divisibility = 16 : i32} loc("b_stride0"(#loc)), %c_stride0: i32 {tt.divisibility = 16 : i32} loc("c_stride0"(#loc)), %M: i32 {tt.divisibility = 16 : i32} loc("M"(#loc)), %N: i32 {tt.divisibility = 16 : i32} loc("N"(#loc)), %K: i32 {tt.divisibility = 16 : i32} loc("K"(#loc))) attributes {noinline = false} {
    %a_desc = arith.extsi %a_stride0 : i32 to i64 loc(#loc54)
    %a_desc_0 = arith.constant 1 : i64 loc(#loc54)
    %a_desc_1 = tt.make_tensor_descriptor %a_ptr, [%M, %K], [%a_desc, %a_desc_0] : !tt.ptr<f16>, !tt.tensordesc<tensor<128x128xf16>> loc(#loc54)
    %b_desc = arith.extsi %b_stride0 : i32 to i64 loc(#loc55)
    %b_desc_2 = arith.constant 1 : i64 loc(#loc55)
    %b_desc_3 = tt.make_tensor_descriptor %b_ptr, [%N, %K], [%b_desc, %b_desc_2] : !tt.ptr<f16>, !tt.tensordesc<tensor<128x128xf16>> loc(#loc55)
    %c_desc = arith.extsi %c_stride0 : i32 to i64 loc(#loc56)
    %c_desc_4 = arith.constant 1 : i64 loc(#loc56)
    %c_desc_5 = tt.make_tensor_descriptor %c_ptr, [%M, %N], [%c_desc, %c_desc_4] : !tt.ptr<f16>, !tt.tensordesc<tensor<128x128xf16>> loc(#loc56)
    %start_pid = tt.get_program_id x : i32 loc(#loc57)
    %num_pid_m = tt.call @"triton.language.standard.cdiv__i32__(1,)cconstexpr_128_"(%M) : (i32) -> i32 loc(#loc58)
    %num_pid_n = tt.call @"triton.language.standard.cdiv__i32__(1,)cconstexpr_128_"(%N) : (i32) -> i32 loc(#loc59)
    %k_tiles = tt.call @"triton.language.standard.cdiv__i32__(1,)cconstexpr_128_"(%K) : (i32) -> i32 loc(#loc60)
    %num_tiles = arith.muli %num_pid_m, %num_pid_n : i32 loc(#loc61)
    %c150_i32 = arith.constant 150 : i32 loc(#loc9)
    %0 = arith.bitcast %start_pid : i32 to i32 loc(#loc9)
    %1 = arith.bitcast %num_tiles : i32 to i32 loc(#loc9)
    %2 = arith.bitcast %c150_i32 : i32 to i32 loc(#loc9)
    %3 = ub.poison : i32 loc(#loc9)
    scf.for %tile_id = %0 to %1 step %2  : i32 {
      %4:2 = tt.call @"test_warp_specialization._compute_pid__i32_i32_i32__(3,)cconstexpr_8_"(%tile_id, %num_pid_n, %num_pid_m) : (i32, i32, i32) -> (i32, i32) loc(#loc10)
      %off_am = arith.constant 128 : i32 loc(#loc62)
      %off_am_6 = arith.constant 128 : i32 loc(#loc62)
      %off_am_7 = arith.muli %4#0, %off_am_6 : i32 loc(#loc62)
      %off_bn = arith.constant 128 : i32 loc(#loc63)
      %off_bn_8 = arith.constant 128 : i32 loc(#loc63)
      %off_bn_9 = arith.muli %4#1, %off_bn_8 : i32 loc(#loc63)
      %accumulator = tt.call @"triton.language.standard.zeros____(0, 0)cconstexpr_128__(0, 1)cconstexpr_128__(1,)cconstexpr_fp32_"() : () -> tensor<128x128xf32> loc(#loc64)
      %c0_i32 = arith.constant 0 : i32 loc(#loc14)
      %c1_i32 = arith.constant 1 : i32 loc(#loc14)
      %5 = arith.bitcast %c0_i32 : i32 to i32 loc(#loc14)
      %6 = arith.bitcast %k_tiles : i32 to i32 loc(#loc14)
      %7 = arith.bitcast %c1_i32 : i32 to i32 loc(#loc14)
      %8 = ub.poison : i32 loc(#loc14)
      %accumulator_10 = scf.for %ki = %5 to %6 step %7 iter_args(%accumulator_11 = %accumulator) -> (tensor<128x128xf32>)  : i32 {
        %off_k = arith.constant 128 : i32 loc(#loc66)
        %off_k_12 = arith.constant 128 : i32 loc(#loc66)
        %off_k_13 = arith.muli %ki, %off_k_12 : i32 loc(#loc66)
        %a = tt.descriptor_load %a_desc_1[%off_am_7, %off_k_13] : !tt.tensordesc<tensor<128x128xf16>> -> tensor<128x128xf16> loc(#loc67)
        %b = tt.descriptor_load %b_desc_3[%off_bn_9, %off_k_13] : !tt.tensordesc<tensor<128x128xf16>> -> tensor<128x128xf16> loc(#loc68)
        %accumulator_14 = tt.trans %b {order = array<i32: 1, 0>} : tensor<128x128xf16> -> tensor<128x128xf16> loc(#loc69)
        %accumulator_15 = arith.constant 0.000000e+00 : f32 loc(#loc70)
        %accumulator_16 = tt.dot %a, %accumulator_14, %accumulator_11, inputPrecision = tf32 : tensor<128x128xf16> * tensor<128x128xf16> -> tensor<128x128xf32> loc(#loc70)
        scf.yield %accumulator_16 : tensor<128x128xf32> loc(#loc20)
      } loc(#loc65)
      %c = arith.truncf %accumulator_10 : tensor<128x128xf32> to tensor<128x128xf16> loc(#loc71)
      tt.descriptor_store %c_desc_5[%off_am_7, %off_bn_9], %c : !tt.tensordesc<tensor<128x128xf16>>, tensor<128x128xf16> loc(#loc22)
    } {tt.flatten, tt.num_stages = 2 : i32, tt.warp_specialize} loc(#loc9)
    tt.return loc(#loc23)
  } loc(#loc)
  tt.func private @"triton.language.standard.cdiv__i32__(1,)cconstexpr_128_"(%x: i32 loc("x"(#loc24))) -> i32 attributes {noinline = false} {
    %c127_i32 = arith.constant 127 : i32 loc(#loc25)
    %c127_i32_0 = arith.constant 127 : i32 loc(#loc25)
    %0 = arith.addi %x, %c127_i32_0 : i32 loc(#loc25)
    %c128_i32 = arith.constant 128 : i32 loc(#loc26)
    %c128_i32_1 = arith.constant 128 : i32 loc(#loc26)
    %1 = arith.divsi %0, %c128_i32_1 : i32 loc(#loc26)
    tt.return %1 : i32 loc(#loc27)
  ^bb1:  // no predecessors
    %2 = ub.poison : i32 loc(#loc28)
    tt.return %2 : i32 loc(#loc28)
  } loc(#loc24)
  tt.func private @"test_warp_specialization._compute_pid__i32_i32_i32__(3,)cconstexpr_8_"(%tile_id: i32 loc("tile_id"(#loc29)), %num_pid_n: i32 loc("num_pid_n"(#loc29)), %num_pid_m: i32 loc("num_pid_m"(#loc29))) -> (i32, i32) attributes {noinline = false} {
    %num_pid_in_group = arith.constant 8 : i32 loc(#loc76)
    %num_pid_in_group_0 = arith.constant 8 : i32 loc(#loc76)
    %num_pid_in_group_1 = arith.muli %num_pid_in_group_0, %num_pid_n : i32 loc(#loc76)
    %group_id = arith.divsi %tile_id, %num_pid_in_group_1 : i32 loc(#loc77)
    %first_pid_m = arith.constant 8 : i32 loc(#loc78)
    %first_pid_m_2 = arith.constant 8 : i32 loc(#loc78)
    %first_pid_m_3 = arith.muli %group_id, %first_pid_m_2 : i32 loc(#loc78)
    %group_size_m = arith.subi %num_pid_m, %first_pid_m_3 : i32 loc(#loc79)
    %group_size_m_4 = arith.constant 8 : i32 loc(#loc80)
    %group_size_m_5 = arith.minsi %group_size_m, %group_size_m_4 : i32 loc(#loc80)
    %pid_m = arith.remsi %tile_id, %group_size_m_5 : i32 loc(#loc81)
    %pid_m_6 = arith.addi %first_pid_m_3, %pid_m : i32 loc(#loc82)
    %pid_n = arith.remsi %tile_id, %num_pid_in_group_1 : i32 loc(#loc83)
    %pid_n_7 = arith.divsi %pid_n, %group_size_m_5 : i32 loc(#loc84)
    tt.return %pid_m_6, %pid_n_7 : i32, i32 loc(#loc39)
  ^bb1:  // no predecessors
    %0 = ub.poison : i32 loc(#loc40)
    %1 = ub.poison : i32 loc(#loc40)
    tt.return %0, %1 : i32, i32 loc(#loc40)
  } loc(#loc29)
  tt.func private @"triton.language.standard.zeros____(0, 0)cconstexpr_128__(0, 1)cconstexpr_128__(1,)cconstexpr_fp32_"() -> tensor<128x128xf32> attributes {noinline = false} {
    %cst = arith.constant 0.000000e+00 : f32 loc(#loc42)
    %cst_0 = arith.constant dense<0.000000e+00> : tensor<128x128xf32> loc(#loc42)
    tt.return %cst_0 : tensor<128x128xf32> loc(#loc43)
  ^bb1:  // no predecessors
    %0 = ub.poison : tensor<128x128xf32> loc(#loc44)
    tt.return %0 : tensor<128x128xf32> loc(#loc44)
  } loc(#loc41)
} loc(#loc)
#loc1 = loc("/home/scratch.egaburov_sw/oai-triton/triton-src/triton-solid-01.git/python/test/unit/language/test_warp_specialization.py":309:39)
#loc2 = loc("/home/scratch.egaburov_sw/oai-triton/triton-src/triton-solid-01.git/python/test/unit/language/test_warp_specialization.py":311:39)
#loc3 = loc("/home/scratch.egaburov_sw/oai-triton/triton-src/triton-solid-01.git/python/test/unit/language/test_warp_specialization.py":313:39)
#loc4 = loc("/home/scratch.egaburov_sw/oai-triton/triton-src/triton-solid-01.git/python/test/unit/language/test_warp_specialization.py":316:30)
#loc5 = loc("/home/scratch.egaburov_sw/oai-triton/triton-src/triton-solid-01.git/python/test/unit/language/test_warp_specialization.py":317:27)
#loc6 = loc("/home/scratch.egaburov_sw/oai-triton/triton-src/triton-solid-01.git/python/test/unit/language/test_warp_specialization.py":318:27)
#loc7 = loc("/home/scratch.egaburov_sw/oai-triton/triton-src/triton-solid-01.git/python/test/unit/language/test_warp_specialization.py":319:25)
#loc8 = loc("/home/scratch.egaburov_sw/oai-triton/triton-src/triton-solid-01.git/python/test/unit/language/test_warp_specialization.py":320:28)
#loc9 = loc("/home/scratch.egaburov_sw/oai-triton/triton-src/triton-solid-01.git/python/test/unit/language/test_warp_specialization.py":323:28)
#loc10 = loc("/home/scratch.egaburov_sw/oai-triton/triton-src/triton-solid-01.git/python/test/unit/language/test_warp_specialization.py":324:67)
#loc11 = loc("/home/scratch.egaburov_sw/oai-triton/triton-src/triton-solid-01.git/python/test/unit/language/test_warp_specialization.py":326:25)
#loc12 = loc("/home/scratch.egaburov_sw/oai-triton/triton-src/triton-solid-01.git/python/test/unit/language/test_warp_specialization.py":327:25)
#loc13 = loc("/home/scratch.egaburov_sw/oai-triton/triton-src/triton-solid-01.git/python/test/unit/language/test_warp_specialization.py":328:31)
#loc14 = loc("/home/scratch.egaburov_sw/oai-triton/triton-src/triton-solid-01.git/python/test/unit/language/test_warp_specialization.py":329:24)
#loc15 = loc("/home/scratch.egaburov_sw/oai-triton/triton-src/triton-solid-01.git/python/test/unit/language/test_warp_specialization.py":330:25)
#loc16 = loc("/home/scratch.egaburov_sw/oai-triton/triton-src/triton-solid-01.git/python/test/unit/language/test_warp_specialization.py":331:28)
#loc17 = loc("/home/scratch.egaburov_sw/oai-triton/triton-src/triton-solid-01.git/python/test/unit/language/test_warp_specialization.py":332:28)
#loc18 = loc("/home/scratch.egaburov_sw/oai-triton/triton-src/triton-solid-01.git/python/test/unit/language/test_warp_specialization.py":333:36)
#loc19 = loc("/home/scratch.egaburov_sw/oai-triton/triton-src/triton-solid-01.git/python/test/unit/language/test_warp_specialization.py":333:41)
#loc20 = loc("/home/scratch.egaburov_sw/oai-triton/triton-src/triton-solid-01.git/python/test/unit/language/test_warp_specialization.py":333:12)
#loc21 = loc("/home/scratch.egaburov_sw/oai-triton/triton-src/triton-solid-01.git/python/test/unit/language/test_warp_specialization.py":335:27)
#loc22 = loc("/home/scratch.egaburov_sw/oai-triton/triton-src/triton-solid-01.git/python/test/unit/language/test_warp_specialization.py":336:39)
#loc23 = loc("/home/scratch.egaburov_sw/oai-triton/triton-src/triton-solid-01.git/python/test/unit/language/test_warp_specialization.py":322:4)
#loc25 = loc("/home/scratch.egaburov_sw/oai-triton/triton-src/triton-solid-01.git/python/triton/language/standard.py":43:17)
#loc26 = loc("/home/scratch.egaburov_sw/oai-triton/triton-src/triton-solid-01.git/python/triton/language/standard.py":43:30)
#loc27 = loc("/home/scratch.egaburov_sw/oai-triton/triton-src/triton-solid-01.git/python/triton/language/standard.py":43:11)
#loc28 = loc("/home/scratch.egaburov_sw/oai-triton/triton-src/triton-solid-01.git/python/triton/language/standard.py":43:4)
#loc30 = loc("/home/scratch.egaburov_sw/oai-triton/triton-src/triton-solid-01.git/python/test/unit/language/test_warp_specialization.py":191:38)
#loc31 = loc("/home/scratch.egaburov_sw/oai-triton/triton-src/triton-solid-01.git/python/test/unit/language/test_warp_specialization.py":192:26)
#loc32 = loc("/home/scratch.egaburov_sw/oai-triton/triton-src/triton-solid-01.git/python/test/unit/language/test_warp_specialization.py":193:29)
#loc33 = loc("/home/scratch.egaburov_sw/oai-triton/triton-src/triton-solid-01.git/python/test/unit/language/test_warp_specialization.py":194:35)
#loc34 = loc("/home/scratch.egaburov_sw/oai-triton/triton-src/triton-solid-01.git/python/test/unit/language/test_warp_specialization.py":194:48)
#loc35 = loc("/home/scratch.egaburov_sw/oai-triton/triton-src/triton-solid-01.git/python/test/unit/language/test_warp_specialization.py":195:37)
#loc36 = loc("/home/scratch.egaburov_sw/oai-triton/triton-src/triton-solid-01.git/python/test/unit/language/test_warp_specialization.py":195:27)
#loc37 = loc("/home/scratch.egaburov_sw/oai-triton/triton-src/triton-solid-01.git/python/test/unit/language/test_warp_specialization.py":196:23)
#loc38 = loc("/home/scratch.egaburov_sw/oai-triton/triton-src/triton-solid-01.git/python/test/unit/language/test_warp_specialization.py":196:44)
#loc39 = loc("/home/scratch.egaburov_sw/oai-triton/triton-src/triton-solid-01.git/python/test/unit/language/test_warp_specialization.py":197:11)
#loc40 = loc("/home/scratch.egaburov_sw/oai-triton/triton-src/triton-solid-01.git/python/test/unit/language/test_warp_specialization.py":197:4)
#loc41 = loc("/home/scratch.egaburov_sw/oai-triton/triton-src/triton-solid-01.git/python/triton/language/standard.py":120:0)
#loc42 = loc("/home/scratch.egaburov_sw/oai-triton/triton-src/triton-solid-01.git/python/triton/language/standard.py":129:31)
#loc43 = loc("/home/scratch.egaburov_sw/oai-triton/triton-src/triton-solid-01.git/python/triton/language/standard.py":129:11)
#loc44 = loc("/home/scratch.egaburov_sw/oai-triton/triton-src/triton-solid-01.git/python/triton/language/standard.py":129:4)
#loc54 = loc("a_desc"(#loc1))
#loc55 = loc("b_desc"(#loc2))
#loc56 = loc("c_desc"(#loc3))
#loc57 = loc("start_pid"(#loc4))
#loc58 = loc("num_pid_m"(#loc5))
#loc59 = loc("num_pid_n"(#loc6))
#loc60 = loc("k_tiles"(#loc7))
#loc61 = loc("num_tiles"(#loc8))
#loc62 = loc("off_am"(#loc11))
#loc63 = loc("off_bn"(#loc12))
#loc64 = loc("accumulator"(#loc13))
#loc65 = loc("accumulator"(#loc14))
#loc66 = loc("off_k"(#loc15))
#loc67 = loc("a"(#loc16))
#loc68 = loc("b"(#loc17))
#loc69 = loc("accumulator"(#loc18))
#loc70 = loc("accumulator"(#loc19))
#loc71 = loc("c"(#loc21))
#loc76 = loc("num_pid_in_group"(#loc30))
#loc77 = loc("group_id"(#loc31))
#loc78 = loc("first_pid_m"(#loc32))
#loc79 = loc("group_size_m"(#loc33))
#loc80 = loc("group_size_m"(#loc34))
#loc81 = loc("pid_m"(#loc35))
#loc82 = loc("pid_m"(#loc36))
#loc83 = loc("pid_n"(#loc37))
#loc84 = loc("pid_n"(#loc38))


// -----// IR Dump Before Canonicalizer (canonicalize) ('tt.func' operation: @triton.language.standard.cdiv__i32__(1,)cconstexpr_128_) //----- //
#loc = loc("/home/scratch.egaburov_sw/oai-triton/triton-src/triton-solid-01.git/python/test/unit/language/test_warp_specialization.py":294:0)
#loc24 = loc("/home/scratch.egaburov_sw/oai-triton/triton-src/triton-solid-01.git/python/triton/language/standard.py":34:0)
#loc29 = loc("/home/scratch.egaburov_sw/oai-triton/triton-src/triton-solid-01.git/python/test/unit/language/test_warp_specialization.py":190:0)
#loc45 = loc("a_ptr"(#loc))
#loc46 = loc("b_ptr"(#loc))
#loc47 = loc("c_ptr"(#loc))
#loc48 = loc("a_stride0"(#loc))
#loc49 = loc("b_stride0"(#loc))
#loc50 = loc("c_stride0"(#loc))
#loc51 = loc("M"(#loc))
#loc52 = loc("N"(#loc))
#loc53 = loc("K"(#loc))
#loc72 = loc("x"(#loc24))
#loc73 = loc("tile_id"(#loc29))
#loc74 = loc("num_pid_n"(#loc29))
#loc75 = loc("num_pid_m"(#loc29))
module {
  tt.func public @matmul_tma_persistent_ws_kernel(%a_ptr: !tt.ptr<f16> {tt.divisibility = 16 : i32} loc("a_ptr"(#loc)), %b_ptr: !tt.ptr<f16> {tt.divisibility = 16 : i32} loc("b_ptr"(#loc)), %c_ptr: !tt.ptr<f16> {tt.divisibility = 16 : i32} loc("c_ptr"(#loc)), %a_stride0: i32 {tt.divisibility = 16 : i32} loc("a_stride0"(#loc)), %b_stride0: i32 {tt.divisibility = 16 : i32} loc("b_stride0"(#loc)), %c_stride0: i32 {tt.divisibility = 16 : i32} loc("c_stride0"(#loc)), %M: i32 {tt.divisibility = 16 : i32} loc("M"(#loc)), %N: i32 {tt.divisibility = 16 : i32} loc("N"(#loc)), %K: i32 {tt.divisibility = 16 : i32} loc("K"(#loc))) attributes {noinline = false} {
    %a_desc = arith.extsi %a_stride0 : i32 to i64 loc(#loc54)
    %a_desc_0 = arith.constant 1 : i64 loc(#loc54)
    %a_desc_1 = tt.make_tensor_descriptor %a_ptr, [%M, %K], [%a_desc, %a_desc_0] : !tt.ptr<f16>, !tt.tensordesc<tensor<128x128xf16>> loc(#loc54)
    %b_desc = arith.extsi %b_stride0 : i32 to i64 loc(#loc55)
    %b_desc_2 = arith.constant 1 : i64 loc(#loc55)
    %b_desc_3 = tt.make_tensor_descriptor %b_ptr, [%N, %K], [%b_desc, %b_desc_2] : !tt.ptr<f16>, !tt.tensordesc<tensor<128x128xf16>> loc(#loc55)
    %c_desc = arith.extsi %c_stride0 : i32 to i64 loc(#loc56)
    %c_desc_4 = arith.constant 1 : i64 loc(#loc56)
    %c_desc_5 = tt.make_tensor_descriptor %c_ptr, [%M, %N], [%c_desc, %c_desc_4] : !tt.ptr<f16>, !tt.tensordesc<tensor<128x128xf16>> loc(#loc56)
    %start_pid = tt.get_program_id x : i32 loc(#loc57)
    %num_pid_m = tt.call @"triton.language.standard.cdiv__i32__(1,)cconstexpr_128_"(%M) : (i32) -> i32 loc(#loc58)
    %num_pid_n = tt.call @"triton.language.standard.cdiv__i32__(1,)cconstexpr_128_"(%N) : (i32) -> i32 loc(#loc59)
    %k_tiles = tt.call @"triton.language.standard.cdiv__i32__(1,)cconstexpr_128_"(%K) : (i32) -> i32 loc(#loc60)
    %num_tiles = arith.muli %num_pid_m, %num_pid_n : i32 loc(#loc61)
    %c150_i32 = arith.constant 150 : i32 loc(#loc9)
    %0 = arith.bitcast %start_pid : i32 to i32 loc(#loc9)
    %1 = arith.bitcast %num_tiles : i32 to i32 loc(#loc9)
    %2 = arith.bitcast %c150_i32 : i32 to i32 loc(#loc9)
    %3 = ub.poison : i32 loc(#loc9)
    scf.for %tile_id = %0 to %1 step %2  : i32 {
      %4:2 = tt.call @"test_warp_specialization._compute_pid__i32_i32_i32__(3,)cconstexpr_8_"(%tile_id, %num_pid_n, %num_pid_m) : (i32, i32, i32) -> (i32, i32) loc(#loc10)
      %off_am = arith.constant 128 : i32 loc(#loc62)
      %off_am_6 = arith.constant 128 : i32 loc(#loc62)
      %off_am_7 = arith.muli %4#0, %off_am_6 : i32 loc(#loc62)
      %off_bn = arith.constant 128 : i32 loc(#loc63)
      %off_bn_8 = arith.constant 128 : i32 loc(#loc63)
      %off_bn_9 = arith.muli %4#1, %off_bn_8 : i32 loc(#loc63)
      %accumulator = tt.call @"triton.language.standard.zeros____(0, 0)cconstexpr_128__(0, 1)cconstexpr_128__(1,)cconstexpr_fp32_"() : () -> tensor<128x128xf32> loc(#loc64)
      %c0_i32 = arith.constant 0 : i32 loc(#loc14)
      %c1_i32 = arith.constant 1 : i32 loc(#loc14)
      %5 = arith.bitcast %c0_i32 : i32 to i32 loc(#loc14)
      %6 = arith.bitcast %k_tiles : i32 to i32 loc(#loc14)
      %7 = arith.bitcast %c1_i32 : i32 to i32 loc(#loc14)
      %8 = ub.poison : i32 loc(#loc14)
      %accumulator_10 = scf.for %ki = %5 to %6 step %7 iter_args(%accumulator_11 = %accumulator) -> (tensor<128x128xf32>)  : i32 {
        %off_k = arith.constant 128 : i32 loc(#loc66)
        %off_k_12 = arith.constant 128 : i32 loc(#loc66)
        %off_k_13 = arith.muli %ki, %off_k_12 : i32 loc(#loc66)
        %a = tt.descriptor_load %a_desc_1[%off_am_7, %off_k_13] : !tt.tensordesc<tensor<128x128xf16>> -> tensor<128x128xf16> loc(#loc67)
        %b = tt.descriptor_load %b_desc_3[%off_bn_9, %off_k_13] : !tt.tensordesc<tensor<128x128xf16>> -> tensor<128x128xf16> loc(#loc68)
        %accumulator_14 = tt.trans %b {order = array<i32: 1, 0>} : tensor<128x128xf16> -> tensor<128x128xf16> loc(#loc69)
        %accumulator_15 = arith.constant 0.000000e+00 : f32 loc(#loc70)
        %accumulator_16 = tt.dot %a, %accumulator_14, %accumulator_11, inputPrecision = tf32 : tensor<128x128xf16> * tensor<128x128xf16> -> tensor<128x128xf32> loc(#loc70)
        scf.yield %accumulator_16 : tensor<128x128xf32> loc(#loc20)
      } loc(#loc65)
      %c = arith.truncf %accumulator_10 : tensor<128x128xf32> to tensor<128x128xf16> loc(#loc71)
      tt.descriptor_store %c_desc_5[%off_am_7, %off_bn_9], %c : !tt.tensordesc<tensor<128x128xf16>>, tensor<128x128xf16> loc(#loc22)
    } {tt.flatten, tt.num_stages = 2 : i32, tt.warp_specialize} loc(#loc9)
    tt.return loc(#loc23)
  } loc(#loc)
  tt.func private @"triton.language.standard.cdiv__i32__(1,)cconstexpr_128_"(%x: i32 loc("x"(#loc24))) -> i32 attributes {noinline = false} {
    %c127_i32 = arith.constant 127 : i32 loc(#loc25)
    %c127_i32_0 = arith.constant 127 : i32 loc(#loc25)
    %0 = arith.addi %x, %c127_i32_0 : i32 loc(#loc25)
    %c128_i32 = arith.constant 128 : i32 loc(#loc26)
    %c128_i32_1 = arith.constant 128 : i32 loc(#loc26)
    %1 = arith.divsi %0, %c128_i32_1 : i32 loc(#loc26)
    tt.return %1 : i32 loc(#loc27)
  ^bb1:  // no predecessors
    %2 = ub.poison : i32 loc(#loc28)
    tt.return %2 : i32 loc(#loc28)
  } loc(#loc24)
  tt.func private @"test_warp_specialization._compute_pid__i32_i32_i32__(3,)cconstexpr_8_"(%tile_id: i32 loc("tile_id"(#loc29)), %num_pid_n: i32 loc("num_pid_n"(#loc29)), %num_pid_m: i32 loc("num_pid_m"(#loc29))) -> (i32, i32) attributes {noinline = false} {
    %num_pid_in_group = arith.constant 8 : i32 loc(#loc76)
    %num_pid_in_group_0 = arith.constant 8 : i32 loc(#loc76)
    %num_pid_in_group_1 = arith.muli %num_pid_in_group_0, %num_pid_n : i32 loc(#loc76)
    %group_id = arith.divsi %tile_id, %num_pid_in_group_1 : i32 loc(#loc77)
    %first_pid_m = arith.constant 8 : i32 loc(#loc78)
    %first_pid_m_2 = arith.constant 8 : i32 loc(#loc78)
    %first_pid_m_3 = arith.muli %group_id, %first_pid_m_2 : i32 loc(#loc78)
    %group_size_m = arith.subi %num_pid_m, %first_pid_m_3 : i32 loc(#loc79)
    %group_size_m_4 = arith.constant 8 : i32 loc(#loc80)
    %group_size_m_5 = arith.minsi %group_size_m, %group_size_m_4 : i32 loc(#loc80)
    %pid_m = arith.remsi %tile_id, %group_size_m_5 : i32 loc(#loc81)
    %pid_m_6 = arith.addi %first_pid_m_3, %pid_m : i32 loc(#loc82)
    %pid_n = arith.remsi %tile_id, %num_pid_in_group_1 : i32 loc(#loc83)
    %pid_n_7 = arith.divsi %pid_n, %group_size_m_5 : i32 loc(#loc84)
    tt.return %pid_m_6, %pid_n_7 : i32, i32 loc(#loc39)
  ^bb1:  // no predecessors
    %0 = ub.poison : i32 loc(#loc40)
    %1 = ub.poison : i32 loc(#loc40)
    tt.return %0, %1 : i32, i32 loc(#loc40)
  } loc(#loc29)
  tt.func private @"triton.language.standard.zeros____(0, 0)cconstexpr_128__(0, 1)cconstexpr_128__(1,)cconstexpr_fp32_"() -> tensor<128x128xf32> attributes {noinline = false} {
    %cst = arith.constant 0.000000e+00 : f32 loc(#loc42)
    %cst_0 = arith.constant dense<0.000000e+00> : tensor<128x128xf32> loc(#loc42)
    tt.return %cst_0 : tensor<128x128xf32> loc(#loc43)
  ^bb1:  // no predecessors
    %0 = ub.poison : tensor<128x128xf32> loc(#loc44)
    tt.return %0 : tensor<128x128xf32> loc(#loc44)
  } loc(#loc41)
} loc(#loc)
#loc1 = loc("/home/scratch.egaburov_sw/oai-triton/triton-src/triton-solid-01.git/python/test/unit/language/test_warp_specialization.py":309:39)
#loc2 = loc("/home/scratch.egaburov_sw/oai-triton/triton-src/triton-solid-01.git/python/test/unit/language/test_warp_specialization.py":311:39)
#loc3 = loc("/home/scratch.egaburov_sw/oai-triton/triton-src/triton-solid-01.git/python/test/unit/language/test_warp_specialization.py":313:39)
#loc4 = loc("/home/scratch.egaburov_sw/oai-triton/triton-src/triton-solid-01.git/python/test/unit/language/test_warp_specialization.py":316:30)
#loc5 = loc("/home/scratch.egaburov_sw/oai-triton/triton-src/triton-solid-01.git/python/test/unit/language/test_warp_specialization.py":317:27)
#loc6 = loc("/home/scratch.egaburov_sw/oai-triton/triton-src/triton-solid-01.git/python/test/unit/language/test_warp_specialization.py":318:27)
#loc7 = loc("/home/scratch.egaburov_sw/oai-triton/triton-src/triton-solid-01.git/python/test/unit/language/test_warp_specialization.py":319:25)
#loc8 = loc("/home/scratch.egaburov_sw/oai-triton/triton-src/triton-solid-01.git/python/test/unit/language/test_warp_specialization.py":320:28)
#loc9 = loc("/home/scratch.egaburov_sw/oai-triton/triton-src/triton-solid-01.git/python/test/unit/language/test_warp_specialization.py":323:28)
#loc10 = loc("/home/scratch.egaburov_sw/oai-triton/triton-src/triton-solid-01.git/python/test/unit/language/test_warp_specialization.py":324:67)
#loc11 = loc("/home/scratch.egaburov_sw/oai-triton/triton-src/triton-solid-01.git/python/test/unit/language/test_warp_specialization.py":326:25)
#loc12 = loc("/home/scratch.egaburov_sw/oai-triton/triton-src/triton-solid-01.git/python/test/unit/language/test_warp_specialization.py":327:25)
#loc13 = loc("/home/scratch.egaburov_sw/oai-triton/triton-src/triton-solid-01.git/python/test/unit/language/test_warp_specialization.py":328:31)
#loc14 = loc("/home/scratch.egaburov_sw/oai-triton/triton-src/triton-solid-01.git/python/test/unit/language/test_warp_specialization.py":329:24)
#loc15 = loc("/home/scratch.egaburov_sw/oai-triton/triton-src/triton-solid-01.git/python/test/unit/language/test_warp_specialization.py":330:25)
#loc16 = loc("/home/scratch.egaburov_sw/oai-triton/triton-src/triton-solid-01.git/python/test/unit/language/test_warp_specialization.py":331:28)
#loc17 = loc("/home/scratch.egaburov_sw/oai-triton/triton-src/triton-solid-01.git/python/test/unit/language/test_warp_specialization.py":332:28)
#loc18 = loc("/home/scratch.egaburov_sw/oai-triton/triton-src/triton-solid-01.git/python/test/unit/language/test_warp_specialization.py":333:36)
#loc19 = loc("/home/scratch.egaburov_sw/oai-triton/triton-src/triton-solid-01.git/python/test/unit/language/test_warp_specialization.py":333:41)
#loc20 = loc("/home/scratch.egaburov_sw/oai-triton/triton-src/triton-solid-01.git/python/test/unit/language/test_warp_specialization.py":333:12)
#loc21 = loc("/home/scratch.egaburov_sw/oai-triton/triton-src/triton-solid-01.git/python/test/unit/language/test_warp_specialization.py":335:27)
#loc22 = loc("/home/scratch.egaburov_sw/oai-triton/triton-src/triton-solid-01.git/python/test/unit/language/test_warp_specialization.py":336:39)
#loc23 = loc("/home/scratch.egaburov_sw/oai-triton/triton-src/triton-solid-01.git/python/test/unit/language/test_warp_specialization.py":322:4)
#loc25 = loc("/home/scratch.egaburov_sw/oai-triton/triton-src/triton-solid-01.git/python/triton/language/standard.py":43:17)
#loc26 = loc("/home/scratch.egaburov_sw/oai-triton/triton-src/triton-solid-01.git/python/triton/language/standard.py":43:30)
#loc27 = loc("/home/scratch.egaburov_sw/oai-triton/triton-src/triton-solid-01.git/python/triton/language/standard.py":43:11)
#loc28 = loc("/home/scratch.egaburov_sw/oai-triton/triton-src/triton-solid-01.git/python/triton/language/standard.py":43:4)
#loc30 = loc("/home/scratch.egaburov_sw/oai-triton/triton-src/triton-solid-01.git/python/test/unit/language/test_warp_specialization.py":191:38)
#loc31 = loc("/home/scratch.egaburov_sw/oai-triton/triton-src/triton-solid-01.git/python/test/unit/language/test_warp_specialization.py":192:26)
#loc32 = loc("/home/scratch.egaburov_sw/oai-triton/triton-src/triton-solid-01.git/python/test/unit/language/test_warp_specialization.py":193:29)
#loc33 = loc("/home/scratch.egaburov_sw/oai-triton/triton-src/triton-solid-01.git/python/test/unit/language/test_warp_specialization.py":194:35)
#loc34 = loc("/home/scratch.egaburov_sw/oai-triton/triton-src/triton-solid-01.git/python/test/unit/language/test_warp_specialization.py":194:48)
#loc35 = loc("/home/scratch.egaburov_sw/oai-triton/triton-src/triton-solid-01.git/python/test/unit/language/test_warp_specialization.py":195:37)
#loc36 = loc("/home/scratch.egaburov_sw/oai-triton/triton-src/triton-solid-01.git/python/test/unit/language/test_warp_specialization.py":195:27)
#loc37 = loc("/home/scratch.egaburov_sw/oai-triton/triton-src/triton-solid-01.git/python/test/unit/language/test_warp_specialization.py":196:23)
#loc38 = loc("/home/scratch.egaburov_sw/oai-triton/triton-src/triton-solid-01.git/python/test/unit/language/test_warp_specialization.py":196:44)
#loc39 = loc("/home/scratch.egaburov_sw/oai-triton/triton-src/triton-solid-01.git/python/test/unit/language/test_warp_specialization.py":197:11)
#loc40 = loc("/home/scratch.egaburov_sw/oai-triton/triton-src/triton-solid-01.git/python/test/unit/language/test_warp_specialization.py":197:4)
#loc41 = loc("/home/scratch.egaburov_sw/oai-triton/triton-src/triton-solid-01.git/python/triton/language/standard.py":120:0)
#loc42 = loc("/home/scratch.egaburov_sw/oai-triton/triton-src/triton-solid-01.git/python/triton/language/standard.py":129:31)
#loc43 = loc("/home/scratch.egaburov_sw/oai-triton/triton-src/triton-solid-01.git/python/triton/language/standard.py":129:11)
#loc44 = loc("/home/scratch.egaburov_sw/oai-triton/triton-src/triton-solid-01.git/python/triton/language/standard.py":129:4)
#loc54 = loc("a_desc"(#loc1))
#loc55 = loc("b_desc"(#loc2))
#loc56 = loc("c_desc"(#loc3))
#loc57 = loc("start_pid"(#loc4))
#loc58 = loc("num_pid_m"(#loc5))
#loc59 = loc("num_pid_n"(#loc6))
#loc60 = loc("k_tiles"(#loc7))
#loc61 = loc("num_tiles"(#loc8))
#loc62 = loc("off_am"(#loc11))
#loc63 = loc("off_bn"(#loc12))
#loc64 = loc("accumulator"(#loc13))
#loc65 = loc("accumulator"(#loc14))
#loc66 = loc("off_k"(#loc15))
#loc67 = loc("a"(#loc16))
#loc68 = loc("b"(#loc17))
#loc69 = loc("accumulator"(#loc18))
#loc70 = loc("accumulator"(#loc19))
#loc71 = loc("c"(#loc21))
#loc76 = loc("num_pid_in_group"(#loc30))
#loc77 = loc("group_id"(#loc31))
#loc78 = loc("first_pid_m"(#loc32))
#loc79 = loc("group_size_m"(#loc33))
#loc80 = loc("group_size_m"(#loc34))
#loc81 = loc("pid_m"(#loc35))
#loc82 = loc("pid_m"(#loc36))
#loc83 = loc("pid_n"(#loc37))
#loc84 = loc("pid_n"(#loc38))


// -----// IR Dump Before Canonicalizer (canonicalize) ('tt.func' operation: @test_warp_specialization._compute_pid__i32_i32_i32__(3,)cconstexpr_8_) //----- //
#loc = loc("/home/scratch.egaburov_sw/oai-triton/triton-src/triton-solid-01.git/python/test/unit/language/test_warp_specialization.py":294:0)
#loc24 = loc("/home/scratch.egaburov_sw/oai-triton/triton-src/triton-solid-01.git/python/triton/language/standard.py":34:0)
#loc29 = loc("/home/scratch.egaburov_sw/oai-triton/triton-src/triton-solid-01.git/python/test/unit/language/test_warp_specialization.py":190:0)
#loc45 = loc("a_ptr"(#loc))
#loc46 = loc("b_ptr"(#loc))
#loc47 = loc("c_ptr"(#loc))
#loc48 = loc("a_stride0"(#loc))
#loc49 = loc("b_stride0"(#loc))
#loc50 = loc("c_stride0"(#loc))
#loc51 = loc("M"(#loc))
#loc52 = loc("N"(#loc))
#loc53 = loc("K"(#loc))
#loc72 = loc("x"(#loc24))
#loc73 = loc("tile_id"(#loc29))
#loc74 = loc("num_pid_n"(#loc29))
#loc75 = loc("num_pid_m"(#loc29))
module {
  tt.func public @matmul_tma_persistent_ws_kernel(%a_ptr: !tt.ptr<f16> {tt.divisibility = 16 : i32} loc("a_ptr"(#loc)), %b_ptr: !tt.ptr<f16> {tt.divisibility = 16 : i32} loc("b_ptr"(#loc)), %c_ptr: !tt.ptr<f16> {tt.divisibility = 16 : i32} loc("c_ptr"(#loc)), %a_stride0: i32 {tt.divisibility = 16 : i32} loc("a_stride0"(#loc)), %b_stride0: i32 {tt.divisibility = 16 : i32} loc("b_stride0"(#loc)), %c_stride0: i32 {tt.divisibility = 16 : i32} loc("c_stride0"(#loc)), %M: i32 {tt.divisibility = 16 : i32} loc("M"(#loc)), %N: i32 {tt.divisibility = 16 : i32} loc("N"(#loc)), %K: i32 {tt.divisibility = 16 : i32} loc("K"(#loc))) attributes {noinline = false} {
    %a_desc = arith.extsi %a_stride0 : i32 to i64 loc(#loc54)
    %a_desc_0 = arith.constant 1 : i64 loc(#loc54)
    %a_desc_1 = tt.make_tensor_descriptor %a_ptr, [%M, %K], [%a_desc, %a_desc_0] : !tt.ptr<f16>, !tt.tensordesc<tensor<128x128xf16>> loc(#loc54)
    %b_desc = arith.extsi %b_stride0 : i32 to i64 loc(#loc55)
    %b_desc_2 = arith.constant 1 : i64 loc(#loc55)
    %b_desc_3 = tt.make_tensor_descriptor %b_ptr, [%N, %K], [%b_desc, %b_desc_2] : !tt.ptr<f16>, !tt.tensordesc<tensor<128x128xf16>> loc(#loc55)
    %c_desc = arith.extsi %c_stride0 : i32 to i64 loc(#loc56)
    %c_desc_4 = arith.constant 1 : i64 loc(#loc56)
    %c_desc_5 = tt.make_tensor_descriptor %c_ptr, [%M, %N], [%c_desc, %c_desc_4] : !tt.ptr<f16>, !tt.tensordesc<tensor<128x128xf16>> loc(#loc56)
    %start_pid = tt.get_program_id x : i32 loc(#loc57)
    %num_pid_m = tt.call @"triton.language.standard.cdiv__i32__(1,)cconstexpr_128_"(%M) : (i32) -> i32 loc(#loc58)
    %num_pid_n = tt.call @"triton.language.standard.cdiv__i32__(1,)cconstexpr_128_"(%N) : (i32) -> i32 loc(#loc59)
    %k_tiles = tt.call @"triton.language.standard.cdiv__i32__(1,)cconstexpr_128_"(%K) : (i32) -> i32 loc(#loc60)
    %num_tiles = arith.muli %num_pid_m, %num_pid_n : i32 loc(#loc61)
    %c150_i32 = arith.constant 150 : i32 loc(#loc9)
    %0 = arith.bitcast %start_pid : i32 to i32 loc(#loc9)
    %1 = arith.bitcast %num_tiles : i32 to i32 loc(#loc9)
    %2 = arith.bitcast %c150_i32 : i32 to i32 loc(#loc9)
    %3 = ub.poison : i32 loc(#loc9)
    scf.for %tile_id = %0 to %1 step %2  : i32 {
      %4:2 = tt.call @"test_warp_specialization._compute_pid__i32_i32_i32__(3,)cconstexpr_8_"(%tile_id, %num_pid_n, %num_pid_m) : (i32, i32, i32) -> (i32, i32) loc(#loc10)
      %off_am = arith.constant 128 : i32 loc(#loc62)
      %off_am_6 = arith.constant 128 : i32 loc(#loc62)
      %off_am_7 = arith.muli %4#0, %off_am_6 : i32 loc(#loc62)
      %off_bn = arith.constant 128 : i32 loc(#loc63)
      %off_bn_8 = arith.constant 128 : i32 loc(#loc63)
      %off_bn_9 = arith.muli %4#1, %off_bn_8 : i32 loc(#loc63)
      %accumulator = tt.call @"triton.language.standard.zeros____(0, 0)cconstexpr_128__(0, 1)cconstexpr_128__(1,)cconstexpr_fp32_"() : () -> tensor<128x128xf32> loc(#loc64)
      %c0_i32 = arith.constant 0 : i32 loc(#loc14)
      %c1_i32 = arith.constant 1 : i32 loc(#loc14)
      %5 = arith.bitcast %c0_i32 : i32 to i32 loc(#loc14)
      %6 = arith.bitcast %k_tiles : i32 to i32 loc(#loc14)
      %7 = arith.bitcast %c1_i32 : i32 to i32 loc(#loc14)
      %8 = ub.poison : i32 loc(#loc14)
      %accumulator_10 = scf.for %ki = %5 to %6 step %7 iter_args(%accumulator_11 = %accumulator) -> (tensor<128x128xf32>)  : i32 {
        %off_k = arith.constant 128 : i32 loc(#loc66)
        %off_k_12 = arith.constant 128 : i32 loc(#loc66)
        %off_k_13 = arith.muli %ki, %off_k_12 : i32 loc(#loc66)
        %a = tt.descriptor_load %a_desc_1[%off_am_7, %off_k_13] : !tt.tensordesc<tensor<128x128xf16>> -> tensor<128x128xf16> loc(#loc67)
        %b = tt.descriptor_load %b_desc_3[%off_bn_9, %off_k_13] : !tt.tensordesc<tensor<128x128xf16>> -> tensor<128x128xf16> loc(#loc68)
        %accumulator_14 = tt.trans %b {order = array<i32: 1, 0>} : tensor<128x128xf16> -> tensor<128x128xf16> loc(#loc69)
        %accumulator_15 = arith.constant 0.000000e+00 : f32 loc(#loc70)
        %accumulator_16 = tt.dot %a, %accumulator_14, %accumulator_11, inputPrecision = tf32 : tensor<128x128xf16> * tensor<128x128xf16> -> tensor<128x128xf32> loc(#loc70)
        scf.yield %accumulator_16 : tensor<128x128xf32> loc(#loc20)
      } loc(#loc65)
      %c = arith.truncf %accumulator_10 : tensor<128x128xf32> to tensor<128x128xf16> loc(#loc71)
      tt.descriptor_store %c_desc_5[%off_am_7, %off_bn_9], %c : !tt.tensordesc<tensor<128x128xf16>>, tensor<128x128xf16> loc(#loc22)
    } {tt.flatten, tt.num_stages = 2 : i32, tt.warp_specialize} loc(#loc9)
    tt.return loc(#loc23)
  } loc(#loc)
  tt.func private @"triton.language.standard.cdiv__i32__(1,)cconstexpr_128_"(%x: i32 loc("x"(#loc24))) -> i32 attributes {noinline = false} {
    %c128_i32 = arith.constant 128 : i32 loc(#loc25)
    %c127_i32 = arith.constant 127 : i32 loc(#loc25)
    %0 = arith.addi %x, %c127_i32 : i32 loc(#loc26)
    %1 = arith.divsi %0, %c128_i32 : i32 loc(#loc27)
    tt.return %1 : i32 loc(#loc28)
  } loc(#loc24)
  tt.func private @"test_warp_specialization._compute_pid__i32_i32_i32__(3,)cconstexpr_8_"(%tile_id: i32 loc("tile_id"(#loc29)), %num_pid_n: i32 loc("num_pid_n"(#loc29)), %num_pid_m: i32 loc("num_pid_m"(#loc29))) -> (i32, i32) attributes {noinline = false} {
    %num_pid_in_group = arith.constant 8 : i32 loc(#loc76)
    %num_pid_in_group_0 = arith.constant 8 : i32 loc(#loc76)
    %num_pid_in_group_1 = arith.muli %num_pid_in_group_0, %num_pid_n : i32 loc(#loc76)
    %group_id = arith.divsi %tile_id, %num_pid_in_group_1 : i32 loc(#loc77)
    %first_pid_m = arith.constant 8 : i32 loc(#loc78)
    %first_pid_m_2 = arith.constant 8 : i32 loc(#loc78)
    %first_pid_m_3 = arith.muli %group_id, %first_pid_m_2 : i32 loc(#loc78)
    %group_size_m = arith.subi %num_pid_m, %first_pid_m_3 : i32 loc(#loc79)
    %group_size_m_4 = arith.constant 8 : i32 loc(#loc80)
    %group_size_m_5 = arith.minsi %group_size_m, %group_size_m_4 : i32 loc(#loc80)
    %pid_m = arith.remsi %tile_id, %group_size_m_5 : i32 loc(#loc81)
    %pid_m_6 = arith.addi %first_pid_m_3, %pid_m : i32 loc(#loc82)
    %pid_n = arith.remsi %tile_id, %num_pid_in_group_1 : i32 loc(#loc83)
    %pid_n_7 = arith.divsi %pid_n, %group_size_m_5 : i32 loc(#loc84)
    tt.return %pid_m_6, %pid_n_7 : i32, i32 loc(#loc39)
  ^bb1:  // no predecessors
    %0 = ub.poison : i32 loc(#loc40)
    %1 = ub.poison : i32 loc(#loc40)
    tt.return %0, %1 : i32, i32 loc(#loc40)
  } loc(#loc29)
  tt.func private @"triton.language.standard.zeros____(0, 0)cconstexpr_128__(0, 1)cconstexpr_128__(1,)cconstexpr_fp32_"() -> tensor<128x128xf32> attributes {noinline = false} {
    %cst = arith.constant 0.000000e+00 : f32 loc(#loc42)
    %cst_0 = arith.constant dense<0.000000e+00> : tensor<128x128xf32> loc(#loc42)
    tt.return %cst_0 : tensor<128x128xf32> loc(#loc43)
  ^bb1:  // no predecessors
    %0 = ub.poison : tensor<128x128xf32> loc(#loc44)
    tt.return %0 : tensor<128x128xf32> loc(#loc44)
  } loc(#loc41)
} loc(#loc)
#loc1 = loc("/home/scratch.egaburov_sw/oai-triton/triton-src/triton-solid-01.git/python/test/unit/language/test_warp_specialization.py":309:39)
#loc2 = loc("/home/scratch.egaburov_sw/oai-triton/triton-src/triton-solid-01.git/python/test/unit/language/test_warp_specialization.py":311:39)
#loc3 = loc("/home/scratch.egaburov_sw/oai-triton/triton-src/triton-solid-01.git/python/test/unit/language/test_warp_specialization.py":313:39)
#loc4 = loc("/home/scratch.egaburov_sw/oai-triton/triton-src/triton-solid-01.git/python/test/unit/language/test_warp_specialization.py":316:30)
#loc5 = loc("/home/scratch.egaburov_sw/oai-triton/triton-src/triton-solid-01.git/python/test/unit/language/test_warp_specialization.py":317:27)
#loc6 = loc("/home/scratch.egaburov_sw/oai-triton/triton-src/triton-solid-01.git/python/test/unit/language/test_warp_specialization.py":318:27)
#loc7 = loc("/home/scratch.egaburov_sw/oai-triton/triton-src/triton-solid-01.git/python/test/unit/language/test_warp_specialization.py":319:25)
#loc8 = loc("/home/scratch.egaburov_sw/oai-triton/triton-src/triton-solid-01.git/python/test/unit/language/test_warp_specialization.py":320:28)
#loc9 = loc("/home/scratch.egaburov_sw/oai-triton/triton-src/triton-solid-01.git/python/test/unit/language/test_warp_specialization.py":323:28)
#loc10 = loc("/home/scratch.egaburov_sw/oai-triton/triton-src/triton-solid-01.git/python/test/unit/language/test_warp_specialization.py":324:67)
#loc11 = loc("/home/scratch.egaburov_sw/oai-triton/triton-src/triton-solid-01.git/python/test/unit/language/test_warp_specialization.py":326:25)
#loc12 = loc("/home/scratch.egaburov_sw/oai-triton/triton-src/triton-solid-01.git/python/test/unit/language/test_warp_specialization.py":327:25)
#loc13 = loc("/home/scratch.egaburov_sw/oai-triton/triton-src/triton-solid-01.git/python/test/unit/language/test_warp_specialization.py":328:31)
#loc14 = loc("/home/scratch.egaburov_sw/oai-triton/triton-src/triton-solid-01.git/python/test/unit/language/test_warp_specialization.py":329:24)
#loc15 = loc("/home/scratch.egaburov_sw/oai-triton/triton-src/triton-solid-01.git/python/test/unit/language/test_warp_specialization.py":330:25)
#loc16 = loc("/home/scratch.egaburov_sw/oai-triton/triton-src/triton-solid-01.git/python/test/unit/language/test_warp_specialization.py":331:28)
#loc17 = loc("/home/scratch.egaburov_sw/oai-triton/triton-src/triton-solid-01.git/python/test/unit/language/test_warp_specialization.py":332:28)
#loc18 = loc("/home/scratch.egaburov_sw/oai-triton/triton-src/triton-solid-01.git/python/test/unit/language/test_warp_specialization.py":333:36)
#loc19 = loc("/home/scratch.egaburov_sw/oai-triton/triton-src/triton-solid-01.git/python/test/unit/language/test_warp_specialization.py":333:41)
#loc20 = loc("/home/scratch.egaburov_sw/oai-triton/triton-src/triton-solid-01.git/python/test/unit/language/test_warp_specialization.py":333:12)
#loc21 = loc("/home/scratch.egaburov_sw/oai-triton/triton-src/triton-solid-01.git/python/test/unit/language/test_warp_specialization.py":335:27)
#loc22 = loc("/home/scratch.egaburov_sw/oai-triton/triton-src/triton-solid-01.git/python/test/unit/language/test_warp_specialization.py":336:39)
#loc23 = loc("/home/scratch.egaburov_sw/oai-triton/triton-src/triton-solid-01.git/python/test/unit/language/test_warp_specialization.py":322:4)
#loc25 = loc(unknown)
#loc26 = loc("/home/scratch.egaburov_sw/oai-triton/triton-src/triton-solid-01.git/python/triton/language/standard.py":43:17)
#loc27 = loc("/home/scratch.egaburov_sw/oai-triton/triton-src/triton-solid-01.git/python/triton/language/standard.py":43:30)
#loc28 = loc("/home/scratch.egaburov_sw/oai-triton/triton-src/triton-solid-01.git/python/triton/language/standard.py":43:11)
#loc30 = loc("/home/scratch.egaburov_sw/oai-triton/triton-src/triton-solid-01.git/python/test/unit/language/test_warp_specialization.py":191:38)
#loc31 = loc("/home/scratch.egaburov_sw/oai-triton/triton-src/triton-solid-01.git/python/test/unit/language/test_warp_specialization.py":192:26)
#loc32 = loc("/home/scratch.egaburov_sw/oai-triton/triton-src/triton-solid-01.git/python/test/unit/language/test_warp_specialization.py":193:29)
#loc33 = loc("/home/scratch.egaburov_sw/oai-triton/triton-src/triton-solid-01.git/python/test/unit/language/test_warp_specialization.py":194:35)
#loc34 = loc("/home/scratch.egaburov_sw/oai-triton/triton-src/triton-solid-01.git/python/test/unit/language/test_warp_specialization.py":194:48)
#loc35 = loc("/home/scratch.egaburov_sw/oai-triton/triton-src/triton-solid-01.git/python/test/unit/language/test_warp_specialization.py":195:37)
#loc36 = loc("/home/scratch.egaburov_sw/oai-triton/triton-src/triton-solid-01.git/python/test/unit/language/test_warp_specialization.py":195:27)
#loc37 = loc("/home/scratch.egaburov_sw/oai-triton/triton-src/triton-solid-01.git/python/test/unit/language/test_warp_specialization.py":196:23)
#loc38 = loc("/home/scratch.egaburov_sw/oai-triton/triton-src/triton-solid-01.git/python/test/unit/language/test_warp_specialization.py":196:44)
#loc39 = loc("/home/scratch.egaburov_sw/oai-triton/triton-src/triton-solid-01.git/python/test/unit/language/test_warp_specialization.py":197:11)
#loc40 = loc("/home/scratch.egaburov_sw/oai-triton/triton-src/triton-solid-01.git/python/test/unit/language/test_warp_specialization.py":197:4)
#loc41 = loc("/home/scratch.egaburov_sw/oai-triton/triton-src/triton-solid-01.git/python/triton/language/standard.py":120:0)
#loc42 = loc("/home/scratch.egaburov_sw/oai-triton/triton-src/triton-solid-01.git/python/triton/language/standard.py":129:31)
#loc43 = loc("/home/scratch.egaburov_sw/oai-triton/triton-src/triton-solid-01.git/python/triton/language/standard.py":129:11)
#loc44 = loc("/home/scratch.egaburov_sw/oai-triton/triton-src/triton-solid-01.git/python/triton/language/standard.py":129:4)
#loc54 = loc("a_desc"(#loc1))
#loc55 = loc("b_desc"(#loc2))
#loc56 = loc("c_desc"(#loc3))
#loc57 = loc("start_pid"(#loc4))
#loc58 = loc("num_pid_m"(#loc5))
#loc59 = loc("num_pid_n"(#loc6))
#loc60 = loc("k_tiles"(#loc7))
#loc61 = loc("num_tiles"(#loc8))
#loc62 = loc("off_am"(#loc11))
#loc63 = loc("off_bn"(#loc12))
#loc64 = loc("accumulator"(#loc13))
#loc65 = loc("accumulator"(#loc14))
#loc66 = loc("off_k"(#loc15))
#loc67 = loc("a"(#loc16))
#loc68 = loc("b"(#loc17))
#loc69 = loc("accumulator"(#loc18))
#loc70 = loc("accumulator"(#loc19))
#loc71 = loc("c"(#loc21))
#loc76 = loc("num_pid_in_group"(#loc30))
#loc77 = loc("group_id"(#loc31))
#loc78 = loc("first_pid_m"(#loc32))
#loc79 = loc("group_size_m"(#loc33))
#loc80 = loc("group_size_m"(#loc34))
#loc81 = loc("pid_m"(#loc35))
#loc82 = loc("pid_m"(#loc36))
#loc83 = loc("pid_n"(#loc37))
#loc84 = loc("pid_n"(#loc38))


// -----// IR Dump Before Canonicalizer (canonicalize) ('tt.func' operation: @triton.language.standard.zeros____(0, 0)cconstexpr_128__(0, 1)cconstexpr_128__(1,)cconstexpr_fp32_) //----- //
#loc = loc("/home/scratch.egaburov_sw/oai-triton/triton-src/triton-solid-01.git/python/test/unit/language/test_warp_specialization.py":294:0)
#loc24 = loc("/home/scratch.egaburov_sw/oai-triton/triton-src/triton-solid-01.git/python/triton/language/standard.py":34:0)
#loc29 = loc("/home/scratch.egaburov_sw/oai-triton/triton-src/triton-solid-01.git/python/test/unit/language/test_warp_specialization.py":190:0)
#loc44 = loc("a_ptr"(#loc))
#loc45 = loc("b_ptr"(#loc))
#loc46 = loc("c_ptr"(#loc))
#loc47 = loc("a_stride0"(#loc))
#loc48 = loc("b_stride0"(#loc))
#loc49 = loc("c_stride0"(#loc))
#loc50 = loc("M"(#loc))
#loc51 = loc("N"(#loc))
#loc52 = loc("K"(#loc))
#loc71 = loc("x"(#loc24))
#loc72 = loc("tile_id"(#loc29))
#loc73 = loc("num_pid_n"(#loc29))
#loc74 = loc("num_pid_m"(#loc29))
module {
  tt.func public @matmul_tma_persistent_ws_kernel(%a_ptr: !tt.ptr<f16> {tt.divisibility = 16 : i32} loc("a_ptr"(#loc)), %b_ptr: !tt.ptr<f16> {tt.divisibility = 16 : i32} loc("b_ptr"(#loc)), %c_ptr: !tt.ptr<f16> {tt.divisibility = 16 : i32} loc("c_ptr"(#loc)), %a_stride0: i32 {tt.divisibility = 16 : i32} loc("a_stride0"(#loc)), %b_stride0: i32 {tt.divisibility = 16 : i32} loc("b_stride0"(#loc)), %c_stride0: i32 {tt.divisibility = 16 : i32} loc("c_stride0"(#loc)), %M: i32 {tt.divisibility = 16 : i32} loc("M"(#loc)), %N: i32 {tt.divisibility = 16 : i32} loc("N"(#loc)), %K: i32 {tt.divisibility = 16 : i32} loc("K"(#loc))) attributes {noinline = false} {
    %a_desc = arith.extsi %a_stride0 : i32 to i64 loc(#loc53)
    %a_desc_0 = arith.constant 1 : i64 loc(#loc53)
    %a_desc_1 = tt.make_tensor_descriptor %a_ptr, [%M, %K], [%a_desc, %a_desc_0] : !tt.ptr<f16>, !tt.tensordesc<tensor<128x128xf16>> loc(#loc53)
    %b_desc = arith.extsi %b_stride0 : i32 to i64 loc(#loc54)
    %b_desc_2 = arith.constant 1 : i64 loc(#loc54)
    %b_desc_3 = tt.make_tensor_descriptor %b_ptr, [%N, %K], [%b_desc, %b_desc_2] : !tt.ptr<f16>, !tt.tensordesc<tensor<128x128xf16>> loc(#loc54)
    %c_desc = arith.extsi %c_stride0 : i32 to i64 loc(#loc55)
    %c_desc_4 = arith.constant 1 : i64 loc(#loc55)
    %c_desc_5 = tt.make_tensor_descriptor %c_ptr, [%M, %N], [%c_desc, %c_desc_4] : !tt.ptr<f16>, !tt.tensordesc<tensor<128x128xf16>> loc(#loc55)
    %start_pid = tt.get_program_id x : i32 loc(#loc56)
    %num_pid_m = tt.call @"triton.language.standard.cdiv__i32__(1,)cconstexpr_128_"(%M) : (i32) -> i32 loc(#loc57)
    %num_pid_n = tt.call @"triton.language.standard.cdiv__i32__(1,)cconstexpr_128_"(%N) : (i32) -> i32 loc(#loc58)
    %k_tiles = tt.call @"triton.language.standard.cdiv__i32__(1,)cconstexpr_128_"(%K) : (i32) -> i32 loc(#loc59)
    %num_tiles = arith.muli %num_pid_m, %num_pid_n : i32 loc(#loc60)
    %c150_i32 = arith.constant 150 : i32 loc(#loc9)
    %0 = arith.bitcast %start_pid : i32 to i32 loc(#loc9)
    %1 = arith.bitcast %num_tiles : i32 to i32 loc(#loc9)
    %2 = arith.bitcast %c150_i32 : i32 to i32 loc(#loc9)
    %3 = ub.poison : i32 loc(#loc9)
    scf.for %tile_id = %0 to %1 step %2  : i32 {
      %4:2 = tt.call @"test_warp_specialization._compute_pid__i32_i32_i32__(3,)cconstexpr_8_"(%tile_id, %num_pid_n, %num_pid_m) : (i32, i32, i32) -> (i32, i32) loc(#loc10)
      %off_am = arith.constant 128 : i32 loc(#loc61)
      %off_am_6 = arith.constant 128 : i32 loc(#loc61)
      %off_am_7 = arith.muli %4#0, %off_am_6 : i32 loc(#loc61)
      %off_bn = arith.constant 128 : i32 loc(#loc62)
      %off_bn_8 = arith.constant 128 : i32 loc(#loc62)
      %off_bn_9 = arith.muli %4#1, %off_bn_8 : i32 loc(#loc62)
      %accumulator = tt.call @"triton.language.standard.zeros____(0, 0)cconstexpr_128__(0, 1)cconstexpr_128__(1,)cconstexpr_fp32_"() : () -> tensor<128x128xf32> loc(#loc63)
      %c0_i32 = arith.constant 0 : i32 loc(#loc14)
      %c1_i32 = arith.constant 1 : i32 loc(#loc14)
      %5 = arith.bitcast %c0_i32 : i32 to i32 loc(#loc14)
      %6 = arith.bitcast %k_tiles : i32 to i32 loc(#loc14)
      %7 = arith.bitcast %c1_i32 : i32 to i32 loc(#loc14)
      %8 = ub.poison : i32 loc(#loc14)
      %accumulator_10 = scf.for %ki = %5 to %6 step %7 iter_args(%accumulator_11 = %accumulator) -> (tensor<128x128xf32>)  : i32 {
        %off_k = arith.constant 128 : i32 loc(#loc65)
        %off_k_12 = arith.constant 128 : i32 loc(#loc65)
        %off_k_13 = arith.muli %ki, %off_k_12 : i32 loc(#loc65)
        %a = tt.descriptor_load %a_desc_1[%off_am_7, %off_k_13] : !tt.tensordesc<tensor<128x128xf16>> -> tensor<128x128xf16> loc(#loc66)
        %b = tt.descriptor_load %b_desc_3[%off_bn_9, %off_k_13] : !tt.tensordesc<tensor<128x128xf16>> -> tensor<128x128xf16> loc(#loc67)
        %accumulator_14 = tt.trans %b {order = array<i32: 1, 0>} : tensor<128x128xf16> -> tensor<128x128xf16> loc(#loc68)
        %accumulator_15 = arith.constant 0.000000e+00 : f32 loc(#loc69)
        %accumulator_16 = tt.dot %a, %accumulator_14, %accumulator_11, inputPrecision = tf32 : tensor<128x128xf16> * tensor<128x128xf16> -> tensor<128x128xf32> loc(#loc69)
        scf.yield %accumulator_16 : tensor<128x128xf32> loc(#loc20)
      } loc(#loc64)
      %c = arith.truncf %accumulator_10 : tensor<128x128xf32> to tensor<128x128xf16> loc(#loc70)
      tt.descriptor_store %c_desc_5[%off_am_7, %off_bn_9], %c : !tt.tensordesc<tensor<128x128xf16>>, tensor<128x128xf16> loc(#loc22)
    } {tt.flatten, tt.num_stages = 2 : i32, tt.warp_specialize} loc(#loc9)
    tt.return loc(#loc23)
  } loc(#loc)
  tt.func private @"triton.language.standard.cdiv__i32__(1,)cconstexpr_128_"(%x: i32 loc("x"(#loc24))) -> i32 attributes {noinline = false} {
    %c128_i32 = arith.constant 128 : i32 loc(#loc25)
    %c127_i32 = arith.constant 127 : i32 loc(#loc25)
    %0 = arith.addi %x, %c127_i32 : i32 loc(#loc26)
    %1 = arith.divsi %0, %c128_i32 : i32 loc(#loc27)
    tt.return %1 : i32 loc(#loc28)
  } loc(#loc24)
  tt.func private @"test_warp_specialization._compute_pid__i32_i32_i32__(3,)cconstexpr_8_"(%tile_id: i32 loc("tile_id"(#loc29)), %num_pid_n: i32 loc("num_pid_n"(#loc29)), %num_pid_m: i32 loc("num_pid_m"(#loc29))) -> (i32, i32) attributes {noinline = false} {
    %c8_i32 = arith.constant 8 : i32 loc(#loc25)
    %num_pid_in_group = arith.muli %num_pid_n, %c8_i32 : i32 loc(#loc75)
    %group_id = arith.divsi %tile_id, %num_pid_in_group : i32 loc(#loc76)
    %first_pid_m = arith.muli %group_id, %c8_i32 : i32 loc(#loc77)
    %group_size_m = arith.subi %num_pid_m, %first_pid_m : i32 loc(#loc78)
    %group_size_m_0 = arith.minsi %group_size_m, %c8_i32 : i32 loc(#loc79)
    %pid_m = arith.remsi %tile_id, %group_size_m_0 : i32 loc(#loc80)
    %pid_m_1 = arith.addi %first_pid_m, %pid_m : i32 loc(#loc81)
    %pid_n = arith.remsi %tile_id, %num_pid_in_group : i32 loc(#loc82)
    %pid_n_2 = arith.divsi %pid_n, %group_size_m_0 : i32 loc(#loc83)
    tt.return %pid_m_1, %pid_n_2 : i32, i32 loc(#loc39)
  } loc(#loc29)
  tt.func private @"triton.language.standard.zeros____(0, 0)cconstexpr_128__(0, 1)cconstexpr_128__(1,)cconstexpr_fp32_"() -> tensor<128x128xf32> attributes {noinline = false} {
    %cst = arith.constant 0.000000e+00 : f32 loc(#loc41)
    %cst_0 = arith.constant dense<0.000000e+00> : tensor<128x128xf32> loc(#loc41)
    tt.return %cst_0 : tensor<128x128xf32> loc(#loc42)
  ^bb1:  // no predecessors
    %0 = ub.poison : tensor<128x128xf32> loc(#loc43)
    tt.return %0 : tensor<128x128xf32> loc(#loc43)
  } loc(#loc40)
} loc(#loc)
#loc1 = loc("/home/scratch.egaburov_sw/oai-triton/triton-src/triton-solid-01.git/python/test/unit/language/test_warp_specialization.py":309:39)
#loc2 = loc("/home/scratch.egaburov_sw/oai-triton/triton-src/triton-solid-01.git/python/test/unit/language/test_warp_specialization.py":311:39)
#loc3 = loc("/home/scratch.egaburov_sw/oai-triton/triton-src/triton-solid-01.git/python/test/unit/language/test_warp_specialization.py":313:39)
#loc4 = loc("/home/scratch.egaburov_sw/oai-triton/triton-src/triton-solid-01.git/python/test/unit/language/test_warp_specialization.py":316:30)
#loc5 = loc("/home/scratch.egaburov_sw/oai-triton/triton-src/triton-solid-01.git/python/test/unit/language/test_warp_specialization.py":317:27)
#loc6 = loc("/home/scratch.egaburov_sw/oai-triton/triton-src/triton-solid-01.git/python/test/unit/language/test_warp_specialization.py":318:27)
#loc7 = loc("/home/scratch.egaburov_sw/oai-triton/triton-src/triton-solid-01.git/python/test/unit/language/test_warp_specialization.py":319:25)
#loc8 = loc("/home/scratch.egaburov_sw/oai-triton/triton-src/triton-solid-01.git/python/test/unit/language/test_warp_specialization.py":320:28)
#loc9 = loc("/home/scratch.egaburov_sw/oai-triton/triton-src/triton-solid-01.git/python/test/unit/language/test_warp_specialization.py":323:28)
#loc10 = loc("/home/scratch.egaburov_sw/oai-triton/triton-src/triton-solid-01.git/python/test/unit/language/test_warp_specialization.py":324:67)
#loc11 = loc("/home/scratch.egaburov_sw/oai-triton/triton-src/triton-solid-01.git/python/test/unit/language/test_warp_specialization.py":326:25)
#loc12 = loc("/home/scratch.egaburov_sw/oai-triton/triton-src/triton-solid-01.git/python/test/unit/language/test_warp_specialization.py":327:25)
#loc13 = loc("/home/scratch.egaburov_sw/oai-triton/triton-src/triton-solid-01.git/python/test/unit/language/test_warp_specialization.py":328:31)
#loc14 = loc("/home/scratch.egaburov_sw/oai-triton/triton-src/triton-solid-01.git/python/test/unit/language/test_warp_specialization.py":329:24)
#loc15 = loc("/home/scratch.egaburov_sw/oai-triton/triton-src/triton-solid-01.git/python/test/unit/language/test_warp_specialization.py":330:25)
#loc16 = loc("/home/scratch.egaburov_sw/oai-triton/triton-src/triton-solid-01.git/python/test/unit/language/test_warp_specialization.py":331:28)
#loc17 = loc("/home/scratch.egaburov_sw/oai-triton/triton-src/triton-solid-01.git/python/test/unit/language/test_warp_specialization.py":332:28)
#loc18 = loc("/home/scratch.egaburov_sw/oai-triton/triton-src/triton-solid-01.git/python/test/unit/language/test_warp_specialization.py":333:36)
#loc19 = loc("/home/scratch.egaburov_sw/oai-triton/triton-src/triton-solid-01.git/python/test/unit/language/test_warp_specialization.py":333:41)
#loc20 = loc("/home/scratch.egaburov_sw/oai-triton/triton-src/triton-solid-01.git/python/test/unit/language/test_warp_specialization.py":333:12)
#loc21 = loc("/home/scratch.egaburov_sw/oai-triton/triton-src/triton-solid-01.git/python/test/unit/language/test_warp_specialization.py":335:27)
#loc22 = loc("/home/scratch.egaburov_sw/oai-triton/triton-src/triton-solid-01.git/python/test/unit/language/test_warp_specialization.py":336:39)
#loc23 = loc("/home/scratch.egaburov_sw/oai-triton/triton-src/triton-solid-01.git/python/test/unit/language/test_warp_specialization.py":322:4)
#loc25 = loc(unknown)
#loc26 = loc("/home/scratch.egaburov_sw/oai-triton/triton-src/triton-solid-01.git/python/triton/language/standard.py":43:17)
#loc27 = loc("/home/scratch.egaburov_sw/oai-triton/triton-src/triton-solid-01.git/python/triton/language/standard.py":43:30)
#loc28 = loc("/home/scratch.egaburov_sw/oai-triton/triton-src/triton-solid-01.git/python/triton/language/standard.py":43:11)
#loc30 = loc("/home/scratch.egaburov_sw/oai-triton/triton-src/triton-solid-01.git/python/test/unit/language/test_warp_specialization.py":191:38)
#loc31 = loc("/home/scratch.egaburov_sw/oai-triton/triton-src/triton-solid-01.git/python/test/unit/language/test_warp_specialization.py":192:26)
#loc32 = loc("/home/scratch.egaburov_sw/oai-triton/triton-src/triton-solid-01.git/python/test/unit/language/test_warp_specialization.py":193:29)
#loc33 = loc("/home/scratch.egaburov_sw/oai-triton/triton-src/triton-solid-01.git/python/test/unit/language/test_warp_specialization.py":194:35)
#loc34 = loc("/home/scratch.egaburov_sw/oai-triton/triton-src/triton-solid-01.git/python/test/unit/language/test_warp_specialization.py":194:48)
#loc35 = loc("/home/scratch.egaburov_sw/oai-triton/triton-src/triton-solid-01.git/python/test/unit/language/test_warp_specialization.py":195:37)
#loc36 = loc("/home/scratch.egaburov_sw/oai-triton/triton-src/triton-solid-01.git/python/test/unit/language/test_warp_specialization.py":195:27)
#loc37 = loc("/home/scratch.egaburov_sw/oai-triton/triton-src/triton-solid-01.git/python/test/unit/language/test_warp_specialization.py":196:23)
#loc38 = loc("/home/scratch.egaburov_sw/oai-triton/triton-src/triton-solid-01.git/python/test/unit/language/test_warp_specialization.py":196:44)
#loc39 = loc("/home/scratch.egaburov_sw/oai-triton/triton-src/triton-solid-01.git/python/test/unit/language/test_warp_specialization.py":197:11)
#loc40 = loc("/home/scratch.egaburov_sw/oai-triton/triton-src/triton-solid-01.git/python/triton/language/standard.py":120:0)
#loc41 = loc("/home/scratch.egaburov_sw/oai-triton/triton-src/triton-solid-01.git/python/triton/language/standard.py":129:31)
#loc42 = loc("/home/scratch.egaburov_sw/oai-triton/triton-src/triton-solid-01.git/python/triton/language/standard.py":129:11)
#loc43 = loc("/home/scratch.egaburov_sw/oai-triton/triton-src/triton-solid-01.git/python/triton/language/standard.py":129:4)
#loc53 = loc("a_desc"(#loc1))
#loc54 = loc("b_desc"(#loc2))
#loc55 = loc("c_desc"(#loc3))
#loc56 = loc("start_pid"(#loc4))
#loc57 = loc("num_pid_m"(#loc5))
#loc58 = loc("num_pid_n"(#loc6))
#loc59 = loc("k_tiles"(#loc7))
#loc60 = loc("num_tiles"(#loc8))
#loc61 = loc("off_am"(#loc11))
#loc62 = loc("off_bn"(#loc12))
#loc63 = loc("accumulator"(#loc13))
#loc64 = loc("accumulator"(#loc14))
#loc65 = loc("off_k"(#loc15))
#loc66 = loc("a"(#loc16))
#loc67 = loc("b"(#loc17))
#loc68 = loc("accumulator"(#loc18))
#loc69 = loc("accumulator"(#loc19))
#loc70 = loc("c"(#loc21))
#loc75 = loc("num_pid_in_group"(#loc30))
#loc76 = loc("group_id"(#loc31))
#loc77 = loc("first_pid_m"(#loc32))
#loc78 = loc("group_size_m"(#loc33))
#loc79 = loc("group_size_m"(#loc34))
#loc80 = loc("pid_m"(#loc35))
#loc81 = loc("pid_m"(#loc36))
#loc82 = loc("pid_n"(#loc37))
#loc83 = loc("pid_n"(#loc38))


// -----// IR Dump Before Canonicalizer (canonicalize) ('tt.func' operation: @matmul_tma_persistent_ws_kernel) //----- //
#loc = loc("/home/scratch.egaburov_sw/oai-triton/triton-src/triton-solid-01.git/python/test/unit/language/test_warp_specialization.py":294:0)
#loc24 = loc("/home/scratch.egaburov_sw/oai-triton/triton-src/triton-solid-01.git/python/triton/language/standard.py":34:0)
#loc29 = loc("/home/scratch.egaburov_sw/oai-triton/triton-src/triton-solid-01.git/python/test/unit/language/test_warp_specialization.py":190:0)
#loc43 = loc("a_ptr"(#loc))
#loc44 = loc("b_ptr"(#loc))
#loc45 = loc("c_ptr"(#loc))
#loc46 = loc("a_stride0"(#loc))
#loc47 = loc("b_stride0"(#loc))
#loc48 = loc("c_stride0"(#loc))
#loc49 = loc("M"(#loc))
#loc50 = loc("N"(#loc))
#loc51 = loc("K"(#loc))
#loc70 = loc("x"(#loc24))
#loc71 = loc("tile_id"(#loc29))
#loc72 = loc("num_pid_n"(#loc29))
#loc73 = loc("num_pid_m"(#loc29))
module {
  tt.func public @matmul_tma_persistent_ws_kernel(%a_ptr: !tt.ptr<f16> {tt.divisibility = 16 : i32} loc("a_ptr"(#loc)), %b_ptr: !tt.ptr<f16> {tt.divisibility = 16 : i32} loc("b_ptr"(#loc)), %c_ptr: !tt.ptr<f16> {tt.divisibility = 16 : i32} loc("c_ptr"(#loc)), %a_stride0: i32 {tt.divisibility = 16 : i32} loc("a_stride0"(#loc)), %b_stride0: i32 {tt.divisibility = 16 : i32} loc("b_stride0"(#loc)), %c_stride0: i32 {tt.divisibility = 16 : i32} loc("c_stride0"(#loc)), %M: i32 {tt.divisibility = 16 : i32} loc("M"(#loc)), %N: i32 {tt.divisibility = 16 : i32} loc("N"(#loc)), %K: i32 {tt.divisibility = 16 : i32} loc("K"(#loc))) attributes {noinline = false} {
    %a_desc = arith.extsi %a_stride0 : i32 to i64 loc(#loc52)
    %a_desc_0 = arith.constant 1 : i64 loc(#loc52)
    %a_desc_1 = tt.make_tensor_descriptor %a_ptr, [%M, %K], [%a_desc, %a_desc_0] : !tt.ptr<f16>, !tt.tensordesc<tensor<128x128xf16>> loc(#loc52)
    %b_desc = arith.extsi %b_stride0 : i32 to i64 loc(#loc53)
    %b_desc_2 = arith.constant 1 : i64 loc(#loc53)
    %b_desc_3 = tt.make_tensor_descriptor %b_ptr, [%N, %K], [%b_desc, %b_desc_2] : !tt.ptr<f16>, !tt.tensordesc<tensor<128x128xf16>> loc(#loc53)
    %c_desc = arith.extsi %c_stride0 : i32 to i64 loc(#loc54)
    %c_desc_4 = arith.constant 1 : i64 loc(#loc54)
    %c_desc_5 = tt.make_tensor_descriptor %c_ptr, [%M, %N], [%c_desc, %c_desc_4] : !tt.ptr<f16>, !tt.tensordesc<tensor<128x128xf16>> loc(#loc54)
    %start_pid = tt.get_program_id x : i32 loc(#loc55)
    %num_pid_m = tt.call @"triton.language.standard.cdiv__i32__(1,)cconstexpr_128_"(%M) : (i32) -> i32 loc(#loc56)
    %num_pid_n = tt.call @"triton.language.standard.cdiv__i32__(1,)cconstexpr_128_"(%N) : (i32) -> i32 loc(#loc57)
    %k_tiles = tt.call @"triton.language.standard.cdiv__i32__(1,)cconstexpr_128_"(%K) : (i32) -> i32 loc(#loc58)
    %num_tiles = arith.muli %num_pid_m, %num_pid_n : i32 loc(#loc59)
    %c150_i32 = arith.constant 150 : i32 loc(#loc9)
    %0 = arith.bitcast %start_pid : i32 to i32 loc(#loc9)
    %1 = arith.bitcast %num_tiles : i32 to i32 loc(#loc9)
    %2 = arith.bitcast %c150_i32 : i32 to i32 loc(#loc9)
    %3 = ub.poison : i32 loc(#loc9)
    scf.for %tile_id = %0 to %1 step %2  : i32 {
      %4:2 = tt.call @"test_warp_specialization._compute_pid__i32_i32_i32__(3,)cconstexpr_8_"(%tile_id, %num_pid_n, %num_pid_m) : (i32, i32, i32) -> (i32, i32) loc(#loc10)
      %off_am = arith.constant 128 : i32 loc(#loc60)
      %off_am_6 = arith.constant 128 : i32 loc(#loc60)
      %off_am_7 = arith.muli %4#0, %off_am_6 : i32 loc(#loc60)
      %off_bn = arith.constant 128 : i32 loc(#loc61)
      %off_bn_8 = arith.constant 128 : i32 loc(#loc61)
      %off_bn_9 = arith.muli %4#1, %off_bn_8 : i32 loc(#loc61)
      %accumulator = tt.call @"triton.language.standard.zeros____(0, 0)cconstexpr_128__(0, 1)cconstexpr_128__(1,)cconstexpr_fp32_"() : () -> tensor<128x128xf32> loc(#loc62)
      %c0_i32 = arith.constant 0 : i32 loc(#loc14)
      %c1_i32 = arith.constant 1 : i32 loc(#loc14)
      %5 = arith.bitcast %c0_i32 : i32 to i32 loc(#loc14)
      %6 = arith.bitcast %k_tiles : i32 to i32 loc(#loc14)
      %7 = arith.bitcast %c1_i32 : i32 to i32 loc(#loc14)
      %8 = ub.poison : i32 loc(#loc14)
      %accumulator_10 = scf.for %ki = %5 to %6 step %7 iter_args(%accumulator_11 = %accumulator) -> (tensor<128x128xf32>)  : i32 {
        %off_k = arith.constant 128 : i32 loc(#loc64)
        %off_k_12 = arith.constant 128 : i32 loc(#loc64)
        %off_k_13 = arith.muli %ki, %off_k_12 : i32 loc(#loc64)
        %a = tt.descriptor_load %a_desc_1[%off_am_7, %off_k_13] : !tt.tensordesc<tensor<128x128xf16>> -> tensor<128x128xf16> loc(#loc65)
        %b = tt.descriptor_load %b_desc_3[%off_bn_9, %off_k_13] : !tt.tensordesc<tensor<128x128xf16>> -> tensor<128x128xf16> loc(#loc66)
        %accumulator_14 = tt.trans %b {order = array<i32: 1, 0>} : tensor<128x128xf16> -> tensor<128x128xf16> loc(#loc67)
        %accumulator_15 = arith.constant 0.000000e+00 : f32 loc(#loc68)
        %accumulator_16 = tt.dot %a, %accumulator_14, %accumulator_11, inputPrecision = tf32 : tensor<128x128xf16> * tensor<128x128xf16> -> tensor<128x128xf32> loc(#loc68)
        scf.yield %accumulator_16 : tensor<128x128xf32> loc(#loc20)
      } loc(#loc63)
      %c = arith.truncf %accumulator_10 : tensor<128x128xf32> to tensor<128x128xf16> loc(#loc69)
      tt.descriptor_store %c_desc_5[%off_am_7, %off_bn_9], %c : !tt.tensordesc<tensor<128x128xf16>>, tensor<128x128xf16> loc(#loc22)
    } {tt.flatten, tt.num_stages = 2 : i32, tt.warp_specialize} loc(#loc9)
    tt.return loc(#loc23)
  } loc(#loc)
  tt.func private @"triton.language.standard.cdiv__i32__(1,)cconstexpr_128_"(%x: i32 loc("x"(#loc24))) -> i32 attributes {noinline = false} {
    %c128_i32 = arith.constant 128 : i32 loc(#loc25)
    %c127_i32 = arith.constant 127 : i32 loc(#loc25)
    %0 = arith.addi %x, %c127_i32 : i32 loc(#loc26)
    %1 = arith.divsi %0, %c128_i32 : i32 loc(#loc27)
    tt.return %1 : i32 loc(#loc28)
  } loc(#loc24)
  tt.func private @"test_warp_specialization._compute_pid__i32_i32_i32__(3,)cconstexpr_8_"(%tile_id: i32 loc("tile_id"(#loc29)), %num_pid_n: i32 loc("num_pid_n"(#loc29)), %num_pid_m: i32 loc("num_pid_m"(#loc29))) -> (i32, i32) attributes {noinline = false} {
    %c8_i32 = arith.constant 8 : i32 loc(#loc25)
    %num_pid_in_group = arith.muli %num_pid_n, %c8_i32 : i32 loc(#loc74)
    %group_id = arith.divsi %tile_id, %num_pid_in_group : i32 loc(#loc75)
    %first_pid_m = arith.muli %group_id, %c8_i32 : i32 loc(#loc76)
    %group_size_m = arith.subi %num_pid_m, %first_pid_m : i32 loc(#loc77)
    %group_size_m_0 = arith.minsi %group_size_m, %c8_i32 : i32 loc(#loc78)
    %pid_m = arith.remsi %tile_id, %group_size_m_0 : i32 loc(#loc79)
    %pid_m_1 = arith.addi %first_pid_m, %pid_m : i32 loc(#loc80)
    %pid_n = arith.remsi %tile_id, %num_pid_in_group : i32 loc(#loc81)
    %pid_n_2 = arith.divsi %pid_n, %group_size_m_0 : i32 loc(#loc82)
    tt.return %pid_m_1, %pid_n_2 : i32, i32 loc(#loc39)
  } loc(#loc29)
  tt.func private @"triton.language.standard.zeros____(0, 0)cconstexpr_128__(0, 1)cconstexpr_128__(1,)cconstexpr_fp32_"() -> tensor<128x128xf32> attributes {noinline = false} {
    %cst = arith.constant dense<0.000000e+00> : tensor<128x128xf32> loc(#loc41)
    tt.return %cst : tensor<128x128xf32> loc(#loc42)
  } loc(#loc40)
} loc(#loc)
#loc1 = loc("/home/scratch.egaburov_sw/oai-triton/triton-src/triton-solid-01.git/python/test/unit/language/test_warp_specialization.py":309:39)
#loc2 = loc("/home/scratch.egaburov_sw/oai-triton/triton-src/triton-solid-01.git/python/test/unit/language/test_warp_specialization.py":311:39)
#loc3 = loc("/home/scratch.egaburov_sw/oai-triton/triton-src/triton-solid-01.git/python/test/unit/language/test_warp_specialization.py":313:39)
#loc4 = loc("/home/scratch.egaburov_sw/oai-triton/triton-src/triton-solid-01.git/python/test/unit/language/test_warp_specialization.py":316:30)
#loc5 = loc("/home/scratch.egaburov_sw/oai-triton/triton-src/triton-solid-01.git/python/test/unit/language/test_warp_specialization.py":317:27)
#loc6 = loc("/home/scratch.egaburov_sw/oai-triton/triton-src/triton-solid-01.git/python/test/unit/language/test_warp_specialization.py":318:27)
#loc7 = loc("/home/scratch.egaburov_sw/oai-triton/triton-src/triton-solid-01.git/python/test/unit/language/test_warp_specialization.py":319:25)
#loc8 = loc("/home/scratch.egaburov_sw/oai-triton/triton-src/triton-solid-01.git/python/test/unit/language/test_warp_specialization.py":320:28)
#loc9 = loc("/home/scratch.egaburov_sw/oai-triton/triton-src/triton-solid-01.git/python/test/unit/language/test_warp_specialization.py":323:28)
#loc10 = loc("/home/scratch.egaburov_sw/oai-triton/triton-src/triton-solid-01.git/python/test/unit/language/test_warp_specialization.py":324:67)
#loc11 = loc("/home/scratch.egaburov_sw/oai-triton/triton-src/triton-solid-01.git/python/test/unit/language/test_warp_specialization.py":326:25)
#loc12 = loc("/home/scratch.egaburov_sw/oai-triton/triton-src/triton-solid-01.git/python/test/unit/language/test_warp_specialization.py":327:25)
#loc13 = loc("/home/scratch.egaburov_sw/oai-triton/triton-src/triton-solid-01.git/python/test/unit/language/test_warp_specialization.py":328:31)
#loc14 = loc("/home/scratch.egaburov_sw/oai-triton/triton-src/triton-solid-01.git/python/test/unit/language/test_warp_specialization.py":329:24)
#loc15 = loc("/home/scratch.egaburov_sw/oai-triton/triton-src/triton-solid-01.git/python/test/unit/language/test_warp_specialization.py":330:25)
#loc16 = loc("/home/scratch.egaburov_sw/oai-triton/triton-src/triton-solid-01.git/python/test/unit/language/test_warp_specialization.py":331:28)
#loc17 = loc("/home/scratch.egaburov_sw/oai-triton/triton-src/triton-solid-01.git/python/test/unit/language/test_warp_specialization.py":332:28)
#loc18 = loc("/home/scratch.egaburov_sw/oai-triton/triton-src/triton-solid-01.git/python/test/unit/language/test_warp_specialization.py":333:36)
#loc19 = loc("/home/scratch.egaburov_sw/oai-triton/triton-src/triton-solid-01.git/python/test/unit/language/test_warp_specialization.py":333:41)
#loc20 = loc("/home/scratch.egaburov_sw/oai-triton/triton-src/triton-solid-01.git/python/test/unit/language/test_warp_specialization.py":333:12)
#loc21 = loc("/home/scratch.egaburov_sw/oai-triton/triton-src/triton-solid-01.git/python/test/unit/language/test_warp_specialization.py":335:27)
#loc22 = loc("/home/scratch.egaburov_sw/oai-triton/triton-src/triton-solid-01.git/python/test/unit/language/test_warp_specialization.py":336:39)
#loc23 = loc("/home/scratch.egaburov_sw/oai-triton/triton-src/triton-solid-01.git/python/test/unit/language/test_warp_specialization.py":322:4)
#loc25 = loc(unknown)
#loc26 = loc("/home/scratch.egaburov_sw/oai-triton/triton-src/triton-solid-01.git/python/triton/language/standard.py":43:17)
#loc27 = loc("/home/scratch.egaburov_sw/oai-triton/triton-src/triton-solid-01.git/python/triton/language/standard.py":43:30)
#loc28 = loc("/home/scratch.egaburov_sw/oai-triton/triton-src/triton-solid-01.git/python/triton/language/standard.py":43:11)
#loc30 = loc("/home/scratch.egaburov_sw/oai-triton/triton-src/triton-solid-01.git/python/test/unit/language/test_warp_specialization.py":191:38)
#loc31 = loc("/home/scratch.egaburov_sw/oai-triton/triton-src/triton-solid-01.git/python/test/unit/language/test_warp_specialization.py":192:26)
#loc32 = loc("/home/scratch.egaburov_sw/oai-triton/triton-src/triton-solid-01.git/python/test/unit/language/test_warp_specialization.py":193:29)
#loc33 = loc("/home/scratch.egaburov_sw/oai-triton/triton-src/triton-solid-01.git/python/test/unit/language/test_warp_specialization.py":194:35)
#loc34 = loc("/home/scratch.egaburov_sw/oai-triton/triton-src/triton-solid-01.git/python/test/unit/language/test_warp_specialization.py":194:48)
#loc35 = loc("/home/scratch.egaburov_sw/oai-triton/triton-src/triton-solid-01.git/python/test/unit/language/test_warp_specialization.py":195:37)
#loc36 = loc("/home/scratch.egaburov_sw/oai-triton/triton-src/triton-solid-01.git/python/test/unit/language/test_warp_specialization.py":195:27)
#loc37 = loc("/home/scratch.egaburov_sw/oai-triton/triton-src/triton-solid-01.git/python/test/unit/language/test_warp_specialization.py":196:23)
#loc38 = loc("/home/scratch.egaburov_sw/oai-triton/triton-src/triton-solid-01.git/python/test/unit/language/test_warp_specialization.py":196:44)
#loc39 = loc("/home/scratch.egaburov_sw/oai-triton/triton-src/triton-solid-01.git/python/test/unit/language/test_warp_specialization.py":197:11)
#loc40 = loc("/home/scratch.egaburov_sw/oai-triton/triton-src/triton-solid-01.git/python/triton/language/standard.py":120:0)
#loc41 = loc("/home/scratch.egaburov_sw/oai-triton/triton-src/triton-solid-01.git/python/triton/language/standard.py":129:31)
#loc42 = loc("/home/scratch.egaburov_sw/oai-triton/triton-src/triton-solid-01.git/python/triton/language/standard.py":129:11)
#loc52 = loc("a_desc"(#loc1))
#loc53 = loc("b_desc"(#loc2))
#loc54 = loc("c_desc"(#loc3))
#loc55 = loc("start_pid"(#loc4))
#loc56 = loc("num_pid_m"(#loc5))
#loc57 = loc("num_pid_n"(#loc6))
#loc58 = loc("k_tiles"(#loc7))
#loc59 = loc("num_tiles"(#loc8))
#loc60 = loc("off_am"(#loc11))
#loc61 = loc("off_bn"(#loc12))
#loc62 = loc("accumulator"(#loc13))
#loc63 = loc("accumulator"(#loc14))
#loc64 = loc("off_k"(#loc15))
#loc65 = loc("a"(#loc16))
#loc66 = loc("b"(#loc17))
#loc67 = loc("accumulator"(#loc18))
#loc68 = loc("accumulator"(#loc19))
#loc69 = loc("c"(#loc21))
#loc74 = loc("num_pid_in_group"(#loc30))
#loc75 = loc("group_id"(#loc31))
#loc76 = loc("first_pid_m"(#loc32))
#loc77 = loc("group_size_m"(#loc33))
#loc78 = loc("group_size_m"(#loc34))
#loc79 = loc("pid_m"(#loc35))
#loc80 = loc("pid_m"(#loc36))
#loc81 = loc("pid_n"(#loc37))
#loc82 = loc("pid_n"(#loc38))


// -----// IR Dump Before Canonicalizer (canonicalize) ('tt.func' operation: @matmul_tma_persistent_ws_kernel) //----- //
#loc = loc("/home/scratch.egaburov_sw/oai-triton/triton-src/triton-solid-01.git/python/test/unit/language/test_warp_specialization.py":294:0)
#loc40 = loc("a_ptr"(#loc))
#loc41 = loc("b_ptr"(#loc))
#loc42 = loc("c_ptr"(#loc))
#loc43 = loc("a_stride0"(#loc))
#loc44 = loc("b_stride0"(#loc))
#loc45 = loc("c_stride0"(#loc))
#loc46 = loc("M"(#loc))
#loc47 = loc("N"(#loc))
#loc48 = loc("K"(#loc))
module {
  tt.func public @matmul_tma_persistent_ws_kernel(%a_ptr: !tt.ptr<f16> {tt.divisibility = 16 : i32} loc("a_ptr"(#loc)), %b_ptr: !tt.ptr<f16> {tt.divisibility = 16 : i32} loc("b_ptr"(#loc)), %c_ptr: !tt.ptr<f16> {tt.divisibility = 16 : i32} loc("c_ptr"(#loc)), %a_stride0: i32 {tt.divisibility = 16 : i32} loc("a_stride0"(#loc)), %b_stride0: i32 {tt.divisibility = 16 : i32} loc("b_stride0"(#loc)), %c_stride0: i32 {tt.divisibility = 16 : i32} loc("c_stride0"(#loc)), %M: i32 {tt.divisibility = 16 : i32} loc("M"(#loc)), %N: i32 {tt.divisibility = 16 : i32} loc("N"(#loc)), %K: i32 {tt.divisibility = 16 : i32} loc("K"(#loc))) attributes {noinline = false} {
    %c1_i32 = arith.constant 1 : i32 loc(#loc1)
    %c0_i32 = arith.constant 0 : i32 loc(#loc1)
    %c150_i32 = arith.constant 150 : i32 loc(#loc2)
    %c128_i32 = arith.constant 128 : i32 loc(#loc1)
    %c1_i64 = arith.constant 1 : i64 loc(#loc1)
    %a_desc = arith.extsi %a_stride0 : i32 to i64 loc(#loc49)
    %a_desc_0 = tt.make_tensor_descriptor %a_ptr, [%M, %K], [%a_desc, %c1_i64] : !tt.ptr<f16>, !tt.tensordesc<tensor<128x128xf16>> loc(#loc49)
    %b_desc = arith.extsi %b_stride0 : i32 to i64 loc(#loc50)
    %b_desc_1 = tt.make_tensor_descriptor %b_ptr, [%N, %K], [%b_desc, %c1_i64] : !tt.ptr<f16>, !tt.tensordesc<tensor<128x128xf16>> loc(#loc50)
    %c_desc = arith.extsi %c_stride0 : i32 to i64 loc(#loc51)
    %c_desc_2 = tt.make_tensor_descriptor %c_ptr, [%M, %N], [%c_desc, %c1_i64] : !tt.ptr<f16>, !tt.tensordesc<tensor<128x128xf16>> loc(#loc51)
    %start_pid = tt.get_program_id x : i32 loc(#loc52)
    %num_pid_m = arith.constant 128 : i32 loc(#loc77)
    %num_pid_m_3 = arith.constant 127 : i32 loc(#loc77)
    %num_pid_m_4 = arith.addi %M, %num_pid_m_3 : i32 loc(#loc78)
    %num_pid_m_5 = arith.divsi %num_pid_m_4, %num_pid_m : i32 loc(#loc79)
    %num_pid_n = arith.constant 128 : i32 loc(#loc80)
    %num_pid_n_6 = arith.constant 127 : i32 loc(#loc80)
    %num_pid_n_7 = arith.addi %N, %num_pid_n_6 : i32 loc(#loc81)
    %num_pid_n_8 = arith.divsi %num_pid_n_7, %num_pid_n : i32 loc(#loc82)
    %k_tiles = arith.constant 128 : i32 loc(#loc83)
    %k_tiles_9 = arith.constant 127 : i32 loc(#loc83)
    %k_tiles_10 = arith.addi %K, %k_tiles_9 : i32 loc(#loc84)
    %k_tiles_11 = arith.divsi %k_tiles_10, %k_tiles : i32 loc(#loc85)
    %num_tiles = arith.muli %num_pid_m_5, %num_pid_n_8 : i32 loc(#loc56)
    scf.for %tile_id = %start_pid to %num_tiles step %c150_i32  : i32 {
      %c8_i32 = arith.constant 8 : i32 loc(#loc57)
      %num_pid_in_group = arith.muli %num_pid_n_8, %c8_i32 : i32 loc(#loc86)
      %group_id = arith.divsi %tile_id, %num_pid_in_group : i32 loc(#loc87)
      %first_pid_m = arith.muli %group_id, %c8_i32 : i32 loc(#loc88)
      %group_size_m = arith.subi %num_pid_m_5, %first_pid_m : i32 loc(#loc89)
      %group_size_m_12 = arith.minsi %group_size_m, %c8_i32 : i32 loc(#loc90)
      %pid_m = arith.remsi %tile_id, %group_size_m_12 : i32 loc(#loc91)
      %pid_m_13 = arith.addi %first_pid_m, %pid_m : i32 loc(#loc92)
      %pid_n = arith.remsi %tile_id, %num_pid_in_group : i32 loc(#loc93)
      %pid_n_14 = arith.divsi %pid_n, %group_size_m_12 : i32 loc(#loc94)
      %off_am = arith.muli %pid_m_13, %c128_i32 : i32 loc(#loc67)
      %off_bn = arith.muli %pid_n_14, %c128_i32 : i32 loc(#loc68)
      %accumulator = arith.constant dense<0.000000e+00> : tensor<128x128xf32> loc(#loc95)
      %accumulator_15 = scf.for %ki = %c0_i32 to %k_tiles_11 step %c1_i32 iter_args(%accumulator_16 = %accumulator) -> (tensor<128x128xf32>)  : i32 {
        %off_k = arith.muli %ki, %c128_i32 : i32 loc(#loc71)
        %a = tt.descriptor_load %a_desc_0[%off_am, %off_k] : !tt.tensordesc<tensor<128x128xf16>> -> tensor<128x128xf16> loc(#loc72)
        %b = tt.descriptor_load %b_desc_1[%off_bn, %off_k] : !tt.tensordesc<tensor<128x128xf16>> -> tensor<128x128xf16> loc(#loc73)
        %accumulator_17 = tt.trans %b {order = array<i32: 1, 0>} : tensor<128x128xf16> -> tensor<128x128xf16> loc(#loc74)
        %accumulator_18 = tt.dot %a, %accumulator_17, %accumulator_16, inputPrecision = tf32 : tensor<128x128xf16> * tensor<128x128xf16> -> tensor<128x128xf32> loc(#loc75)
        scf.yield %accumulator_18 : tensor<128x128xf32> loc(#loc33)
      } loc(#loc70)
      %c = arith.truncf %accumulator_15 : tensor<128x128xf32> to tensor<128x128xf16> loc(#loc76)
      tt.descriptor_store %c_desc_2[%off_am, %off_bn], %c : !tt.tensordesc<tensor<128x128xf16>>, tensor<128x128xf16> loc(#loc35)
    } {tt.flatten, tt.num_stages = 2 : i32, tt.warp_specialize} loc(#loc2)
    tt.return loc(#loc36)
  } loc(#loc)
  tt.func private @"triton.language.standard.cdiv__i32__(1,)cconstexpr_128_"(i32) -> i32 attributes {noinline = false} loc(#loc37)
  tt.func private @"test_warp_specialization._compute_pid__i32_i32_i32__(3,)cconstexpr_8_"(i32, i32, i32) -> (i32, i32) attributes {noinline = false} loc(#loc38)
  tt.func private @"triton.language.standard.zeros____(0, 0)cconstexpr_128__(0, 1)cconstexpr_128__(1,)cconstexpr_fp32_"() -> tensor<128x128xf32> attributes {noinline = false} loc(#loc39)
} loc(#loc)
#loc1 = loc(unknown)
#loc2 = loc("/home/scratch.egaburov_sw/oai-triton/triton-src/triton-solid-01.git/python/test/unit/language/test_warp_specialization.py":323:28)
#loc3 = loc("/home/scratch.egaburov_sw/oai-triton/triton-src/triton-solid-01.git/python/test/unit/language/test_warp_specialization.py":309:39)
#loc4 = loc("/home/scratch.egaburov_sw/oai-triton/triton-src/triton-solid-01.git/python/test/unit/language/test_warp_specialization.py":311:39)
#loc5 = loc("/home/scratch.egaburov_sw/oai-triton/triton-src/triton-solid-01.git/python/test/unit/language/test_warp_specialization.py":313:39)
#loc6 = loc("/home/scratch.egaburov_sw/oai-triton/triton-src/triton-solid-01.git/python/test/unit/language/test_warp_specialization.py":316:30)
#loc7 = loc("/home/scratch.egaburov_sw/oai-triton/triton-src/triton-solid-01.git/python/test/unit/language/test_warp_specialization.py":317:27)
#loc8 = loc("/home/scratch.egaburov_sw/oai-triton/triton-src/triton-solid-01.git/python/triton/language/standard.py":43:17)
#loc9 = loc("/home/scratch.egaburov_sw/oai-triton/triton-src/triton-solid-01.git/python/triton/language/standard.py":43:30)
#loc10 = loc("/home/scratch.egaburov_sw/oai-triton/triton-src/triton-solid-01.git/python/test/unit/language/test_warp_specialization.py":318:27)
#loc11 = loc("/home/scratch.egaburov_sw/oai-triton/triton-src/triton-solid-01.git/python/test/unit/language/test_warp_specialization.py":319:25)
#loc12 = loc("/home/scratch.egaburov_sw/oai-triton/triton-src/triton-solid-01.git/python/test/unit/language/test_warp_specialization.py":320:28)
#loc13 = loc("/home/scratch.egaburov_sw/oai-triton/triton-src/triton-solid-01.git/python/test/unit/language/test_warp_specialization.py":324:67)
#loc14 = loc("/home/scratch.egaburov_sw/oai-triton/triton-src/triton-solid-01.git/python/test/unit/language/test_warp_specialization.py":191:38)
#loc15 = loc("/home/scratch.egaburov_sw/oai-triton/triton-src/triton-solid-01.git/python/test/unit/language/test_warp_specialization.py":192:26)
#loc16 = loc("/home/scratch.egaburov_sw/oai-triton/triton-src/triton-solid-01.git/python/test/unit/language/test_warp_specialization.py":193:29)
#loc17 = loc("/home/scratch.egaburov_sw/oai-triton/triton-src/triton-solid-01.git/python/test/unit/language/test_warp_specialization.py":194:35)
#loc18 = loc("/home/scratch.egaburov_sw/oai-triton/triton-src/triton-solid-01.git/python/test/unit/language/test_warp_specialization.py":194:48)
#loc19 = loc("/home/scratch.egaburov_sw/oai-triton/triton-src/triton-solid-01.git/python/test/unit/language/test_warp_specialization.py":195:37)
#loc20 = loc("/home/scratch.egaburov_sw/oai-triton/triton-src/triton-solid-01.git/python/test/unit/language/test_warp_specialization.py":195:27)
#loc21 = loc("/home/scratch.egaburov_sw/oai-triton/triton-src/triton-solid-01.git/python/test/unit/language/test_warp_specialization.py":196:23)
#loc22 = loc("/home/scratch.egaburov_sw/oai-triton/triton-src/triton-solid-01.git/python/test/unit/language/test_warp_specialization.py":196:44)
#loc23 = loc("/home/scratch.egaburov_sw/oai-triton/triton-src/triton-solid-01.git/python/test/unit/language/test_warp_specialization.py":326:25)
#loc24 = loc("/home/scratch.egaburov_sw/oai-triton/triton-src/triton-solid-01.git/python/test/unit/language/test_warp_specialization.py":327:25)
#loc25 = loc("/home/scratch.egaburov_sw/oai-triton/triton-src/triton-solid-01.git/python/triton/language/standard.py":129:31)
#loc26 = loc("/home/scratch.egaburov_sw/oai-triton/triton-src/triton-solid-01.git/python/test/unit/language/test_warp_specialization.py":328:31)
#loc27 = loc("/home/scratch.egaburov_sw/oai-triton/triton-src/triton-solid-01.git/python/test/unit/language/test_warp_specialization.py":329:24)
#loc28 = loc("/home/scratch.egaburov_sw/oai-triton/triton-src/triton-solid-01.git/python/test/unit/language/test_warp_specialization.py":330:25)
#loc29 = loc("/home/scratch.egaburov_sw/oai-triton/triton-src/triton-solid-01.git/python/test/unit/language/test_warp_specialization.py":331:28)
#loc30 = loc("/home/scratch.egaburov_sw/oai-triton/triton-src/triton-solid-01.git/python/test/unit/language/test_warp_specialization.py":332:28)
#loc31 = loc("/home/scratch.egaburov_sw/oai-triton/triton-src/triton-solid-01.git/python/test/unit/language/test_warp_specialization.py":333:36)
#loc32 = loc("/home/scratch.egaburov_sw/oai-triton/triton-src/triton-solid-01.git/python/test/unit/language/test_warp_specialization.py":333:41)
#loc33 = loc("/home/scratch.egaburov_sw/oai-triton/triton-src/triton-solid-01.git/python/test/unit/language/test_warp_specialization.py":333:12)
#loc34 = loc("/home/scratch.egaburov_sw/oai-triton/triton-src/triton-solid-01.git/python/test/unit/language/test_warp_specialization.py":335:27)
#loc35 = loc("/home/scratch.egaburov_sw/oai-triton/triton-src/triton-solid-01.git/python/test/unit/language/test_warp_specialization.py":336:39)
#loc36 = loc("/home/scratch.egaburov_sw/oai-triton/triton-src/triton-solid-01.git/python/test/unit/language/test_warp_specialization.py":322:4)
#loc37 = loc("/home/scratch.egaburov_sw/oai-triton/triton-src/triton-solid-01.git/python/triton/language/standard.py":34:0)
#loc38 = loc("/home/scratch.egaburov_sw/oai-triton/triton-src/triton-solid-01.git/python/test/unit/language/test_warp_specialization.py":190:0)
#loc39 = loc("/home/scratch.egaburov_sw/oai-triton/triton-src/triton-solid-01.git/python/triton/language/standard.py":120:0)
#loc49 = loc("a_desc"(#loc3))
#loc50 = loc("b_desc"(#loc4))
#loc51 = loc("c_desc"(#loc5))
#loc52 = loc("start_pid"(#loc6))
#loc53 = loc("num_pid_m"(#loc7))
#loc54 = loc("num_pid_n"(#loc10))
#loc55 = loc("k_tiles"(#loc11))
#loc56 = loc("num_tiles"(#loc12))
#loc57 = loc(callsite(#loc1 at #loc13))
#loc58 = loc("num_pid_in_group"(#loc14))
#loc59 = loc("group_id"(#loc15))
#loc60 = loc("first_pid_m"(#loc16))
#loc61 = loc("group_size_m"(#loc17))
#loc62 = loc("group_size_m"(#loc18))
#loc63 = loc("pid_m"(#loc19))
#loc64 = loc("pid_m"(#loc20))
#loc65 = loc("pid_n"(#loc21))
#loc66 = loc("pid_n"(#loc22))
#loc67 = loc("off_am"(#loc23))
#loc68 = loc("off_bn"(#loc24))
#loc69 = loc("accumulator"(#loc26))
#loc70 = loc("accumulator"(#loc27))
#loc71 = loc("off_k"(#loc28))
#loc72 = loc("a"(#loc29))
#loc73 = loc("b"(#loc30))
#loc74 = loc("accumulator"(#loc31))
#loc75 = loc("accumulator"(#loc32))
#loc76 = loc("c"(#loc34))
#loc77 = loc(callsite(#loc1 at #loc53))
#loc78 = loc(callsite(#loc8 at #loc53))
#loc79 = loc(callsite(#loc9 at #loc53))
#loc80 = loc(callsite(#loc1 at #loc54))
#loc81 = loc(callsite(#loc8 at #loc54))
#loc82 = loc(callsite(#loc9 at #loc54))
#loc83 = loc(callsite(#loc1 at #loc55))
#loc84 = loc(callsite(#loc8 at #loc55))
#loc85 = loc(callsite(#loc9 at #loc55))
#loc86 = loc(callsite(#loc58 at #loc13))
#loc87 = loc(callsite(#loc59 at #loc13))
#loc88 = loc(callsite(#loc60 at #loc13))
#loc89 = loc(callsite(#loc61 at #loc13))
#loc90 = loc(callsite(#loc62 at #loc13))
#loc91 = loc(callsite(#loc63 at #loc13))
#loc92 = loc(callsite(#loc64 at #loc13))
#loc93 = loc(callsite(#loc65 at #loc13))
#loc94 = loc(callsite(#loc66 at #loc13))
#loc95 = loc(callsite(#loc25 at #loc69))


// -----// IR Dump Before TLXStorageAliasLowering (tlx-storage-alias-lowering) ('builtin.module' operation) //----- //
#loc = loc("/home/scratch.egaburov_sw/oai-triton/triton-src/triton-solid-01.git/python/test/unit/language/test_warp_specialization.py":294:0)
#loc35 = loc("a_ptr"(#loc))
#loc36 = loc("b_ptr"(#loc))
#loc37 = loc("c_ptr"(#loc))
#loc38 = loc("a_stride0"(#loc))
#loc39 = loc("b_stride0"(#loc))
#loc40 = loc("c_stride0"(#loc))
#loc41 = loc("M"(#loc))
#loc42 = loc("N"(#loc))
#loc43 = loc("K"(#loc))
module {
  tt.func public @matmul_tma_persistent_ws_kernel(%a_ptr: !tt.ptr<f16> {tt.divisibility = 16 : i32} loc("a_ptr"(#loc)), %b_ptr: !tt.ptr<f16> {tt.divisibility = 16 : i32} loc("b_ptr"(#loc)), %c_ptr: !tt.ptr<f16> {tt.divisibility = 16 : i32} loc("c_ptr"(#loc)), %a_stride0: i32 {tt.divisibility = 16 : i32} loc("a_stride0"(#loc)), %b_stride0: i32 {tt.divisibility = 16 : i32} loc("b_stride0"(#loc)), %c_stride0: i32 {tt.divisibility = 16 : i32} loc("c_stride0"(#loc)), %M: i32 {tt.divisibility = 16 : i32} loc("M"(#loc)), %N: i32 {tt.divisibility = 16 : i32} loc("N"(#loc)), %K: i32 {tt.divisibility = 16 : i32} loc("K"(#loc))) attributes {noinline = false} {
    %cst = arith.constant dense<0.000000e+00> : tensor<128x128xf32> loc(#loc1)
    %c8_i32 = arith.constant 8 : i32 loc(#loc1)
    %c127_i32 = arith.constant 127 : i32 loc(#loc1)
    %c1_i32 = arith.constant 1 : i32 loc(#loc1)
    %c0_i32 = arith.constant 0 : i32 loc(#loc1)
    %c150_i32 = arith.constant 150 : i32 loc(#loc2)
    %c128_i32 = arith.constant 128 : i32 loc(#loc1)
    %c1_i64 = arith.constant 1 : i64 loc(#loc1)
    %a_desc = arith.extsi %a_stride0 : i32 to i64 loc(#loc44)
    %a_desc_0 = tt.make_tensor_descriptor %a_ptr, [%M, %K], [%a_desc, %c1_i64] : !tt.ptr<f16>, !tt.tensordesc<tensor<128x128xf16>> loc(#loc44)
    %b_desc = arith.extsi %b_stride0 : i32 to i64 loc(#loc45)
    %b_desc_1 = tt.make_tensor_descriptor %b_ptr, [%N, %K], [%b_desc, %c1_i64] : !tt.ptr<f16>, !tt.tensordesc<tensor<128x128xf16>> loc(#loc45)
    %c_desc = arith.extsi %c_stride0 : i32 to i64 loc(#loc46)
    %c_desc_2 = tt.make_tensor_descriptor %c_ptr, [%M, %N], [%c_desc, %c1_i64] : !tt.ptr<f16>, !tt.tensordesc<tensor<128x128xf16>> loc(#loc46)
    %start_pid = tt.get_program_id x : i32 loc(#loc47)
    %num_pid_m = arith.addi %M, %c127_i32 : i32 loc(#loc70)
    %num_pid_m_3 = arith.divsi %num_pid_m, %c128_i32 : i32 loc(#loc71)
    %num_pid_n = arith.addi %N, %c127_i32 : i32 loc(#loc72)
    %num_pid_n_4 = arith.divsi %num_pid_n, %c128_i32 : i32 loc(#loc73)
    %k_tiles = arith.addi %K, %c127_i32 : i32 loc(#loc74)
    %k_tiles_5 = arith.divsi %k_tiles, %c128_i32 : i32 loc(#loc75)
    %num_tiles = arith.muli %num_pid_m_3, %num_pid_n_4 : i32 loc(#loc51)
    scf.for %tile_id = %start_pid to %num_tiles step %c150_i32  : i32 {
      %num_pid_in_group = arith.muli %num_pid_n_4, %c8_i32 : i32 loc(#loc76)
      %group_id = arith.divsi %tile_id, %num_pid_in_group : i32 loc(#loc77)
      %first_pid_m = arith.muli %group_id, %c8_i32 : i32 loc(#loc78)
      %group_size_m = arith.subi %num_pid_m_3, %first_pid_m : i32 loc(#loc79)
      %group_size_m_6 = arith.minsi %group_size_m, %c8_i32 : i32 loc(#loc80)
      %pid_m = arith.remsi %tile_id, %group_size_m_6 : i32 loc(#loc81)
      %pid_m_7 = arith.addi %first_pid_m, %pid_m : i32 loc(#loc82)
      %pid_n = arith.remsi %tile_id, %num_pid_in_group : i32 loc(#loc83)
      %pid_n_8 = arith.divsi %pid_n, %group_size_m_6 : i32 loc(#loc84)
      %off_am = arith.muli %pid_m_7, %c128_i32 : i32 loc(#loc61)
      %off_bn = arith.muli %pid_n_8, %c128_i32 : i32 loc(#loc62)
      %accumulator = scf.for %ki = %c0_i32 to %k_tiles_5 step %c1_i32 iter_args(%accumulator_9 = %cst) -> (tensor<128x128xf32>)  : i32 {
        %off_k = arith.muli %ki, %c128_i32 : i32 loc(#loc64)
        %a = tt.descriptor_load %a_desc_0[%off_am, %off_k] : !tt.tensordesc<tensor<128x128xf16>> -> tensor<128x128xf16> loc(#loc65)
        %b = tt.descriptor_load %b_desc_1[%off_bn, %off_k] : !tt.tensordesc<tensor<128x128xf16>> -> tensor<128x128xf16> loc(#loc66)
        %accumulator_10 = tt.trans %b {order = array<i32: 1, 0>} : tensor<128x128xf16> -> tensor<128x128xf16> loc(#loc67)
        %accumulator_11 = tt.dot %a, %accumulator_10, %accumulator_9, inputPrecision = tf32 : tensor<128x128xf16> * tensor<128x128xf16> -> tensor<128x128xf32> loc(#loc68)
        scf.yield %accumulator_11 : tensor<128x128xf32> loc(#loc31)
      } loc(#loc63)
      %c = arith.truncf %accumulator : tensor<128x128xf32> to tensor<128x128xf16> loc(#loc69)
      tt.descriptor_store %c_desc_2[%off_am, %off_bn], %c : !tt.tensordesc<tensor<128x128xf16>>, tensor<128x128xf16> loc(#loc33)
    } {tt.flatten, tt.num_stages = 2 : i32, tt.warp_specialize} loc(#loc2)
    tt.return loc(#loc34)
  } loc(#loc)
} loc(#loc)
#loc1 = loc(unknown)
#loc2 = loc("/home/scratch.egaburov_sw/oai-triton/triton-src/triton-solid-01.git/python/test/unit/language/test_warp_specialization.py":323:28)
#loc3 = loc("/home/scratch.egaburov_sw/oai-triton/triton-src/triton-solid-01.git/python/test/unit/language/test_warp_specialization.py":309:39)
#loc4 = loc("/home/scratch.egaburov_sw/oai-triton/triton-src/triton-solid-01.git/python/test/unit/language/test_warp_specialization.py":311:39)
#loc5 = loc("/home/scratch.egaburov_sw/oai-triton/triton-src/triton-solid-01.git/python/test/unit/language/test_warp_specialization.py":313:39)
#loc6 = loc("/home/scratch.egaburov_sw/oai-triton/triton-src/triton-solid-01.git/python/test/unit/language/test_warp_specialization.py":316:30)
#loc7 = loc("/home/scratch.egaburov_sw/oai-triton/triton-src/triton-solid-01.git/python/triton/language/standard.py":43:17)
#loc8 = loc("/home/scratch.egaburov_sw/oai-triton/triton-src/triton-solid-01.git/python/test/unit/language/test_warp_specialization.py":317:27)
#loc9 = loc("/home/scratch.egaburov_sw/oai-triton/triton-src/triton-solid-01.git/python/triton/language/standard.py":43:30)
#loc10 = loc("/home/scratch.egaburov_sw/oai-triton/triton-src/triton-solid-01.git/python/test/unit/language/test_warp_specialization.py":318:27)
#loc11 = loc("/home/scratch.egaburov_sw/oai-triton/triton-src/triton-solid-01.git/python/test/unit/language/test_warp_specialization.py":319:25)
#loc12 = loc("/home/scratch.egaburov_sw/oai-triton/triton-src/triton-solid-01.git/python/test/unit/language/test_warp_specialization.py":320:28)
#loc13 = loc("/home/scratch.egaburov_sw/oai-triton/triton-src/triton-solid-01.git/python/test/unit/language/test_warp_specialization.py":191:38)
#loc14 = loc("/home/scratch.egaburov_sw/oai-triton/triton-src/triton-solid-01.git/python/test/unit/language/test_warp_specialization.py":324:67)
#loc15 = loc("/home/scratch.egaburov_sw/oai-triton/triton-src/triton-solid-01.git/python/test/unit/language/test_warp_specialization.py":192:26)
#loc16 = loc("/home/scratch.egaburov_sw/oai-triton/triton-src/triton-solid-01.git/python/test/unit/language/test_warp_specialization.py":193:29)
#loc17 = loc("/home/scratch.egaburov_sw/oai-triton/triton-src/triton-solid-01.git/python/test/unit/language/test_warp_specialization.py":194:35)
#loc18 = loc("/home/scratch.egaburov_sw/oai-triton/triton-src/triton-solid-01.git/python/test/unit/language/test_warp_specialization.py":194:48)
#loc19 = loc("/home/scratch.egaburov_sw/oai-triton/triton-src/triton-solid-01.git/python/test/unit/language/test_warp_specialization.py":195:37)
#loc20 = loc("/home/scratch.egaburov_sw/oai-triton/triton-src/triton-solid-01.git/python/test/unit/language/test_warp_specialization.py":195:27)
#loc21 = loc("/home/scratch.egaburov_sw/oai-triton/triton-src/triton-solid-01.git/python/test/unit/language/test_warp_specialization.py":196:23)
#loc22 = loc("/home/scratch.egaburov_sw/oai-triton/triton-src/triton-solid-01.git/python/test/unit/language/test_warp_specialization.py":196:44)
#loc23 = loc("/home/scratch.egaburov_sw/oai-triton/triton-src/triton-solid-01.git/python/test/unit/language/test_warp_specialization.py":326:25)
#loc24 = loc("/home/scratch.egaburov_sw/oai-triton/triton-src/triton-solid-01.git/python/test/unit/language/test_warp_specialization.py":327:25)
#loc25 = loc("/home/scratch.egaburov_sw/oai-triton/triton-src/triton-solid-01.git/python/test/unit/language/test_warp_specialization.py":329:24)
#loc26 = loc("/home/scratch.egaburov_sw/oai-triton/triton-src/triton-solid-01.git/python/test/unit/language/test_warp_specialization.py":330:25)
#loc27 = loc("/home/scratch.egaburov_sw/oai-triton/triton-src/triton-solid-01.git/python/test/unit/language/test_warp_specialization.py":331:28)
#loc28 = loc("/home/scratch.egaburov_sw/oai-triton/triton-src/triton-solid-01.git/python/test/unit/language/test_warp_specialization.py":332:28)
#loc29 = loc("/home/scratch.egaburov_sw/oai-triton/triton-src/triton-solid-01.git/python/test/unit/language/test_warp_specialization.py":333:36)
#loc30 = loc("/home/scratch.egaburov_sw/oai-triton/triton-src/triton-solid-01.git/python/test/unit/language/test_warp_specialization.py":333:41)
#loc31 = loc("/home/scratch.egaburov_sw/oai-triton/triton-src/triton-solid-01.git/python/test/unit/language/test_warp_specialization.py":333:12)
#loc32 = loc("/home/scratch.egaburov_sw/oai-triton/triton-src/triton-solid-01.git/python/test/unit/language/test_warp_specialization.py":335:27)
#loc33 = loc("/home/scratch.egaburov_sw/oai-triton/triton-src/triton-solid-01.git/python/test/unit/language/test_warp_specialization.py":336:39)
#loc34 = loc("/home/scratch.egaburov_sw/oai-triton/triton-src/triton-solid-01.git/python/test/unit/language/test_warp_specialization.py":322:4)
#loc44 = loc("a_desc"(#loc3))
#loc45 = loc("b_desc"(#loc4))
#loc46 = loc("c_desc"(#loc5))
#loc47 = loc("start_pid"(#loc6))
#loc48 = loc("num_pid_m"(#loc8))
#loc49 = loc("num_pid_n"(#loc10))
#loc50 = loc("k_tiles"(#loc11))
#loc51 = loc("num_tiles"(#loc12))
#loc52 = loc("num_pid_in_group"(#loc13))
#loc53 = loc("group_id"(#loc15))
#loc54 = loc("first_pid_m"(#loc16))
#loc55 = loc("group_size_m"(#loc17))
#loc56 = loc("group_size_m"(#loc18))
#loc57 = loc("pid_m"(#loc19))
#loc58 = loc("pid_m"(#loc20))
#loc59 = loc("pid_n"(#loc21))
#loc60 = loc("pid_n"(#loc22))
#loc61 = loc("off_am"(#loc23))
#loc62 = loc("off_bn"(#loc24))
#loc63 = loc("accumulator"(#loc25))
#loc64 = loc("off_k"(#loc26))
#loc65 = loc("a"(#loc27))
#loc66 = loc("b"(#loc28))
#loc67 = loc("accumulator"(#loc29))
#loc68 = loc("accumulator"(#loc30))
#loc69 = loc("c"(#loc32))
#loc70 = loc(callsite(#loc7 at #loc48))
#loc71 = loc(callsite(#loc9 at #loc48))
#loc72 = loc(callsite(#loc7 at #loc49))
#loc73 = loc(callsite(#loc9 at #loc49))
#loc74 = loc(callsite(#loc7 at #loc50))
#loc75 = loc(callsite(#loc9 at #loc50))
#loc76 = loc(callsite(#loc52 at #loc14))
#loc77 = loc(callsite(#loc53 at #loc14))
#loc78 = loc(callsite(#loc54 at #loc14))
#loc79 = loc(callsite(#loc55 at #loc14))
#loc80 = loc(callsite(#loc56 at #loc14))
#loc81 = loc(callsite(#loc57 at #loc14))
#loc82 = loc(callsite(#loc58 at #loc14))
#loc83 = loc(callsite(#loc59 at #loc14))
#loc84 = loc(callsite(#loc60 at #loc14))


// -----// IR Dump Before TLXResolvePlaceholderLayouts (tlx-resolve-placeholder-layouts) ('builtin.module' operation) //----- //
#loc = loc("/home/scratch.egaburov_sw/oai-triton/triton-src/triton-solid-01.git/python/test/unit/language/test_warp_specialization.py":294:0)
#loc35 = loc("a_ptr"(#loc))
#loc36 = loc("b_ptr"(#loc))
#loc37 = loc("c_ptr"(#loc))
#loc38 = loc("a_stride0"(#loc))
#loc39 = loc("b_stride0"(#loc))
#loc40 = loc("c_stride0"(#loc))
#loc41 = loc("M"(#loc))
#loc42 = loc("N"(#loc))
#loc43 = loc("K"(#loc))
module {
  tt.func public @matmul_tma_persistent_ws_kernel(%a_ptr: !tt.ptr<f16> {tt.divisibility = 16 : i32} loc("a_ptr"(#loc)), %b_ptr: !tt.ptr<f16> {tt.divisibility = 16 : i32} loc("b_ptr"(#loc)), %c_ptr: !tt.ptr<f16> {tt.divisibility = 16 : i32} loc("c_ptr"(#loc)), %a_stride0: i32 {tt.divisibility = 16 : i32} loc("a_stride0"(#loc)), %b_stride0: i32 {tt.divisibility = 16 : i32} loc("b_stride0"(#loc)), %c_stride0: i32 {tt.divisibility = 16 : i32} loc("c_stride0"(#loc)), %M: i32 {tt.divisibility = 16 : i32} loc("M"(#loc)), %N: i32 {tt.divisibility = 16 : i32} loc("N"(#loc)), %K: i32 {tt.divisibility = 16 : i32} loc("K"(#loc))) attributes {noinline = false} {
    %cst = arith.constant dense<0.000000e+00> : tensor<128x128xf32> loc(#loc1)
    %c8_i32 = arith.constant 8 : i32 loc(#loc1)
    %c127_i32 = arith.constant 127 : i32 loc(#loc1)
    %c1_i32 = arith.constant 1 : i32 loc(#loc1)
    %c0_i32 = arith.constant 0 : i32 loc(#loc1)
    %c150_i32 = arith.constant 150 : i32 loc(#loc2)
    %c128_i32 = arith.constant 128 : i32 loc(#loc1)
    %c1_i64 = arith.constant 1 : i64 loc(#loc1)
    %a_desc = arith.extsi %a_stride0 : i32 to i64 loc(#loc44)
    %a_desc_0 = tt.make_tensor_descriptor %a_ptr, [%M, %K], [%a_desc, %c1_i64] : !tt.ptr<f16>, !tt.tensordesc<tensor<128x128xf16>> loc(#loc44)
    %b_desc = arith.extsi %b_stride0 : i32 to i64 loc(#loc45)
    %b_desc_1 = tt.make_tensor_descriptor %b_ptr, [%N, %K], [%b_desc, %c1_i64] : !tt.ptr<f16>, !tt.tensordesc<tensor<128x128xf16>> loc(#loc45)
    %c_desc = arith.extsi %c_stride0 : i32 to i64 loc(#loc46)
    %c_desc_2 = tt.make_tensor_descriptor %c_ptr, [%M, %N], [%c_desc, %c1_i64] : !tt.ptr<f16>, !tt.tensordesc<tensor<128x128xf16>> loc(#loc46)
    %start_pid = tt.get_program_id x : i32 loc(#loc47)
    %num_pid_m = arith.addi %M, %c127_i32 : i32 loc(#loc70)
    %num_pid_m_3 = arith.divsi %num_pid_m, %c128_i32 : i32 loc(#loc71)
    %num_pid_n = arith.addi %N, %c127_i32 : i32 loc(#loc72)
    %num_pid_n_4 = arith.divsi %num_pid_n, %c128_i32 : i32 loc(#loc73)
    %k_tiles = arith.addi %K, %c127_i32 : i32 loc(#loc74)
    %k_tiles_5 = arith.divsi %k_tiles, %c128_i32 : i32 loc(#loc75)
    %num_tiles = arith.muli %num_pid_m_3, %num_pid_n_4 : i32 loc(#loc51)
    scf.for %tile_id = %start_pid to %num_tiles step %c150_i32  : i32 {
      %num_pid_in_group = arith.muli %num_pid_n_4, %c8_i32 : i32 loc(#loc76)
      %group_id = arith.divsi %tile_id, %num_pid_in_group : i32 loc(#loc77)
      %first_pid_m = arith.muli %group_id, %c8_i32 : i32 loc(#loc78)
      %group_size_m = arith.subi %num_pid_m_3, %first_pid_m : i32 loc(#loc79)
      %group_size_m_6 = arith.minsi %group_size_m, %c8_i32 : i32 loc(#loc80)
      %pid_m = arith.remsi %tile_id, %group_size_m_6 : i32 loc(#loc81)
      %pid_m_7 = arith.addi %first_pid_m, %pid_m : i32 loc(#loc82)
      %pid_n = arith.remsi %tile_id, %num_pid_in_group : i32 loc(#loc83)
      %pid_n_8 = arith.divsi %pid_n, %group_size_m_6 : i32 loc(#loc84)
      %off_am = arith.muli %pid_m_7, %c128_i32 : i32 loc(#loc61)
      %off_bn = arith.muli %pid_n_8, %c128_i32 : i32 loc(#loc62)
      %accumulator = scf.for %ki = %c0_i32 to %k_tiles_5 step %c1_i32 iter_args(%accumulator_9 = %cst) -> (tensor<128x128xf32>)  : i32 {
        %off_k = arith.muli %ki, %c128_i32 : i32 loc(#loc64)
        %a = tt.descriptor_load %a_desc_0[%off_am, %off_k] : !tt.tensordesc<tensor<128x128xf16>> -> tensor<128x128xf16> loc(#loc65)
        %b = tt.descriptor_load %b_desc_1[%off_bn, %off_k] : !tt.tensordesc<tensor<128x128xf16>> -> tensor<128x128xf16> loc(#loc66)
        %accumulator_10 = tt.trans %b {order = array<i32: 1, 0>} : tensor<128x128xf16> -> tensor<128x128xf16> loc(#loc67)
        %accumulator_11 = tt.dot %a, %accumulator_10, %accumulator_9, inputPrecision = tf32 : tensor<128x128xf16> * tensor<128x128xf16> -> tensor<128x128xf32> loc(#loc68)
        scf.yield %accumulator_11 : tensor<128x128xf32> loc(#loc31)
      } loc(#loc63)
      %c = arith.truncf %accumulator : tensor<128x128xf32> to tensor<128x128xf16> loc(#loc69)
      tt.descriptor_store %c_desc_2[%off_am, %off_bn], %c : !tt.tensordesc<tensor<128x128xf16>>, tensor<128x128xf16> loc(#loc33)
    } {tt.flatten, tt.num_stages = 2 : i32, tt.warp_specialize} loc(#loc2)
    tt.return loc(#loc34)
  } loc(#loc)
} loc(#loc)
#loc1 = loc(unknown)
#loc2 = loc("/home/scratch.egaburov_sw/oai-triton/triton-src/triton-solid-01.git/python/test/unit/language/test_warp_specialization.py":323:28)
#loc3 = loc("/home/scratch.egaburov_sw/oai-triton/triton-src/triton-solid-01.git/python/test/unit/language/test_warp_specialization.py":309:39)
#loc4 = loc("/home/scratch.egaburov_sw/oai-triton/triton-src/triton-solid-01.git/python/test/unit/language/test_warp_specialization.py":311:39)
#loc5 = loc("/home/scratch.egaburov_sw/oai-triton/triton-src/triton-solid-01.git/python/test/unit/language/test_warp_specialization.py":313:39)
#loc6 = loc("/home/scratch.egaburov_sw/oai-triton/triton-src/triton-solid-01.git/python/test/unit/language/test_warp_specialization.py":316:30)
#loc7 = loc("/home/scratch.egaburov_sw/oai-triton/triton-src/triton-solid-01.git/python/triton/language/standard.py":43:17)
#loc8 = loc("/home/scratch.egaburov_sw/oai-triton/triton-src/triton-solid-01.git/python/test/unit/language/test_warp_specialization.py":317:27)
#loc9 = loc("/home/scratch.egaburov_sw/oai-triton/triton-src/triton-solid-01.git/python/triton/language/standard.py":43:30)
#loc10 = loc("/home/scratch.egaburov_sw/oai-triton/triton-src/triton-solid-01.git/python/test/unit/language/test_warp_specialization.py":318:27)
#loc11 = loc("/home/scratch.egaburov_sw/oai-triton/triton-src/triton-solid-01.git/python/test/unit/language/test_warp_specialization.py":319:25)
#loc12 = loc("/home/scratch.egaburov_sw/oai-triton/triton-src/triton-solid-01.git/python/test/unit/language/test_warp_specialization.py":320:28)
#loc13 = loc("/home/scratch.egaburov_sw/oai-triton/triton-src/triton-solid-01.git/python/test/unit/language/test_warp_specialization.py":191:38)
#loc14 = loc("/home/scratch.egaburov_sw/oai-triton/triton-src/triton-solid-01.git/python/test/unit/language/test_warp_specialization.py":324:67)
#loc15 = loc("/home/scratch.egaburov_sw/oai-triton/triton-src/triton-solid-01.git/python/test/unit/language/test_warp_specialization.py":192:26)
#loc16 = loc("/home/scratch.egaburov_sw/oai-triton/triton-src/triton-solid-01.git/python/test/unit/language/test_warp_specialization.py":193:29)
#loc17 = loc("/home/scratch.egaburov_sw/oai-triton/triton-src/triton-solid-01.git/python/test/unit/language/test_warp_specialization.py":194:35)
#loc18 = loc("/home/scratch.egaburov_sw/oai-triton/triton-src/triton-solid-01.git/python/test/unit/language/test_warp_specialization.py":194:48)
#loc19 = loc("/home/scratch.egaburov_sw/oai-triton/triton-src/triton-solid-01.git/python/test/unit/language/test_warp_specialization.py":195:37)
#loc20 = loc("/home/scratch.egaburov_sw/oai-triton/triton-src/triton-solid-01.git/python/test/unit/language/test_warp_specialization.py":195:27)
#loc21 = loc("/home/scratch.egaburov_sw/oai-triton/triton-src/triton-solid-01.git/python/test/unit/language/test_warp_specialization.py":196:23)
#loc22 = loc("/home/scratch.egaburov_sw/oai-triton/triton-src/triton-solid-01.git/python/test/unit/language/test_warp_specialization.py":196:44)
#loc23 = loc("/home/scratch.egaburov_sw/oai-triton/triton-src/triton-solid-01.git/python/test/unit/language/test_warp_specialization.py":326:25)
#loc24 = loc("/home/scratch.egaburov_sw/oai-triton/triton-src/triton-solid-01.git/python/test/unit/language/test_warp_specialization.py":327:25)
#loc25 = loc("/home/scratch.egaburov_sw/oai-triton/triton-src/triton-solid-01.git/python/test/unit/language/test_warp_specialization.py":329:24)
#loc26 = loc("/home/scratch.egaburov_sw/oai-triton/triton-src/triton-solid-01.git/python/test/unit/language/test_warp_specialization.py":330:25)
#loc27 = loc("/home/scratch.egaburov_sw/oai-triton/triton-src/triton-solid-01.git/python/test/unit/language/test_warp_specialization.py":331:28)
#loc28 = loc("/home/scratch.egaburov_sw/oai-triton/triton-src/triton-solid-01.git/python/test/unit/language/test_warp_specialization.py":332:28)
#loc29 = loc("/home/scratch.egaburov_sw/oai-triton/triton-src/triton-solid-01.git/python/test/unit/language/test_warp_specialization.py":333:36)
#loc30 = loc("/home/scratch.egaburov_sw/oai-triton/triton-src/triton-solid-01.git/python/test/unit/language/test_warp_specialization.py":333:41)
#loc31 = loc("/home/scratch.egaburov_sw/oai-triton/triton-src/triton-solid-01.git/python/test/unit/language/test_warp_specialization.py":333:12)
#loc32 = loc("/home/scratch.egaburov_sw/oai-triton/triton-src/triton-solid-01.git/python/test/unit/language/test_warp_specialization.py":335:27)
#loc33 = loc("/home/scratch.egaburov_sw/oai-triton/triton-src/triton-solid-01.git/python/test/unit/language/test_warp_specialization.py":336:39)
#loc34 = loc("/home/scratch.egaburov_sw/oai-triton/triton-src/triton-solid-01.git/python/test/unit/language/test_warp_specialization.py":322:4)
#loc44 = loc("a_desc"(#loc3))
#loc45 = loc("b_desc"(#loc4))
#loc46 = loc("c_desc"(#loc5))
#loc47 = loc("start_pid"(#loc6))
#loc48 = loc("num_pid_m"(#loc8))
#loc49 = loc("num_pid_n"(#loc10))
#loc50 = loc("k_tiles"(#loc11))
#loc51 = loc("num_tiles"(#loc12))
#loc52 = loc("num_pid_in_group"(#loc13))
#loc53 = loc("group_id"(#loc15))
#loc54 = loc("first_pid_m"(#loc16))
#loc55 = loc("group_size_m"(#loc17))
#loc56 = loc("group_size_m"(#loc18))
#loc57 = loc("pid_m"(#loc19))
#loc58 = loc("pid_m"(#loc20))
#loc59 = loc("pid_n"(#loc21))
#loc60 = loc("pid_n"(#loc22))
#loc61 = loc("off_am"(#loc23))
#loc62 = loc("off_bn"(#loc24))
#loc63 = loc("accumulator"(#loc25))
#loc64 = loc("off_k"(#loc26))
#loc65 = loc("a"(#loc27))
#loc66 = loc("b"(#loc28))
#loc67 = loc("accumulator"(#loc29))
#loc68 = loc("accumulator"(#loc30))
#loc69 = loc("c"(#loc32))
#loc70 = loc(callsite(#loc7 at #loc48))
#loc71 = loc(callsite(#loc9 at #loc48))
#loc72 = loc(callsite(#loc7 at #loc49))
#loc73 = loc(callsite(#loc9 at #loc49))
#loc74 = loc(callsite(#loc7 at #loc50))
#loc75 = loc(callsite(#loc9 at #loc50))
#loc76 = loc(callsite(#loc52 at #loc14))
#loc77 = loc(callsite(#loc53 at #loc14))
#loc78 = loc(callsite(#loc54 at #loc14))
#loc79 = loc(callsite(#loc55 at #loc14))
#loc80 = loc(callsite(#loc56 at #loc14))
#loc81 = loc(callsite(#loc57 at #loc14))
#loc82 = loc(callsite(#loc58 at #loc14))
#loc83 = loc(callsite(#loc59 at #loc14))
#loc84 = loc(callsite(#loc60 at #loc14))


// -----// IR Dump Before TritonRewriteTensorPointer (triton-rewrite-tensor-pointer) ('builtin.module' operation) //----- //
#loc = loc("/home/scratch.egaburov_sw/oai-triton/triton-src/triton-solid-01.git/python/test/unit/language/test_warp_specialization.py":294:0)
#loc35 = loc("a_ptr"(#loc))
#loc36 = loc("b_ptr"(#loc))
#loc37 = loc("c_ptr"(#loc))
#loc38 = loc("a_stride0"(#loc))
#loc39 = loc("b_stride0"(#loc))
#loc40 = loc("c_stride0"(#loc))
#loc41 = loc("M"(#loc))
#loc42 = loc("N"(#loc))
#loc43 = loc("K"(#loc))
module {
  tt.func public @matmul_tma_persistent_ws_kernel(%a_ptr: !tt.ptr<f16> {tt.divisibility = 16 : i32} loc("a_ptr"(#loc)), %b_ptr: !tt.ptr<f16> {tt.divisibility = 16 : i32} loc("b_ptr"(#loc)), %c_ptr: !tt.ptr<f16> {tt.divisibility = 16 : i32} loc("c_ptr"(#loc)), %a_stride0: i32 {tt.divisibility = 16 : i32} loc("a_stride0"(#loc)), %b_stride0: i32 {tt.divisibility = 16 : i32} loc("b_stride0"(#loc)), %c_stride0: i32 {tt.divisibility = 16 : i32} loc("c_stride0"(#loc)), %M: i32 {tt.divisibility = 16 : i32} loc("M"(#loc)), %N: i32 {tt.divisibility = 16 : i32} loc("N"(#loc)), %K: i32 {tt.divisibility = 16 : i32} loc("K"(#loc))) attributes {noinline = false} {
    %cst = arith.constant dense<0.000000e+00> : tensor<128x128xf32> loc(#loc1)
    %c8_i32 = arith.constant 8 : i32 loc(#loc1)
    %c127_i32 = arith.constant 127 : i32 loc(#loc1)
    %c1_i32 = arith.constant 1 : i32 loc(#loc1)
    %c0_i32 = arith.constant 0 : i32 loc(#loc1)
    %c150_i32 = arith.constant 150 : i32 loc(#loc2)
    %c128_i32 = arith.constant 128 : i32 loc(#loc1)
    %c1_i64 = arith.constant 1 : i64 loc(#loc1)
    %a_desc = arith.extsi %a_stride0 : i32 to i64 loc(#loc44)
    %a_desc_0 = tt.make_tensor_descriptor %a_ptr, [%M, %K], [%a_desc, %c1_i64] : !tt.ptr<f16>, !tt.tensordesc<tensor<128x128xf16>> loc(#loc44)
    %b_desc = arith.extsi %b_stride0 : i32 to i64 loc(#loc45)
    %b_desc_1 = tt.make_tensor_descriptor %b_ptr, [%N, %K], [%b_desc, %c1_i64] : !tt.ptr<f16>, !tt.tensordesc<tensor<128x128xf16>> loc(#loc45)
    %c_desc = arith.extsi %c_stride0 : i32 to i64 loc(#loc46)
    %c_desc_2 = tt.make_tensor_descriptor %c_ptr, [%M, %N], [%c_desc, %c1_i64] : !tt.ptr<f16>, !tt.tensordesc<tensor<128x128xf16>> loc(#loc46)
    %start_pid = tt.get_program_id x : i32 loc(#loc47)
    %num_pid_m = arith.addi %M, %c127_i32 : i32 loc(#loc70)
    %num_pid_m_3 = arith.divsi %num_pid_m, %c128_i32 : i32 loc(#loc71)
    %num_pid_n = arith.addi %N, %c127_i32 : i32 loc(#loc72)
    %num_pid_n_4 = arith.divsi %num_pid_n, %c128_i32 : i32 loc(#loc73)
    %k_tiles = arith.addi %K, %c127_i32 : i32 loc(#loc74)
    %k_tiles_5 = arith.divsi %k_tiles, %c128_i32 : i32 loc(#loc75)
    %num_tiles = arith.muli %num_pid_m_3, %num_pid_n_4 : i32 loc(#loc51)
    scf.for %tile_id = %start_pid to %num_tiles step %c150_i32  : i32 {
      %num_pid_in_group = arith.muli %num_pid_n_4, %c8_i32 : i32 loc(#loc76)
      %group_id = arith.divsi %tile_id, %num_pid_in_group : i32 loc(#loc77)
      %first_pid_m = arith.muli %group_id, %c8_i32 : i32 loc(#loc78)
      %group_size_m = arith.subi %num_pid_m_3, %first_pid_m : i32 loc(#loc79)
      %group_size_m_6 = arith.minsi %group_size_m, %c8_i32 : i32 loc(#loc80)
      %pid_m = arith.remsi %tile_id, %group_size_m_6 : i32 loc(#loc81)
      %pid_m_7 = arith.addi %first_pid_m, %pid_m : i32 loc(#loc82)
      %pid_n = arith.remsi %tile_id, %num_pid_in_group : i32 loc(#loc83)
      %pid_n_8 = arith.divsi %pid_n, %group_size_m_6 : i32 loc(#loc84)
      %off_am = arith.muli %pid_m_7, %c128_i32 : i32 loc(#loc61)
      %off_bn = arith.muli %pid_n_8, %c128_i32 : i32 loc(#loc62)
      %accumulator = scf.for %ki = %c0_i32 to %k_tiles_5 step %c1_i32 iter_args(%accumulator_9 = %cst) -> (tensor<128x128xf32>)  : i32 {
        %off_k = arith.muli %ki, %c128_i32 : i32 loc(#loc64)
        %a = tt.descriptor_load %a_desc_0[%off_am, %off_k] : !tt.tensordesc<tensor<128x128xf16>> -> tensor<128x128xf16> loc(#loc65)
        %b = tt.descriptor_load %b_desc_1[%off_bn, %off_k] : !tt.tensordesc<tensor<128x128xf16>> -> tensor<128x128xf16> loc(#loc66)
        %accumulator_10 = tt.trans %b {order = array<i32: 1, 0>} : tensor<128x128xf16> -> tensor<128x128xf16> loc(#loc67)
        %accumulator_11 = tt.dot %a, %accumulator_10, %accumulator_9, inputPrecision = tf32 : tensor<128x128xf16> * tensor<128x128xf16> -> tensor<128x128xf32> loc(#loc68)
        scf.yield %accumulator_11 : tensor<128x128xf32> loc(#loc31)
      } loc(#loc63)
      %c = arith.truncf %accumulator : tensor<128x128xf32> to tensor<128x128xf16> loc(#loc69)
      tt.descriptor_store %c_desc_2[%off_am, %off_bn], %c : !tt.tensordesc<tensor<128x128xf16>>, tensor<128x128xf16> loc(#loc33)
    } {tt.flatten, tt.num_stages = 2 : i32, tt.warp_specialize} loc(#loc2)
    tt.return loc(#loc34)
  } loc(#loc)
} loc(#loc)
#loc1 = loc(unknown)
#loc2 = loc("/home/scratch.egaburov_sw/oai-triton/triton-src/triton-solid-01.git/python/test/unit/language/test_warp_specialization.py":323:28)
#loc3 = loc("/home/scratch.egaburov_sw/oai-triton/triton-src/triton-solid-01.git/python/test/unit/language/test_warp_specialization.py":309:39)
#loc4 = loc("/home/scratch.egaburov_sw/oai-triton/triton-src/triton-solid-01.git/python/test/unit/language/test_warp_specialization.py":311:39)
#loc5 = loc("/home/scratch.egaburov_sw/oai-triton/triton-src/triton-solid-01.git/python/test/unit/language/test_warp_specialization.py":313:39)
#loc6 = loc("/home/scratch.egaburov_sw/oai-triton/triton-src/triton-solid-01.git/python/test/unit/language/test_warp_specialization.py":316:30)
#loc7 = loc("/home/scratch.egaburov_sw/oai-triton/triton-src/triton-solid-01.git/python/triton/language/standard.py":43:17)
#loc8 = loc("/home/scratch.egaburov_sw/oai-triton/triton-src/triton-solid-01.git/python/test/unit/language/test_warp_specialization.py":317:27)
#loc9 = loc("/home/scratch.egaburov_sw/oai-triton/triton-src/triton-solid-01.git/python/triton/language/standard.py":43:30)
#loc10 = loc("/home/scratch.egaburov_sw/oai-triton/triton-src/triton-solid-01.git/python/test/unit/language/test_warp_specialization.py":318:27)
#loc11 = loc("/home/scratch.egaburov_sw/oai-triton/triton-src/triton-solid-01.git/python/test/unit/language/test_warp_specialization.py":319:25)
#loc12 = loc("/home/scratch.egaburov_sw/oai-triton/triton-src/triton-solid-01.git/python/test/unit/language/test_warp_specialization.py":320:28)
#loc13 = loc("/home/scratch.egaburov_sw/oai-triton/triton-src/triton-solid-01.git/python/test/unit/language/test_warp_specialization.py":191:38)
#loc14 = loc("/home/scratch.egaburov_sw/oai-triton/triton-src/triton-solid-01.git/python/test/unit/language/test_warp_specialization.py":324:67)
#loc15 = loc("/home/scratch.egaburov_sw/oai-triton/triton-src/triton-solid-01.git/python/test/unit/language/test_warp_specialization.py":192:26)
#loc16 = loc("/home/scratch.egaburov_sw/oai-triton/triton-src/triton-solid-01.git/python/test/unit/language/test_warp_specialization.py":193:29)
#loc17 = loc("/home/scratch.egaburov_sw/oai-triton/triton-src/triton-solid-01.git/python/test/unit/language/test_warp_specialization.py":194:35)
#loc18 = loc("/home/scratch.egaburov_sw/oai-triton/triton-src/triton-solid-01.git/python/test/unit/language/test_warp_specialization.py":194:48)
#loc19 = loc("/home/scratch.egaburov_sw/oai-triton/triton-src/triton-solid-01.git/python/test/unit/language/test_warp_specialization.py":195:37)
#loc20 = loc("/home/scratch.egaburov_sw/oai-triton/triton-src/triton-solid-01.git/python/test/unit/language/test_warp_specialization.py":195:27)
#loc21 = loc("/home/scratch.egaburov_sw/oai-triton/triton-src/triton-solid-01.git/python/test/unit/language/test_warp_specialization.py":196:23)
#loc22 = loc("/home/scratch.egaburov_sw/oai-triton/triton-src/triton-solid-01.git/python/test/unit/language/test_warp_specialization.py":196:44)
#loc23 = loc("/home/scratch.egaburov_sw/oai-triton/triton-src/triton-solid-01.git/python/test/unit/language/test_warp_specialization.py":326:25)
#loc24 = loc("/home/scratch.egaburov_sw/oai-triton/triton-src/triton-solid-01.git/python/test/unit/language/test_warp_specialization.py":327:25)
#loc25 = loc("/home/scratch.egaburov_sw/oai-triton/triton-src/triton-solid-01.git/python/test/unit/language/test_warp_specialization.py":329:24)
#loc26 = loc("/home/scratch.egaburov_sw/oai-triton/triton-src/triton-solid-01.git/python/test/unit/language/test_warp_specialization.py":330:25)
#loc27 = loc("/home/scratch.egaburov_sw/oai-triton/triton-src/triton-solid-01.git/python/test/unit/language/test_warp_specialization.py":331:28)
#loc28 = loc("/home/scratch.egaburov_sw/oai-triton/triton-src/triton-solid-01.git/python/test/unit/language/test_warp_specialization.py":332:28)
#loc29 = loc("/home/scratch.egaburov_sw/oai-triton/triton-src/triton-solid-01.git/python/test/unit/language/test_warp_specialization.py":333:36)
#loc30 = loc("/home/scratch.egaburov_sw/oai-triton/triton-src/triton-solid-01.git/python/test/unit/language/test_warp_specialization.py":333:41)
#loc31 = loc("/home/scratch.egaburov_sw/oai-triton/triton-src/triton-solid-01.git/python/test/unit/language/test_warp_specialization.py":333:12)
#loc32 = loc("/home/scratch.egaburov_sw/oai-triton/triton-src/triton-solid-01.git/python/test/unit/language/test_warp_specialization.py":335:27)
#loc33 = loc("/home/scratch.egaburov_sw/oai-triton/triton-src/triton-solid-01.git/python/test/unit/language/test_warp_specialization.py":336:39)
#loc34 = loc("/home/scratch.egaburov_sw/oai-triton/triton-src/triton-solid-01.git/python/test/unit/language/test_warp_specialization.py":322:4)
#loc44 = loc("a_desc"(#loc3))
#loc45 = loc("b_desc"(#loc4))
#loc46 = loc("c_desc"(#loc5))
#loc47 = loc("start_pid"(#loc6))
#loc48 = loc("num_pid_m"(#loc8))
#loc49 = loc("num_pid_n"(#loc10))
#loc50 = loc("k_tiles"(#loc11))
#loc51 = loc("num_tiles"(#loc12))
#loc52 = loc("num_pid_in_group"(#loc13))
#loc53 = loc("group_id"(#loc15))
#loc54 = loc("first_pid_m"(#loc16))
#loc55 = loc("group_size_m"(#loc17))
#loc56 = loc("group_size_m"(#loc18))
#loc57 = loc("pid_m"(#loc19))
#loc58 = loc("pid_m"(#loc20))
#loc59 = loc("pid_n"(#loc21))
#loc60 = loc("pid_n"(#loc22))
#loc61 = loc("off_am"(#loc23))
#loc62 = loc("off_bn"(#loc24))
#loc63 = loc("accumulator"(#loc25))
#loc64 = loc("off_k"(#loc26))
#loc65 = loc("a"(#loc27))
#loc66 = loc("b"(#loc28))
#loc67 = loc("accumulator"(#loc29))
#loc68 = loc("accumulator"(#loc30))
#loc69 = loc("c"(#loc32))
#loc70 = loc(callsite(#loc7 at #loc48))
#loc71 = loc(callsite(#loc9 at #loc48))
#loc72 = loc(callsite(#loc7 at #loc49))
#loc73 = loc(callsite(#loc9 at #loc49))
#loc74 = loc(callsite(#loc7 at #loc50))
#loc75 = loc(callsite(#loc9 at #loc50))
#loc76 = loc(callsite(#loc52 at #loc14))
#loc77 = loc(callsite(#loc53 at #loc14))
#loc78 = loc(callsite(#loc54 at #loc14))
#loc79 = loc(callsite(#loc55 at #loc14))
#loc80 = loc(callsite(#loc56 at #loc14))
#loc81 = loc(callsite(#loc57 at #loc14))
#loc82 = loc(callsite(#loc58 at #loc14))
#loc83 = loc(callsite(#loc59 at #loc14))
#loc84 = loc(callsite(#loc60 at #loc14))


// -----// IR Dump Before Canonicalizer (canonicalize) ('builtin.module' operation) //----- //
#loc = loc("/home/scratch.egaburov_sw/oai-triton/triton-src/triton-solid-01.git/python/test/unit/language/test_warp_specialization.py":294:0)
#loc35 = loc("a_ptr"(#loc))
#loc36 = loc("b_ptr"(#loc))
#loc37 = loc("c_ptr"(#loc))
#loc38 = loc("a_stride0"(#loc))
#loc39 = loc("b_stride0"(#loc))
#loc40 = loc("c_stride0"(#loc))
#loc41 = loc("M"(#loc))
#loc42 = loc("N"(#loc))
#loc43 = loc("K"(#loc))
module {
  tt.func public @matmul_tma_persistent_ws_kernel(%a_ptr: !tt.ptr<f16> {tt.divisibility = 16 : i32} loc("a_ptr"(#loc)), %b_ptr: !tt.ptr<f16> {tt.divisibility = 16 : i32} loc("b_ptr"(#loc)), %c_ptr: !tt.ptr<f16> {tt.divisibility = 16 : i32} loc("c_ptr"(#loc)), %a_stride0: i32 {tt.divisibility = 16 : i32} loc("a_stride0"(#loc)), %b_stride0: i32 {tt.divisibility = 16 : i32} loc("b_stride0"(#loc)), %c_stride0: i32 {tt.divisibility = 16 : i32} loc("c_stride0"(#loc)), %M: i32 {tt.divisibility = 16 : i32} loc("M"(#loc)), %N: i32 {tt.divisibility = 16 : i32} loc("N"(#loc)), %K: i32 {tt.divisibility = 16 : i32} loc("K"(#loc))) attributes {noinline = false} {
    %cst = arith.constant dense<0.000000e+00> : tensor<128x128xf32> loc(#loc1)
    %c8_i32 = arith.constant 8 : i32 loc(#loc1)
    %c127_i32 = arith.constant 127 : i32 loc(#loc1)
    %c1_i32 = arith.constant 1 : i32 loc(#loc1)
    %c0_i32 = arith.constant 0 : i32 loc(#loc1)
    %c150_i32 = arith.constant 150 : i32 loc(#loc2)
    %c128_i32 = arith.constant 128 : i32 loc(#loc1)
    %c1_i64 = arith.constant 1 : i64 loc(#loc1)
    %a_desc = arith.extsi %a_stride0 : i32 to i64 loc(#loc44)
    %a_desc_0 = tt.make_tensor_descriptor %a_ptr, [%M, %K], [%a_desc, %c1_i64] : !tt.ptr<f16>, !tt.tensordesc<tensor<128x128xf16>> loc(#loc44)
    %b_desc = arith.extsi %b_stride0 : i32 to i64 loc(#loc45)
    %b_desc_1 = tt.make_tensor_descriptor %b_ptr, [%N, %K], [%b_desc, %c1_i64] : !tt.ptr<f16>, !tt.tensordesc<tensor<128x128xf16>> loc(#loc45)
    %c_desc = arith.extsi %c_stride0 : i32 to i64 loc(#loc46)
    %c_desc_2 = tt.make_tensor_descriptor %c_ptr, [%M, %N], [%c_desc, %c1_i64] : !tt.ptr<f16>, !tt.tensordesc<tensor<128x128xf16>> loc(#loc46)
    %start_pid = tt.get_program_id x : i32 loc(#loc47)
    %num_pid_m = arith.addi %M, %c127_i32 : i32 loc(#loc70)
    %num_pid_m_3 = arith.divsi %num_pid_m, %c128_i32 : i32 loc(#loc71)
    %num_pid_n = arith.addi %N, %c127_i32 : i32 loc(#loc72)
    %num_pid_n_4 = arith.divsi %num_pid_n, %c128_i32 : i32 loc(#loc73)
    %k_tiles = arith.addi %K, %c127_i32 : i32 loc(#loc74)
    %k_tiles_5 = arith.divsi %k_tiles, %c128_i32 : i32 loc(#loc75)
    %num_tiles = arith.muli %num_pid_m_3, %num_pid_n_4 : i32 loc(#loc51)
    scf.for %tile_id = %start_pid to %num_tiles step %c150_i32  : i32 {
      %num_pid_in_group = arith.muli %num_pid_n_4, %c8_i32 : i32 loc(#loc76)
      %group_id = arith.divsi %tile_id, %num_pid_in_group : i32 loc(#loc77)
      %first_pid_m = arith.muli %group_id, %c8_i32 : i32 loc(#loc78)
      %group_size_m = arith.subi %num_pid_m_3, %first_pid_m : i32 loc(#loc79)
      %group_size_m_6 = arith.minsi %group_size_m, %c8_i32 : i32 loc(#loc80)
      %pid_m = arith.remsi %tile_id, %group_size_m_6 : i32 loc(#loc81)
      %pid_m_7 = arith.addi %first_pid_m, %pid_m : i32 loc(#loc82)
      %pid_n = arith.remsi %tile_id, %num_pid_in_group : i32 loc(#loc83)
      %pid_n_8 = arith.divsi %pid_n, %group_size_m_6 : i32 loc(#loc84)
      %off_am = arith.muli %pid_m_7, %c128_i32 : i32 loc(#loc61)
      %off_bn = arith.muli %pid_n_8, %c128_i32 : i32 loc(#loc62)
      %accumulator = scf.for %ki = %c0_i32 to %k_tiles_5 step %c1_i32 iter_args(%accumulator_9 = %cst) -> (tensor<128x128xf32>)  : i32 {
        %off_k = arith.muli %ki, %c128_i32 : i32 loc(#loc64)
        %a = tt.descriptor_load %a_desc_0[%off_am, %off_k] : !tt.tensordesc<tensor<128x128xf16>> -> tensor<128x128xf16> loc(#loc65)
        %b = tt.descriptor_load %b_desc_1[%off_bn, %off_k] : !tt.tensordesc<tensor<128x128xf16>> -> tensor<128x128xf16> loc(#loc66)
        %accumulator_10 = tt.trans %b {order = array<i32: 1, 0>} : tensor<128x128xf16> -> tensor<128x128xf16> loc(#loc67)
        %accumulator_11 = tt.dot %a, %accumulator_10, %accumulator_9, inputPrecision = tf32 : tensor<128x128xf16> * tensor<128x128xf16> -> tensor<128x128xf32> loc(#loc68)
        scf.yield %accumulator_11 : tensor<128x128xf32> loc(#loc31)
      } loc(#loc63)
      %c = arith.truncf %accumulator : tensor<128x128xf32> to tensor<128x128xf16> loc(#loc69)
      tt.descriptor_store %c_desc_2[%off_am, %off_bn], %c : !tt.tensordesc<tensor<128x128xf16>>, tensor<128x128xf16> loc(#loc33)
    } {tt.flatten, tt.num_stages = 2 : i32, tt.warp_specialize} loc(#loc2)
    tt.return loc(#loc34)
  } loc(#loc)
} loc(#loc)
#loc1 = loc(unknown)
#loc2 = loc("/home/scratch.egaburov_sw/oai-triton/triton-src/triton-solid-01.git/python/test/unit/language/test_warp_specialization.py":323:28)
#loc3 = loc("/home/scratch.egaburov_sw/oai-triton/triton-src/triton-solid-01.git/python/test/unit/language/test_warp_specialization.py":309:39)
#loc4 = loc("/home/scratch.egaburov_sw/oai-triton/triton-src/triton-solid-01.git/python/test/unit/language/test_warp_specialization.py":311:39)
#loc5 = loc("/home/scratch.egaburov_sw/oai-triton/triton-src/triton-solid-01.git/python/test/unit/language/test_warp_specialization.py":313:39)
#loc6 = loc("/home/scratch.egaburov_sw/oai-triton/triton-src/triton-solid-01.git/python/test/unit/language/test_warp_specialization.py":316:30)
#loc7 = loc("/home/scratch.egaburov_sw/oai-triton/triton-src/triton-solid-01.git/python/triton/language/standard.py":43:17)
#loc8 = loc("/home/scratch.egaburov_sw/oai-triton/triton-src/triton-solid-01.git/python/test/unit/language/test_warp_specialization.py":317:27)
#loc9 = loc("/home/scratch.egaburov_sw/oai-triton/triton-src/triton-solid-01.git/python/triton/language/standard.py":43:30)
#loc10 = loc("/home/scratch.egaburov_sw/oai-triton/triton-src/triton-solid-01.git/python/test/unit/language/test_warp_specialization.py":318:27)
#loc11 = loc("/home/scratch.egaburov_sw/oai-triton/triton-src/triton-solid-01.git/python/test/unit/language/test_warp_specialization.py":319:25)
#loc12 = loc("/home/scratch.egaburov_sw/oai-triton/triton-src/triton-solid-01.git/python/test/unit/language/test_warp_specialization.py":320:28)
#loc13 = loc("/home/scratch.egaburov_sw/oai-triton/triton-src/triton-solid-01.git/python/test/unit/language/test_warp_specialization.py":191:38)
#loc14 = loc("/home/scratch.egaburov_sw/oai-triton/triton-src/triton-solid-01.git/python/test/unit/language/test_warp_specialization.py":324:67)
#loc15 = loc("/home/scratch.egaburov_sw/oai-triton/triton-src/triton-solid-01.git/python/test/unit/language/test_warp_specialization.py":192:26)
#loc16 = loc("/home/scratch.egaburov_sw/oai-triton/triton-src/triton-solid-01.git/python/test/unit/language/test_warp_specialization.py":193:29)
#loc17 = loc("/home/scratch.egaburov_sw/oai-triton/triton-src/triton-solid-01.git/python/test/unit/language/test_warp_specialization.py":194:35)
#loc18 = loc("/home/scratch.egaburov_sw/oai-triton/triton-src/triton-solid-01.git/python/test/unit/language/test_warp_specialization.py":194:48)
#loc19 = loc("/home/scratch.egaburov_sw/oai-triton/triton-src/triton-solid-01.git/python/test/unit/language/test_warp_specialization.py":195:37)
#loc20 = loc("/home/scratch.egaburov_sw/oai-triton/triton-src/triton-solid-01.git/python/test/unit/language/test_warp_specialization.py":195:27)
#loc21 = loc("/home/scratch.egaburov_sw/oai-triton/triton-src/triton-solid-01.git/python/test/unit/language/test_warp_specialization.py":196:23)
#loc22 = loc("/home/scratch.egaburov_sw/oai-triton/triton-src/triton-solid-01.git/python/test/unit/language/test_warp_specialization.py":196:44)
#loc23 = loc("/home/scratch.egaburov_sw/oai-triton/triton-src/triton-solid-01.git/python/test/unit/language/test_warp_specialization.py":326:25)
#loc24 = loc("/home/scratch.egaburov_sw/oai-triton/triton-src/triton-solid-01.git/python/test/unit/language/test_warp_specialization.py":327:25)
#loc25 = loc("/home/scratch.egaburov_sw/oai-triton/triton-src/triton-solid-01.git/python/test/unit/language/test_warp_specialization.py":329:24)
#loc26 = loc("/home/scratch.egaburov_sw/oai-triton/triton-src/triton-solid-01.git/python/test/unit/language/test_warp_specialization.py":330:25)
#loc27 = loc("/home/scratch.egaburov_sw/oai-triton/triton-src/triton-solid-01.git/python/test/unit/language/test_warp_specialization.py":331:28)
#loc28 = loc("/home/scratch.egaburov_sw/oai-triton/triton-src/triton-solid-01.git/python/test/unit/language/test_warp_specialization.py":332:28)
#loc29 = loc("/home/scratch.egaburov_sw/oai-triton/triton-src/triton-solid-01.git/python/test/unit/language/test_warp_specialization.py":333:36)
#loc30 = loc("/home/scratch.egaburov_sw/oai-triton/triton-src/triton-solid-01.git/python/test/unit/language/test_warp_specialization.py":333:41)
#loc31 = loc("/home/scratch.egaburov_sw/oai-triton/triton-src/triton-solid-01.git/python/test/unit/language/test_warp_specialization.py":333:12)
#loc32 = loc("/home/scratch.egaburov_sw/oai-triton/triton-src/triton-solid-01.git/python/test/unit/language/test_warp_specialization.py":335:27)
#loc33 = loc("/home/scratch.egaburov_sw/oai-triton/triton-src/triton-solid-01.git/python/test/unit/language/test_warp_specialization.py":336:39)
#loc34 = loc("/home/scratch.egaburov_sw/oai-triton/triton-src/triton-solid-01.git/python/test/unit/language/test_warp_specialization.py":322:4)
#loc44 = loc("a_desc"(#loc3))
#loc45 = loc("b_desc"(#loc4))
#loc46 = loc("c_desc"(#loc5))
#loc47 = loc("start_pid"(#loc6))
#loc48 = loc("num_pid_m"(#loc8))
#loc49 = loc("num_pid_n"(#loc10))
#loc50 = loc("k_tiles"(#loc11))
#loc51 = loc("num_tiles"(#loc12))
#loc52 = loc("num_pid_in_group"(#loc13))
#loc53 = loc("group_id"(#loc15))
#loc54 = loc("first_pid_m"(#loc16))
#loc55 = loc("group_size_m"(#loc17))
#loc56 = loc("group_size_m"(#loc18))
#loc57 = loc("pid_m"(#loc19))
#loc58 = loc("pid_m"(#loc20))
#loc59 = loc("pid_n"(#loc21))
#loc60 = loc("pid_n"(#loc22))
#loc61 = loc("off_am"(#loc23))
#loc62 = loc("off_bn"(#loc24))
#loc63 = loc("accumulator"(#loc25))
#loc64 = loc("off_k"(#loc26))
#loc65 = loc("a"(#loc27))
#loc66 = loc("b"(#loc28))
#loc67 = loc("accumulator"(#loc29))
#loc68 = loc("accumulator"(#loc30))
#loc69 = loc("c"(#loc32))
#loc70 = loc(callsite(#loc7 at #loc48))
#loc71 = loc(callsite(#loc9 at #loc48))
#loc72 = loc(callsite(#loc7 at #loc49))
#loc73 = loc(callsite(#loc9 at #loc49))
#loc74 = loc(callsite(#loc7 at #loc50))
#loc75 = loc(callsite(#loc9 at #loc50))
#loc76 = loc(callsite(#loc52 at #loc14))
#loc77 = loc(callsite(#loc53 at #loc14))
#loc78 = loc(callsite(#loc54 at #loc14))
#loc79 = loc(callsite(#loc55 at #loc14))
#loc80 = loc(callsite(#loc56 at #loc14))
#loc81 = loc(callsite(#loc57 at #loc14))
#loc82 = loc(callsite(#loc58 at #loc14))
#loc83 = loc(callsite(#loc59 at #loc14))
#loc84 = loc(callsite(#loc60 at #loc14))


// -----// IR Dump Before TritonCombineOps (triton-combine) ('builtin.module' operation) //----- //
#loc = loc("/home/scratch.egaburov_sw/oai-triton/triton-src/triton-solid-01.git/python/test/unit/language/test_warp_specialization.py":294:0)
#loc35 = loc("a_ptr"(#loc))
#loc36 = loc("b_ptr"(#loc))
#loc37 = loc("c_ptr"(#loc))
#loc38 = loc("a_stride0"(#loc))
#loc39 = loc("b_stride0"(#loc))
#loc40 = loc("c_stride0"(#loc))
#loc41 = loc("M"(#loc))
#loc42 = loc("N"(#loc))
#loc43 = loc("K"(#loc))
module {
  tt.func public @matmul_tma_persistent_ws_kernel(%a_ptr: !tt.ptr<f16> {tt.divisibility = 16 : i32} loc("a_ptr"(#loc)), %b_ptr: !tt.ptr<f16> {tt.divisibility = 16 : i32} loc("b_ptr"(#loc)), %c_ptr: !tt.ptr<f16> {tt.divisibility = 16 : i32} loc("c_ptr"(#loc)), %a_stride0: i32 {tt.divisibility = 16 : i32} loc("a_stride0"(#loc)), %b_stride0: i32 {tt.divisibility = 16 : i32} loc("b_stride0"(#loc)), %c_stride0: i32 {tt.divisibility = 16 : i32} loc("c_stride0"(#loc)), %M: i32 {tt.divisibility = 16 : i32} loc("M"(#loc)), %N: i32 {tt.divisibility = 16 : i32} loc("N"(#loc)), %K: i32 {tt.divisibility = 16 : i32} loc("K"(#loc))) attributes {noinline = false} {
    %cst = arith.constant dense<0.000000e+00> : tensor<128x128xf32> loc(#loc1)
    %c8_i32 = arith.constant 8 : i32 loc(#loc1)
    %c127_i32 = arith.constant 127 : i32 loc(#loc1)
    %c1_i32 = arith.constant 1 : i32 loc(#loc1)
    %c0_i32 = arith.constant 0 : i32 loc(#loc1)
    %c150_i32 = arith.constant 150 : i32 loc(#loc2)
    %c128_i32 = arith.constant 128 : i32 loc(#loc1)
    %c1_i64 = arith.constant 1 : i64 loc(#loc1)
    %a_desc = arith.extsi %a_stride0 : i32 to i64 loc(#loc44)
    %a_desc_0 = tt.make_tensor_descriptor %a_ptr, [%M, %K], [%a_desc, %c1_i64] : !tt.ptr<f16>, !tt.tensordesc<tensor<128x128xf16>> loc(#loc44)
    %b_desc = arith.extsi %b_stride0 : i32 to i64 loc(#loc45)
    %b_desc_1 = tt.make_tensor_descriptor %b_ptr, [%N, %K], [%b_desc, %c1_i64] : !tt.ptr<f16>, !tt.tensordesc<tensor<128x128xf16>> loc(#loc45)
    %c_desc = arith.extsi %c_stride0 : i32 to i64 loc(#loc46)
    %c_desc_2 = tt.make_tensor_descriptor %c_ptr, [%M, %N], [%c_desc, %c1_i64] : !tt.ptr<f16>, !tt.tensordesc<tensor<128x128xf16>> loc(#loc46)
    %start_pid = tt.get_program_id x : i32 loc(#loc47)
    %num_pid_m = arith.addi %M, %c127_i32 : i32 loc(#loc70)
    %num_pid_m_3 = arith.divsi %num_pid_m, %c128_i32 : i32 loc(#loc71)
    %num_pid_n = arith.addi %N, %c127_i32 : i32 loc(#loc72)
    %num_pid_n_4 = arith.divsi %num_pid_n, %c128_i32 : i32 loc(#loc73)
    %k_tiles = arith.addi %K, %c127_i32 : i32 loc(#loc74)
    %k_tiles_5 = arith.divsi %k_tiles, %c128_i32 : i32 loc(#loc75)
    %num_tiles = arith.muli %num_pid_m_3, %num_pid_n_4 : i32 loc(#loc51)
    scf.for %tile_id = %start_pid to %num_tiles step %c150_i32  : i32 {
      %num_pid_in_group = arith.muli %num_pid_n_4, %c8_i32 : i32 loc(#loc76)
      %group_id = arith.divsi %tile_id, %num_pid_in_group : i32 loc(#loc77)
      %first_pid_m = arith.muli %group_id, %c8_i32 : i32 loc(#loc78)
      %group_size_m = arith.subi %num_pid_m_3, %first_pid_m : i32 loc(#loc79)
      %group_size_m_6 = arith.minsi %group_size_m, %c8_i32 : i32 loc(#loc80)
      %pid_m = arith.remsi %tile_id, %group_size_m_6 : i32 loc(#loc81)
      %pid_m_7 = arith.addi %first_pid_m, %pid_m : i32 loc(#loc82)
      %pid_n = arith.remsi %tile_id, %num_pid_in_group : i32 loc(#loc83)
      %pid_n_8 = arith.divsi %pid_n, %group_size_m_6 : i32 loc(#loc84)
      %off_am = arith.muli %pid_m_7, %c128_i32 : i32 loc(#loc61)
      %off_bn = arith.muli %pid_n_8, %c128_i32 : i32 loc(#loc62)
      %accumulator = scf.for %ki = %c0_i32 to %k_tiles_5 step %c1_i32 iter_args(%accumulator_9 = %cst) -> (tensor<128x128xf32>)  : i32 {
        %off_k = arith.muli %ki, %c128_i32 : i32 loc(#loc64)
        %a = tt.descriptor_load %a_desc_0[%off_am, %off_k] : !tt.tensordesc<tensor<128x128xf16>> -> tensor<128x128xf16> loc(#loc65)
        %b = tt.descriptor_load %b_desc_1[%off_bn, %off_k] : !tt.tensordesc<tensor<128x128xf16>> -> tensor<128x128xf16> loc(#loc66)
        %accumulator_10 = tt.trans %b {order = array<i32: 1, 0>} : tensor<128x128xf16> -> tensor<128x128xf16> loc(#loc67)
        %accumulator_11 = tt.dot %a, %accumulator_10, %accumulator_9, inputPrecision = tf32 : tensor<128x128xf16> * tensor<128x128xf16> -> tensor<128x128xf32> loc(#loc68)
        scf.yield %accumulator_11 : tensor<128x128xf32> loc(#loc31)
      } loc(#loc63)
      %c = arith.truncf %accumulator : tensor<128x128xf32> to tensor<128x128xf16> loc(#loc69)
      tt.descriptor_store %c_desc_2[%off_am, %off_bn], %c : !tt.tensordesc<tensor<128x128xf16>>, tensor<128x128xf16> loc(#loc33)
    } {tt.flatten, tt.num_stages = 2 : i32, tt.warp_specialize} loc(#loc2)
    tt.return loc(#loc34)
  } loc(#loc)
} loc(#loc)
#loc1 = loc(unknown)
#loc2 = loc("/home/scratch.egaburov_sw/oai-triton/triton-src/triton-solid-01.git/python/test/unit/language/test_warp_specialization.py":323:28)
#loc3 = loc("/home/scratch.egaburov_sw/oai-triton/triton-src/triton-solid-01.git/python/test/unit/language/test_warp_specialization.py":309:39)
#loc4 = loc("/home/scratch.egaburov_sw/oai-triton/triton-src/triton-solid-01.git/python/test/unit/language/test_warp_specialization.py":311:39)
#loc5 = loc("/home/scratch.egaburov_sw/oai-triton/triton-src/triton-solid-01.git/python/test/unit/language/test_warp_specialization.py":313:39)
#loc6 = loc("/home/scratch.egaburov_sw/oai-triton/triton-src/triton-solid-01.git/python/test/unit/language/test_warp_specialization.py":316:30)
#loc7 = loc("/home/scratch.egaburov_sw/oai-triton/triton-src/triton-solid-01.git/python/triton/language/standard.py":43:17)
#loc8 = loc("/home/scratch.egaburov_sw/oai-triton/triton-src/triton-solid-01.git/python/test/unit/language/test_warp_specialization.py":317:27)
#loc9 = loc("/home/scratch.egaburov_sw/oai-triton/triton-src/triton-solid-01.git/python/triton/language/standard.py":43:30)
#loc10 = loc("/home/scratch.egaburov_sw/oai-triton/triton-src/triton-solid-01.git/python/test/unit/language/test_warp_specialization.py":318:27)
#loc11 = loc("/home/scratch.egaburov_sw/oai-triton/triton-src/triton-solid-01.git/python/test/unit/language/test_warp_specialization.py":319:25)
#loc12 = loc("/home/scratch.egaburov_sw/oai-triton/triton-src/triton-solid-01.git/python/test/unit/language/test_warp_specialization.py":320:28)
#loc13 = loc("/home/scratch.egaburov_sw/oai-triton/triton-src/triton-solid-01.git/python/test/unit/language/test_warp_specialization.py":191:38)
#loc14 = loc("/home/scratch.egaburov_sw/oai-triton/triton-src/triton-solid-01.git/python/test/unit/language/test_warp_specialization.py":324:67)
#loc15 = loc("/home/scratch.egaburov_sw/oai-triton/triton-src/triton-solid-01.git/python/test/unit/language/test_warp_specialization.py":192:26)
#loc16 = loc("/home/scratch.egaburov_sw/oai-triton/triton-src/triton-solid-01.git/python/test/unit/language/test_warp_specialization.py":193:29)
#loc17 = loc("/home/scratch.egaburov_sw/oai-triton/triton-src/triton-solid-01.git/python/test/unit/language/test_warp_specialization.py":194:35)
#loc18 = loc("/home/scratch.egaburov_sw/oai-triton/triton-src/triton-solid-01.git/python/test/unit/language/test_warp_specialization.py":194:48)
#loc19 = loc("/home/scratch.egaburov_sw/oai-triton/triton-src/triton-solid-01.git/python/test/unit/language/test_warp_specialization.py":195:37)
#loc20 = loc("/home/scratch.egaburov_sw/oai-triton/triton-src/triton-solid-01.git/python/test/unit/language/test_warp_specialization.py":195:27)
#loc21 = loc("/home/scratch.egaburov_sw/oai-triton/triton-src/triton-solid-01.git/python/test/unit/language/test_warp_specialization.py":196:23)
#loc22 = loc("/home/scratch.egaburov_sw/oai-triton/triton-src/triton-solid-01.git/python/test/unit/language/test_warp_specialization.py":196:44)
#loc23 = loc("/home/scratch.egaburov_sw/oai-triton/triton-src/triton-solid-01.git/python/test/unit/language/test_warp_specialization.py":326:25)
#loc24 = loc("/home/scratch.egaburov_sw/oai-triton/triton-src/triton-solid-01.git/python/test/unit/language/test_warp_specialization.py":327:25)
#loc25 = loc("/home/scratch.egaburov_sw/oai-triton/triton-src/triton-solid-01.git/python/test/unit/language/test_warp_specialization.py":329:24)
#loc26 = loc("/home/scratch.egaburov_sw/oai-triton/triton-src/triton-solid-01.git/python/test/unit/language/test_warp_specialization.py":330:25)
#loc27 = loc("/home/scratch.egaburov_sw/oai-triton/triton-src/triton-solid-01.git/python/test/unit/language/test_warp_specialization.py":331:28)
#loc28 = loc("/home/scratch.egaburov_sw/oai-triton/triton-src/triton-solid-01.git/python/test/unit/language/test_warp_specialization.py":332:28)
#loc29 = loc("/home/scratch.egaburov_sw/oai-triton/triton-src/triton-solid-01.git/python/test/unit/language/test_warp_specialization.py":333:36)
#loc30 = loc("/home/scratch.egaburov_sw/oai-triton/triton-src/triton-solid-01.git/python/test/unit/language/test_warp_specialization.py":333:41)
#loc31 = loc("/home/scratch.egaburov_sw/oai-triton/triton-src/triton-solid-01.git/python/test/unit/language/test_warp_specialization.py":333:12)
#loc32 = loc("/home/scratch.egaburov_sw/oai-triton/triton-src/triton-solid-01.git/python/test/unit/language/test_warp_specialization.py":335:27)
#loc33 = loc("/home/scratch.egaburov_sw/oai-triton/triton-src/triton-solid-01.git/python/test/unit/language/test_warp_specialization.py":336:39)
#loc34 = loc("/home/scratch.egaburov_sw/oai-triton/triton-src/triton-solid-01.git/python/test/unit/language/test_warp_specialization.py":322:4)
#loc44 = loc("a_desc"(#loc3))
#loc45 = loc("b_desc"(#loc4))
#loc46 = loc("c_desc"(#loc5))
#loc47 = loc("start_pid"(#loc6))
#loc48 = loc("num_pid_m"(#loc8))
#loc49 = loc("num_pid_n"(#loc10))
#loc50 = loc("k_tiles"(#loc11))
#loc51 = loc("num_tiles"(#loc12))
#loc52 = loc("num_pid_in_group"(#loc13))
#loc53 = loc("group_id"(#loc15))
#loc54 = loc("first_pid_m"(#loc16))
#loc55 = loc("group_size_m"(#loc17))
#loc56 = loc("group_size_m"(#loc18))
#loc57 = loc("pid_m"(#loc19))
#loc58 = loc("pid_m"(#loc20))
#loc59 = loc("pid_n"(#loc21))
#loc60 = loc("pid_n"(#loc22))
#loc61 = loc("off_am"(#loc23))
#loc62 = loc("off_bn"(#loc24))
#loc63 = loc("accumulator"(#loc25))
#loc64 = loc("off_k"(#loc26))
#loc65 = loc("a"(#loc27))
#loc66 = loc("b"(#loc28))
#loc67 = loc("accumulator"(#loc29))
#loc68 = loc("accumulator"(#loc30))
#loc69 = loc("c"(#loc32))
#loc70 = loc(callsite(#loc7 at #loc48))
#loc71 = loc(callsite(#loc9 at #loc48))
#loc72 = loc(callsite(#loc7 at #loc49))
#loc73 = loc(callsite(#loc9 at #loc49))
#loc74 = loc(callsite(#loc7 at #loc50))
#loc75 = loc(callsite(#loc9 at #loc50))
#loc76 = loc(callsite(#loc52 at #loc14))
#loc77 = loc(callsite(#loc53 at #loc14))
#loc78 = loc(callsite(#loc54 at #loc14))
#loc79 = loc(callsite(#loc55 at #loc14))
#loc80 = loc(callsite(#loc56 at #loc14))
#loc81 = loc(callsite(#loc57 at #loc14))
#loc82 = loc(callsite(#loc58 at #loc14))
#loc83 = loc(callsite(#loc59 at #loc14))
#loc84 = loc(callsite(#loc60 at #loc14))


// -----// IR Dump Before TritonReorderBroadcast (triton-reorder-broadcast) ('builtin.module' operation) //----- //
#loc = loc("/home/scratch.egaburov_sw/oai-triton/triton-src/triton-solid-01.git/python/test/unit/language/test_warp_specialization.py":294:0)
#loc35 = loc("a_ptr"(#loc))
#loc36 = loc("b_ptr"(#loc))
#loc37 = loc("c_ptr"(#loc))
#loc38 = loc("a_stride0"(#loc))
#loc39 = loc("b_stride0"(#loc))
#loc40 = loc("c_stride0"(#loc))
#loc41 = loc("M"(#loc))
#loc42 = loc("N"(#loc))
#loc43 = loc("K"(#loc))
module {
  tt.func public @matmul_tma_persistent_ws_kernel(%a_ptr: !tt.ptr<f16> {tt.divisibility = 16 : i32} loc("a_ptr"(#loc)), %b_ptr: !tt.ptr<f16> {tt.divisibility = 16 : i32} loc("b_ptr"(#loc)), %c_ptr: !tt.ptr<f16> {tt.divisibility = 16 : i32} loc("c_ptr"(#loc)), %a_stride0: i32 {tt.divisibility = 16 : i32} loc("a_stride0"(#loc)), %b_stride0: i32 {tt.divisibility = 16 : i32} loc("b_stride0"(#loc)), %c_stride0: i32 {tt.divisibility = 16 : i32} loc("c_stride0"(#loc)), %M: i32 {tt.divisibility = 16 : i32} loc("M"(#loc)), %N: i32 {tt.divisibility = 16 : i32} loc("N"(#loc)), %K: i32 {tt.divisibility = 16 : i32} loc("K"(#loc))) attributes {noinline = false} {
    %cst = arith.constant dense<0.000000e+00> : tensor<128x128xf32> loc(#loc1)
    %c8_i32 = arith.constant 8 : i32 loc(#loc1)
    %c127_i32 = arith.constant 127 : i32 loc(#loc1)
    %c1_i32 = arith.constant 1 : i32 loc(#loc1)
    %c0_i32 = arith.constant 0 : i32 loc(#loc1)
    %c150_i32 = arith.constant 150 : i32 loc(#loc2)
    %c128_i32 = arith.constant 128 : i32 loc(#loc1)
    %c1_i64 = arith.constant 1 : i64 loc(#loc1)
    %a_desc = arith.extsi %a_stride0 : i32 to i64 loc(#loc44)
    %a_desc_0 = tt.make_tensor_descriptor %a_ptr, [%M, %K], [%a_desc, %c1_i64] : !tt.ptr<f16>, !tt.tensordesc<tensor<128x128xf16>> loc(#loc44)
    %b_desc = arith.extsi %b_stride0 : i32 to i64 loc(#loc45)
    %b_desc_1 = tt.make_tensor_descriptor %b_ptr, [%N, %K], [%b_desc, %c1_i64] : !tt.ptr<f16>, !tt.tensordesc<tensor<128x128xf16>> loc(#loc45)
    %c_desc = arith.extsi %c_stride0 : i32 to i64 loc(#loc46)
    %c_desc_2 = tt.make_tensor_descriptor %c_ptr, [%M, %N], [%c_desc, %c1_i64] : !tt.ptr<f16>, !tt.tensordesc<tensor<128x128xf16>> loc(#loc46)
    %start_pid = tt.get_program_id x : i32 loc(#loc47)
    %num_pid_m = arith.addi %M, %c127_i32 : i32 loc(#loc70)
    %num_pid_m_3 = arith.divsi %num_pid_m, %c128_i32 : i32 loc(#loc71)
    %num_pid_n = arith.addi %N, %c127_i32 : i32 loc(#loc72)
    %num_pid_n_4 = arith.divsi %num_pid_n, %c128_i32 : i32 loc(#loc73)
    %k_tiles = arith.addi %K, %c127_i32 : i32 loc(#loc74)
    %k_tiles_5 = arith.divsi %k_tiles, %c128_i32 : i32 loc(#loc75)
    %num_tiles = arith.muli %num_pid_m_3, %num_pid_n_4 : i32 loc(#loc51)
    scf.for %tile_id = %start_pid to %num_tiles step %c150_i32  : i32 {
      %num_pid_in_group = arith.muli %num_pid_n_4, %c8_i32 : i32 loc(#loc76)
      %group_id = arith.divsi %tile_id, %num_pid_in_group : i32 loc(#loc77)
      %first_pid_m = arith.muli %group_id, %c8_i32 : i32 loc(#loc78)
      %group_size_m = arith.subi %num_pid_m_3, %first_pid_m : i32 loc(#loc79)
      %group_size_m_6 = arith.minsi %group_size_m, %c8_i32 : i32 loc(#loc80)
      %pid_m = arith.remsi %tile_id, %group_size_m_6 : i32 loc(#loc81)
      %pid_m_7 = arith.addi %first_pid_m, %pid_m : i32 loc(#loc82)
      %pid_n = arith.remsi %tile_id, %num_pid_in_group : i32 loc(#loc83)
      %pid_n_8 = arith.divsi %pid_n, %group_size_m_6 : i32 loc(#loc84)
      %off_am = arith.muli %pid_m_7, %c128_i32 : i32 loc(#loc61)
      %off_bn = arith.muli %pid_n_8, %c128_i32 : i32 loc(#loc62)
      %accumulator = scf.for %ki = %c0_i32 to %k_tiles_5 step %c1_i32 iter_args(%accumulator_9 = %cst) -> (tensor<128x128xf32>)  : i32 {
        %off_k = arith.muli %ki, %c128_i32 : i32 loc(#loc64)
        %a = tt.descriptor_load %a_desc_0[%off_am, %off_k] : !tt.tensordesc<tensor<128x128xf16>> -> tensor<128x128xf16> loc(#loc65)
        %b = tt.descriptor_load %b_desc_1[%off_bn, %off_k] : !tt.tensordesc<tensor<128x128xf16>> -> tensor<128x128xf16> loc(#loc66)
        %accumulator_10 = tt.trans %b {order = array<i32: 1, 0>} : tensor<128x128xf16> -> tensor<128x128xf16> loc(#loc67)
        %accumulator_11 = tt.dot %a, %accumulator_10, %accumulator_9, inputPrecision = tf32 : tensor<128x128xf16> * tensor<128x128xf16> -> tensor<128x128xf32> loc(#loc68)
        scf.yield %accumulator_11 : tensor<128x128xf32> loc(#loc31)
      } loc(#loc63)
      %c = arith.truncf %accumulator : tensor<128x128xf32> to tensor<128x128xf16> loc(#loc69)
      tt.descriptor_store %c_desc_2[%off_am, %off_bn], %c : !tt.tensordesc<tensor<128x128xf16>>, tensor<128x128xf16> loc(#loc33)
    } {tt.flatten, tt.num_stages = 2 : i32, tt.warp_specialize} loc(#loc2)
    tt.return loc(#loc34)
  } loc(#loc)
} loc(#loc)
#loc1 = loc(unknown)
#loc2 = loc("/home/scratch.egaburov_sw/oai-triton/triton-src/triton-solid-01.git/python/test/unit/language/test_warp_specialization.py":323:28)
#loc3 = loc("/home/scratch.egaburov_sw/oai-triton/triton-src/triton-solid-01.git/python/test/unit/language/test_warp_specialization.py":309:39)
#loc4 = loc("/home/scratch.egaburov_sw/oai-triton/triton-src/triton-solid-01.git/python/test/unit/language/test_warp_specialization.py":311:39)
#loc5 = loc("/home/scratch.egaburov_sw/oai-triton/triton-src/triton-solid-01.git/python/test/unit/language/test_warp_specialization.py":313:39)
#loc6 = loc("/home/scratch.egaburov_sw/oai-triton/triton-src/triton-solid-01.git/python/test/unit/language/test_warp_specialization.py":316:30)
#loc7 = loc("/home/scratch.egaburov_sw/oai-triton/triton-src/triton-solid-01.git/python/triton/language/standard.py":43:17)
#loc8 = loc("/home/scratch.egaburov_sw/oai-triton/triton-src/triton-solid-01.git/python/test/unit/language/test_warp_specialization.py":317:27)
#loc9 = loc("/home/scratch.egaburov_sw/oai-triton/triton-src/triton-solid-01.git/python/triton/language/standard.py":43:30)
#loc10 = loc("/home/scratch.egaburov_sw/oai-triton/triton-src/triton-solid-01.git/python/test/unit/language/test_warp_specialization.py":318:27)
#loc11 = loc("/home/scratch.egaburov_sw/oai-triton/triton-src/triton-solid-01.git/python/test/unit/language/test_warp_specialization.py":319:25)
#loc12 = loc("/home/scratch.egaburov_sw/oai-triton/triton-src/triton-solid-01.git/python/test/unit/language/test_warp_specialization.py":320:28)
#loc13 = loc("/home/scratch.egaburov_sw/oai-triton/triton-src/triton-solid-01.git/python/test/unit/language/test_warp_specialization.py":191:38)
#loc14 = loc("/home/scratch.egaburov_sw/oai-triton/triton-src/triton-solid-01.git/python/test/unit/language/test_warp_specialization.py":324:67)
#loc15 = loc("/home/scratch.egaburov_sw/oai-triton/triton-src/triton-solid-01.git/python/test/unit/language/test_warp_specialization.py":192:26)
#loc16 = loc("/home/scratch.egaburov_sw/oai-triton/triton-src/triton-solid-01.git/python/test/unit/language/test_warp_specialization.py":193:29)
#loc17 = loc("/home/scratch.egaburov_sw/oai-triton/triton-src/triton-solid-01.git/python/test/unit/language/test_warp_specialization.py":194:35)
#loc18 = loc("/home/scratch.egaburov_sw/oai-triton/triton-src/triton-solid-01.git/python/test/unit/language/test_warp_specialization.py":194:48)
#loc19 = loc("/home/scratch.egaburov_sw/oai-triton/triton-src/triton-solid-01.git/python/test/unit/language/test_warp_specialization.py":195:37)
#loc20 = loc("/home/scratch.egaburov_sw/oai-triton/triton-src/triton-solid-01.git/python/test/unit/language/test_warp_specialization.py":195:27)
#loc21 = loc("/home/scratch.egaburov_sw/oai-triton/triton-src/triton-solid-01.git/python/test/unit/language/test_warp_specialization.py":196:23)
#loc22 = loc("/home/scratch.egaburov_sw/oai-triton/triton-src/triton-solid-01.git/python/test/unit/language/test_warp_specialization.py":196:44)
#loc23 = loc("/home/scratch.egaburov_sw/oai-triton/triton-src/triton-solid-01.git/python/test/unit/language/test_warp_specialization.py":326:25)
#loc24 = loc("/home/scratch.egaburov_sw/oai-triton/triton-src/triton-solid-01.git/python/test/unit/language/test_warp_specialization.py":327:25)
#loc25 = loc("/home/scratch.egaburov_sw/oai-triton/triton-src/triton-solid-01.git/python/test/unit/language/test_warp_specialization.py":329:24)
#loc26 = loc("/home/scratch.egaburov_sw/oai-triton/triton-src/triton-solid-01.git/python/test/unit/language/test_warp_specialization.py":330:25)
#loc27 = loc("/home/scratch.egaburov_sw/oai-triton/triton-src/triton-solid-01.git/python/test/unit/language/test_warp_specialization.py":331:28)
#loc28 = loc("/home/scratch.egaburov_sw/oai-triton/triton-src/triton-solid-01.git/python/test/unit/language/test_warp_specialization.py":332:28)
#loc29 = loc("/home/scratch.egaburov_sw/oai-triton/triton-src/triton-solid-01.git/python/test/unit/language/test_warp_specialization.py":333:36)
#loc30 = loc("/home/scratch.egaburov_sw/oai-triton/triton-src/triton-solid-01.git/python/test/unit/language/test_warp_specialization.py":333:41)
#loc31 = loc("/home/scratch.egaburov_sw/oai-triton/triton-src/triton-solid-01.git/python/test/unit/language/test_warp_specialization.py":333:12)
#loc32 = loc("/home/scratch.egaburov_sw/oai-triton/triton-src/triton-solid-01.git/python/test/unit/language/test_warp_specialization.py":335:27)
#loc33 = loc("/home/scratch.egaburov_sw/oai-triton/triton-src/triton-solid-01.git/python/test/unit/language/test_warp_specialization.py":336:39)
#loc34 = loc("/home/scratch.egaburov_sw/oai-triton/triton-src/triton-solid-01.git/python/test/unit/language/test_warp_specialization.py":322:4)
#loc44 = loc("a_desc"(#loc3))
#loc45 = loc("b_desc"(#loc4))
#loc46 = loc("c_desc"(#loc5))
#loc47 = loc("start_pid"(#loc6))
#loc48 = loc("num_pid_m"(#loc8))
#loc49 = loc("num_pid_n"(#loc10))
#loc50 = loc("k_tiles"(#loc11))
#loc51 = loc("num_tiles"(#loc12))
#loc52 = loc("num_pid_in_group"(#loc13))
#loc53 = loc("group_id"(#loc15))
#loc54 = loc("first_pid_m"(#loc16))
#loc55 = loc("group_size_m"(#loc17))
#loc56 = loc("group_size_m"(#loc18))
#loc57 = loc("pid_m"(#loc19))
#loc58 = loc("pid_m"(#loc20))
#loc59 = loc("pid_n"(#loc21))
#loc60 = loc("pid_n"(#loc22))
#loc61 = loc("off_am"(#loc23))
#loc62 = loc("off_bn"(#loc24))
#loc63 = loc("accumulator"(#loc25))
#loc64 = loc("off_k"(#loc26))
#loc65 = loc("a"(#loc27))
#loc66 = loc("b"(#loc28))
#loc67 = loc("accumulator"(#loc29))
#loc68 = loc("accumulator"(#loc30))
#loc69 = loc("c"(#loc32))
#loc70 = loc(callsite(#loc7 at #loc48))
#loc71 = loc(callsite(#loc9 at #loc48))
#loc72 = loc(callsite(#loc7 at #loc49))
#loc73 = loc(callsite(#loc9 at #loc49))
#loc74 = loc(callsite(#loc7 at #loc50))
#loc75 = loc(callsite(#loc9 at #loc50))
#loc76 = loc(callsite(#loc52 at #loc14))
#loc77 = loc(callsite(#loc53 at #loc14))
#loc78 = loc(callsite(#loc54 at #loc14))
#loc79 = loc(callsite(#loc55 at #loc14))
#loc80 = loc(callsite(#loc56 at #loc14))
#loc81 = loc(callsite(#loc57 at #loc14))
#loc82 = loc(callsite(#loc58 at #loc14))
#loc83 = loc(callsite(#loc59 at #loc14))
#loc84 = loc(callsite(#loc60 at #loc14))


// -----// IR Dump Before CSE (cse) ('builtin.module' operation) //----- //
#loc = loc("/home/scratch.egaburov_sw/oai-triton/triton-src/triton-solid-01.git/python/test/unit/language/test_warp_specialization.py":294:0)
#loc35 = loc("a_ptr"(#loc))
#loc36 = loc("b_ptr"(#loc))
#loc37 = loc("c_ptr"(#loc))
#loc38 = loc("a_stride0"(#loc))
#loc39 = loc("b_stride0"(#loc))
#loc40 = loc("c_stride0"(#loc))
#loc41 = loc("M"(#loc))
#loc42 = loc("N"(#loc))
#loc43 = loc("K"(#loc))
module {
  tt.func public @matmul_tma_persistent_ws_kernel(%a_ptr: !tt.ptr<f16> {tt.divisibility = 16 : i32} loc("a_ptr"(#loc)), %b_ptr: !tt.ptr<f16> {tt.divisibility = 16 : i32} loc("b_ptr"(#loc)), %c_ptr: !tt.ptr<f16> {tt.divisibility = 16 : i32} loc("c_ptr"(#loc)), %a_stride0: i32 {tt.divisibility = 16 : i32} loc("a_stride0"(#loc)), %b_stride0: i32 {tt.divisibility = 16 : i32} loc("b_stride0"(#loc)), %c_stride0: i32 {tt.divisibility = 16 : i32} loc("c_stride0"(#loc)), %M: i32 {tt.divisibility = 16 : i32} loc("M"(#loc)), %N: i32 {tt.divisibility = 16 : i32} loc("N"(#loc)), %K: i32 {tt.divisibility = 16 : i32} loc("K"(#loc))) attributes {noinline = false} {
    %cst = arith.constant dense<0.000000e+00> : tensor<128x128xf32> loc(#loc1)
    %c8_i32 = arith.constant 8 : i32 loc(#loc1)
    %c127_i32 = arith.constant 127 : i32 loc(#loc1)
    %c1_i32 = arith.constant 1 : i32 loc(#loc1)
    %c0_i32 = arith.constant 0 : i32 loc(#loc1)
    %c150_i32 = arith.constant 150 : i32 loc(#loc2)
    %c128_i32 = arith.constant 128 : i32 loc(#loc1)
    %c1_i64 = arith.constant 1 : i64 loc(#loc1)
    %a_desc = arith.extsi %a_stride0 : i32 to i64 loc(#loc44)
    %a_desc_0 = tt.make_tensor_descriptor %a_ptr, [%M, %K], [%a_desc, %c1_i64] : !tt.ptr<f16>, !tt.tensordesc<tensor<128x128xf16>> loc(#loc44)
    %b_desc = arith.extsi %b_stride0 : i32 to i64 loc(#loc45)
    %b_desc_1 = tt.make_tensor_descriptor %b_ptr, [%N, %K], [%b_desc, %c1_i64] : !tt.ptr<f16>, !tt.tensordesc<tensor<128x128xf16>> loc(#loc45)
    %c_desc = arith.extsi %c_stride0 : i32 to i64 loc(#loc46)
    %c_desc_2 = tt.make_tensor_descriptor %c_ptr, [%M, %N], [%c_desc, %c1_i64] : !tt.ptr<f16>, !tt.tensordesc<tensor<128x128xf16>> loc(#loc46)
    %start_pid = tt.get_program_id x : i32 loc(#loc47)
    %num_pid_m = arith.addi %M, %c127_i32 : i32 loc(#loc70)
    %num_pid_m_3 = arith.divsi %num_pid_m, %c128_i32 : i32 loc(#loc71)
    %num_pid_n = arith.addi %N, %c127_i32 : i32 loc(#loc72)
    %num_pid_n_4 = arith.divsi %num_pid_n, %c128_i32 : i32 loc(#loc73)
    %k_tiles = arith.addi %K, %c127_i32 : i32 loc(#loc74)
    %k_tiles_5 = arith.divsi %k_tiles, %c128_i32 : i32 loc(#loc75)
    %num_tiles = arith.muli %num_pid_m_3, %num_pid_n_4 : i32 loc(#loc51)
    scf.for %tile_id = %start_pid to %num_tiles step %c150_i32  : i32 {
      %num_pid_in_group = arith.muli %num_pid_n_4, %c8_i32 : i32 loc(#loc76)
      %group_id = arith.divsi %tile_id, %num_pid_in_group : i32 loc(#loc77)
      %first_pid_m = arith.muli %group_id, %c8_i32 : i32 loc(#loc78)
      %group_size_m = arith.subi %num_pid_m_3, %first_pid_m : i32 loc(#loc79)
      %group_size_m_6 = arith.minsi %group_size_m, %c8_i32 : i32 loc(#loc80)
      %pid_m = arith.remsi %tile_id, %group_size_m_6 : i32 loc(#loc81)
      %pid_m_7 = arith.addi %first_pid_m, %pid_m : i32 loc(#loc82)
      %pid_n = arith.remsi %tile_id, %num_pid_in_group : i32 loc(#loc83)
      %pid_n_8 = arith.divsi %pid_n, %group_size_m_6 : i32 loc(#loc84)
      %off_am = arith.muli %pid_m_7, %c128_i32 : i32 loc(#loc61)
      %off_bn = arith.muli %pid_n_8, %c128_i32 : i32 loc(#loc62)
      %accumulator = scf.for %ki = %c0_i32 to %k_tiles_5 step %c1_i32 iter_args(%accumulator_9 = %cst) -> (tensor<128x128xf32>)  : i32 {
        %off_k = arith.muli %ki, %c128_i32 : i32 loc(#loc64)
        %a = tt.descriptor_load %a_desc_0[%off_am, %off_k] : !tt.tensordesc<tensor<128x128xf16>> -> tensor<128x128xf16> loc(#loc65)
        %b = tt.descriptor_load %b_desc_1[%off_bn, %off_k] : !tt.tensordesc<tensor<128x128xf16>> -> tensor<128x128xf16> loc(#loc66)
        %accumulator_10 = tt.trans %b {order = array<i32: 1, 0>} : tensor<128x128xf16> -> tensor<128x128xf16> loc(#loc67)
        %accumulator_11 = tt.dot %a, %accumulator_10, %accumulator_9, inputPrecision = tf32 : tensor<128x128xf16> * tensor<128x128xf16> -> tensor<128x128xf32> loc(#loc68)
        scf.yield %accumulator_11 : tensor<128x128xf32> loc(#loc31)
      } loc(#loc63)
      %c = arith.truncf %accumulator : tensor<128x128xf32> to tensor<128x128xf16> loc(#loc69)
      tt.descriptor_store %c_desc_2[%off_am, %off_bn], %c : !tt.tensordesc<tensor<128x128xf16>>, tensor<128x128xf16> loc(#loc33)
    } {tt.flatten, tt.num_stages = 2 : i32, tt.warp_specialize} loc(#loc2)
    tt.return loc(#loc34)
  } loc(#loc)
} loc(#loc)
#loc1 = loc(unknown)
#loc2 = loc("/home/scratch.egaburov_sw/oai-triton/triton-src/triton-solid-01.git/python/test/unit/language/test_warp_specialization.py":323:28)
#loc3 = loc("/home/scratch.egaburov_sw/oai-triton/triton-src/triton-solid-01.git/python/test/unit/language/test_warp_specialization.py":309:39)
#loc4 = loc("/home/scratch.egaburov_sw/oai-triton/triton-src/triton-solid-01.git/python/test/unit/language/test_warp_specialization.py":311:39)
#loc5 = loc("/home/scratch.egaburov_sw/oai-triton/triton-src/triton-solid-01.git/python/test/unit/language/test_warp_specialization.py":313:39)
#loc6 = loc("/home/scratch.egaburov_sw/oai-triton/triton-src/triton-solid-01.git/python/test/unit/language/test_warp_specialization.py":316:30)
#loc7 = loc("/home/scratch.egaburov_sw/oai-triton/triton-src/triton-solid-01.git/python/triton/language/standard.py":43:17)
#loc8 = loc("/home/scratch.egaburov_sw/oai-triton/triton-src/triton-solid-01.git/python/test/unit/language/test_warp_specialization.py":317:27)
#loc9 = loc("/home/scratch.egaburov_sw/oai-triton/triton-src/triton-solid-01.git/python/triton/language/standard.py":43:30)
#loc10 = loc("/home/scratch.egaburov_sw/oai-triton/triton-src/triton-solid-01.git/python/test/unit/language/test_warp_specialization.py":318:27)
#loc11 = loc("/home/scratch.egaburov_sw/oai-triton/triton-src/triton-solid-01.git/python/test/unit/language/test_warp_specialization.py":319:25)
#loc12 = loc("/home/scratch.egaburov_sw/oai-triton/triton-src/triton-solid-01.git/python/test/unit/language/test_warp_specialization.py":320:28)
#loc13 = loc("/home/scratch.egaburov_sw/oai-triton/triton-src/triton-solid-01.git/python/test/unit/language/test_warp_specialization.py":191:38)
#loc14 = loc("/home/scratch.egaburov_sw/oai-triton/triton-src/triton-solid-01.git/python/test/unit/language/test_warp_specialization.py":324:67)
#loc15 = loc("/home/scratch.egaburov_sw/oai-triton/triton-src/triton-solid-01.git/python/test/unit/language/test_warp_specialization.py":192:26)
#loc16 = loc("/home/scratch.egaburov_sw/oai-triton/triton-src/triton-solid-01.git/python/test/unit/language/test_warp_specialization.py":193:29)
#loc17 = loc("/home/scratch.egaburov_sw/oai-triton/triton-src/triton-solid-01.git/python/test/unit/language/test_warp_specialization.py":194:35)
#loc18 = loc("/home/scratch.egaburov_sw/oai-triton/triton-src/triton-solid-01.git/python/test/unit/language/test_warp_specialization.py":194:48)
#loc19 = loc("/home/scratch.egaburov_sw/oai-triton/triton-src/triton-solid-01.git/python/test/unit/language/test_warp_specialization.py":195:37)
#loc20 = loc("/home/scratch.egaburov_sw/oai-triton/triton-src/triton-solid-01.git/python/test/unit/language/test_warp_specialization.py":195:27)
#loc21 = loc("/home/scratch.egaburov_sw/oai-triton/triton-src/triton-solid-01.git/python/test/unit/language/test_warp_specialization.py":196:23)
#loc22 = loc("/home/scratch.egaburov_sw/oai-triton/triton-src/triton-solid-01.git/python/test/unit/language/test_warp_specialization.py":196:44)
#loc23 = loc("/home/scratch.egaburov_sw/oai-triton/triton-src/triton-solid-01.git/python/test/unit/language/test_warp_specialization.py":326:25)
#loc24 = loc("/home/scratch.egaburov_sw/oai-triton/triton-src/triton-solid-01.git/python/test/unit/language/test_warp_specialization.py":327:25)
#loc25 = loc("/home/scratch.egaburov_sw/oai-triton/triton-src/triton-solid-01.git/python/test/unit/language/test_warp_specialization.py":329:24)
#loc26 = loc("/home/scratch.egaburov_sw/oai-triton/triton-src/triton-solid-01.git/python/test/unit/language/test_warp_specialization.py":330:25)
#loc27 = loc("/home/scratch.egaburov_sw/oai-triton/triton-src/triton-solid-01.git/python/test/unit/language/test_warp_specialization.py":331:28)
#loc28 = loc("/home/scratch.egaburov_sw/oai-triton/triton-src/triton-solid-01.git/python/test/unit/language/test_warp_specialization.py":332:28)
#loc29 = loc("/home/scratch.egaburov_sw/oai-triton/triton-src/triton-solid-01.git/python/test/unit/language/test_warp_specialization.py":333:36)
#loc30 = loc("/home/scratch.egaburov_sw/oai-triton/triton-src/triton-solid-01.git/python/test/unit/language/test_warp_specialization.py":333:41)
#loc31 = loc("/home/scratch.egaburov_sw/oai-triton/triton-src/triton-solid-01.git/python/test/unit/language/test_warp_specialization.py":333:12)
#loc32 = loc("/home/scratch.egaburov_sw/oai-triton/triton-src/triton-solid-01.git/python/test/unit/language/test_warp_specialization.py":335:27)
#loc33 = loc("/home/scratch.egaburov_sw/oai-triton/triton-src/triton-solid-01.git/python/test/unit/language/test_warp_specialization.py":336:39)
#loc34 = loc("/home/scratch.egaburov_sw/oai-triton/triton-src/triton-solid-01.git/python/test/unit/language/test_warp_specialization.py":322:4)
#loc44 = loc("a_desc"(#loc3))
#loc45 = loc("b_desc"(#loc4))
#loc46 = loc("c_desc"(#loc5))
#loc47 = loc("start_pid"(#loc6))
#loc48 = loc("num_pid_m"(#loc8))
#loc49 = loc("num_pid_n"(#loc10))
#loc50 = loc("k_tiles"(#loc11))
#loc51 = loc("num_tiles"(#loc12))
#loc52 = loc("num_pid_in_group"(#loc13))
#loc53 = loc("group_id"(#loc15))
#loc54 = loc("first_pid_m"(#loc16))
#loc55 = loc("group_size_m"(#loc17))
#loc56 = loc("group_size_m"(#loc18))
#loc57 = loc("pid_m"(#loc19))
#loc58 = loc("pid_m"(#loc20))
#loc59 = loc("pid_n"(#loc21))
#loc60 = loc("pid_n"(#loc22))
#loc61 = loc("off_am"(#loc23))
#loc62 = loc("off_bn"(#loc24))
#loc63 = loc("accumulator"(#loc25))
#loc64 = loc("off_k"(#loc26))
#loc65 = loc("a"(#loc27))
#loc66 = loc("b"(#loc28))
#loc67 = loc("accumulator"(#loc29))
#loc68 = loc("accumulator"(#loc30))
#loc69 = loc("c"(#loc32))
#loc70 = loc(callsite(#loc7 at #loc48))
#loc71 = loc(callsite(#loc9 at #loc48))
#loc72 = loc(callsite(#loc7 at #loc49))
#loc73 = loc(callsite(#loc9 at #loc49))
#loc74 = loc(callsite(#loc7 at #loc50))
#loc75 = loc(callsite(#loc9 at #loc50))
#loc76 = loc(callsite(#loc52 at #loc14))
#loc77 = loc(callsite(#loc53 at #loc14))
#loc78 = loc(callsite(#loc54 at #loc14))
#loc79 = loc(callsite(#loc55 at #loc14))
#loc80 = loc(callsite(#loc56 at #loc14))
#loc81 = loc(callsite(#loc57 at #loc14))
#loc82 = loc(callsite(#loc58 at #loc14))
#loc83 = loc(callsite(#loc59 at #loc14))
#loc84 = loc(callsite(#loc60 at #loc14))


// -----// IR Dump Before SymbolDCE (symbol-dce) ('builtin.module' operation) //----- //
#loc = loc("/home/scratch.egaburov_sw/oai-triton/triton-src/triton-solid-01.git/python/test/unit/language/test_warp_specialization.py":294:0)
#loc35 = loc("a_ptr"(#loc))
#loc36 = loc("b_ptr"(#loc))
#loc37 = loc("c_ptr"(#loc))
#loc38 = loc("a_stride0"(#loc))
#loc39 = loc("b_stride0"(#loc))
#loc40 = loc("c_stride0"(#loc))
#loc41 = loc("M"(#loc))
#loc42 = loc("N"(#loc))
#loc43 = loc("K"(#loc))
module {
  tt.func public @matmul_tma_persistent_ws_kernel(%a_ptr: !tt.ptr<f16> {tt.divisibility = 16 : i32} loc("a_ptr"(#loc)), %b_ptr: !tt.ptr<f16> {tt.divisibility = 16 : i32} loc("b_ptr"(#loc)), %c_ptr: !tt.ptr<f16> {tt.divisibility = 16 : i32} loc("c_ptr"(#loc)), %a_stride0: i32 {tt.divisibility = 16 : i32} loc("a_stride0"(#loc)), %b_stride0: i32 {tt.divisibility = 16 : i32} loc("b_stride0"(#loc)), %c_stride0: i32 {tt.divisibility = 16 : i32} loc("c_stride0"(#loc)), %M: i32 {tt.divisibility = 16 : i32} loc("M"(#loc)), %N: i32 {tt.divisibility = 16 : i32} loc("N"(#loc)), %K: i32 {tt.divisibility = 16 : i32} loc("K"(#loc))) attributes {noinline = false} {
    %cst = arith.constant dense<0.000000e+00> : tensor<128x128xf32> loc(#loc1)
    %c8_i32 = arith.constant 8 : i32 loc(#loc1)
    %c127_i32 = arith.constant 127 : i32 loc(#loc1)
    %c1_i32 = arith.constant 1 : i32 loc(#loc1)
    %c0_i32 = arith.constant 0 : i32 loc(#loc1)
    %c150_i32 = arith.constant 150 : i32 loc(#loc2)
    %c128_i32 = arith.constant 128 : i32 loc(#loc1)
    %c1_i64 = arith.constant 1 : i64 loc(#loc1)
    %a_desc = arith.extsi %a_stride0 : i32 to i64 loc(#loc44)
    %a_desc_0 = tt.make_tensor_descriptor %a_ptr, [%M, %K], [%a_desc, %c1_i64] : !tt.ptr<f16>, !tt.tensordesc<tensor<128x128xf16>> loc(#loc44)
    %b_desc = arith.extsi %b_stride0 : i32 to i64 loc(#loc45)
    %b_desc_1 = tt.make_tensor_descriptor %b_ptr, [%N, %K], [%b_desc, %c1_i64] : !tt.ptr<f16>, !tt.tensordesc<tensor<128x128xf16>> loc(#loc45)
    %c_desc = arith.extsi %c_stride0 : i32 to i64 loc(#loc46)
    %c_desc_2 = tt.make_tensor_descriptor %c_ptr, [%M, %N], [%c_desc, %c1_i64] : !tt.ptr<f16>, !tt.tensordesc<tensor<128x128xf16>> loc(#loc46)
    %start_pid = tt.get_program_id x : i32 loc(#loc47)
    %num_pid_m = arith.addi %M, %c127_i32 : i32 loc(#loc70)
    %num_pid_m_3 = arith.divsi %num_pid_m, %c128_i32 : i32 loc(#loc71)
    %num_pid_n = arith.addi %N, %c127_i32 : i32 loc(#loc72)
    %num_pid_n_4 = arith.divsi %num_pid_n, %c128_i32 : i32 loc(#loc73)
    %k_tiles = arith.addi %K, %c127_i32 : i32 loc(#loc74)
    %k_tiles_5 = arith.divsi %k_tiles, %c128_i32 : i32 loc(#loc75)
    %num_tiles = arith.muli %num_pid_m_3, %num_pid_n_4 : i32 loc(#loc51)
    scf.for %tile_id = %start_pid to %num_tiles step %c150_i32  : i32 {
      %num_pid_in_group = arith.muli %num_pid_n_4, %c8_i32 : i32 loc(#loc76)
      %group_id = arith.divsi %tile_id, %num_pid_in_group : i32 loc(#loc77)
      %first_pid_m = arith.muli %group_id, %c8_i32 : i32 loc(#loc78)
      %group_size_m = arith.subi %num_pid_m_3, %first_pid_m : i32 loc(#loc79)
      %group_size_m_6 = arith.minsi %group_size_m, %c8_i32 : i32 loc(#loc80)
      %pid_m = arith.remsi %tile_id, %group_size_m_6 : i32 loc(#loc81)
      %pid_m_7 = arith.addi %first_pid_m, %pid_m : i32 loc(#loc82)
      %pid_n = arith.remsi %tile_id, %num_pid_in_group : i32 loc(#loc83)
      %pid_n_8 = arith.divsi %pid_n, %group_size_m_6 : i32 loc(#loc84)
      %off_am = arith.muli %pid_m_7, %c128_i32 : i32 loc(#loc61)
      %off_bn = arith.muli %pid_n_8, %c128_i32 : i32 loc(#loc62)
      %accumulator = scf.for %ki = %c0_i32 to %k_tiles_5 step %c1_i32 iter_args(%accumulator_9 = %cst) -> (tensor<128x128xf32>)  : i32 {
        %off_k = arith.muli %ki, %c128_i32 : i32 loc(#loc64)
        %a = tt.descriptor_load %a_desc_0[%off_am, %off_k] : !tt.tensordesc<tensor<128x128xf16>> -> tensor<128x128xf16> loc(#loc65)
        %b = tt.descriptor_load %b_desc_1[%off_bn, %off_k] : !tt.tensordesc<tensor<128x128xf16>> -> tensor<128x128xf16> loc(#loc66)
        %accumulator_10 = tt.trans %b {order = array<i32: 1, 0>} : tensor<128x128xf16> -> tensor<128x128xf16> loc(#loc67)
        %accumulator_11 = tt.dot %a, %accumulator_10, %accumulator_9, inputPrecision = tf32 : tensor<128x128xf16> * tensor<128x128xf16> -> tensor<128x128xf32> loc(#loc68)
        scf.yield %accumulator_11 : tensor<128x128xf32> loc(#loc31)
      } loc(#loc63)
      %c = arith.truncf %accumulator : tensor<128x128xf32> to tensor<128x128xf16> loc(#loc69)
      tt.descriptor_store %c_desc_2[%off_am, %off_bn], %c : !tt.tensordesc<tensor<128x128xf16>>, tensor<128x128xf16> loc(#loc33)
    } {tt.flatten, tt.num_stages = 2 : i32, tt.warp_specialize} loc(#loc2)
    tt.return loc(#loc34)
  } loc(#loc)
} loc(#loc)
#loc1 = loc(unknown)
#loc2 = loc("/home/scratch.egaburov_sw/oai-triton/triton-src/triton-solid-01.git/python/test/unit/language/test_warp_specialization.py":323:28)
#loc3 = loc("/home/scratch.egaburov_sw/oai-triton/triton-src/triton-solid-01.git/python/test/unit/language/test_warp_specialization.py":309:39)
#loc4 = loc("/home/scratch.egaburov_sw/oai-triton/triton-src/triton-solid-01.git/python/test/unit/language/test_warp_specialization.py":311:39)
#loc5 = loc("/home/scratch.egaburov_sw/oai-triton/triton-src/triton-solid-01.git/python/test/unit/language/test_warp_specialization.py":313:39)
#loc6 = loc("/home/scratch.egaburov_sw/oai-triton/triton-src/triton-solid-01.git/python/test/unit/language/test_warp_specialization.py":316:30)
#loc7 = loc("/home/scratch.egaburov_sw/oai-triton/triton-src/triton-solid-01.git/python/triton/language/standard.py":43:17)
#loc8 = loc("/home/scratch.egaburov_sw/oai-triton/triton-src/triton-solid-01.git/python/test/unit/language/test_warp_specialization.py":317:27)
#loc9 = loc("/home/scratch.egaburov_sw/oai-triton/triton-src/triton-solid-01.git/python/triton/language/standard.py":43:30)
#loc10 = loc("/home/scratch.egaburov_sw/oai-triton/triton-src/triton-solid-01.git/python/test/unit/language/test_warp_specialization.py":318:27)
#loc11 = loc("/home/scratch.egaburov_sw/oai-triton/triton-src/triton-solid-01.git/python/test/unit/language/test_warp_specialization.py":319:25)
#loc12 = loc("/home/scratch.egaburov_sw/oai-triton/triton-src/triton-solid-01.git/python/test/unit/language/test_warp_specialization.py":320:28)
#loc13 = loc("/home/scratch.egaburov_sw/oai-triton/triton-src/triton-solid-01.git/python/test/unit/language/test_warp_specialization.py":191:38)
#loc14 = loc("/home/scratch.egaburov_sw/oai-triton/triton-src/triton-solid-01.git/python/test/unit/language/test_warp_specialization.py":324:67)
#loc15 = loc("/home/scratch.egaburov_sw/oai-triton/triton-src/triton-solid-01.git/python/test/unit/language/test_warp_specialization.py":192:26)
#loc16 = loc("/home/scratch.egaburov_sw/oai-triton/triton-src/triton-solid-01.git/python/test/unit/language/test_warp_specialization.py":193:29)
#loc17 = loc("/home/scratch.egaburov_sw/oai-triton/triton-src/triton-solid-01.git/python/test/unit/language/test_warp_specialization.py":194:35)
#loc18 = loc("/home/scratch.egaburov_sw/oai-triton/triton-src/triton-solid-01.git/python/test/unit/language/test_warp_specialization.py":194:48)
#loc19 = loc("/home/scratch.egaburov_sw/oai-triton/triton-src/triton-solid-01.git/python/test/unit/language/test_warp_specialization.py":195:37)
#loc20 = loc("/home/scratch.egaburov_sw/oai-triton/triton-src/triton-solid-01.git/python/test/unit/language/test_warp_specialization.py":195:27)
#loc21 = loc("/home/scratch.egaburov_sw/oai-triton/triton-src/triton-solid-01.git/python/test/unit/language/test_warp_specialization.py":196:23)
#loc22 = loc("/home/scratch.egaburov_sw/oai-triton/triton-src/triton-solid-01.git/python/test/unit/language/test_warp_specialization.py":196:44)
#loc23 = loc("/home/scratch.egaburov_sw/oai-triton/triton-src/triton-solid-01.git/python/test/unit/language/test_warp_specialization.py":326:25)
#loc24 = loc("/home/scratch.egaburov_sw/oai-triton/triton-src/triton-solid-01.git/python/test/unit/language/test_warp_specialization.py":327:25)
#loc25 = loc("/home/scratch.egaburov_sw/oai-triton/triton-src/triton-solid-01.git/python/test/unit/language/test_warp_specialization.py":329:24)
#loc26 = loc("/home/scratch.egaburov_sw/oai-triton/triton-src/triton-solid-01.git/python/test/unit/language/test_warp_specialization.py":330:25)
#loc27 = loc("/home/scratch.egaburov_sw/oai-triton/triton-src/triton-solid-01.git/python/test/unit/language/test_warp_specialization.py":331:28)
#loc28 = loc("/home/scratch.egaburov_sw/oai-triton/triton-src/triton-solid-01.git/python/test/unit/language/test_warp_specialization.py":332:28)
#loc29 = loc("/home/scratch.egaburov_sw/oai-triton/triton-src/triton-solid-01.git/python/test/unit/language/test_warp_specialization.py":333:36)
#loc30 = loc("/home/scratch.egaburov_sw/oai-triton/triton-src/triton-solid-01.git/python/test/unit/language/test_warp_specialization.py":333:41)
#loc31 = loc("/home/scratch.egaburov_sw/oai-triton/triton-src/triton-solid-01.git/python/test/unit/language/test_warp_specialization.py":333:12)
#loc32 = loc("/home/scratch.egaburov_sw/oai-triton/triton-src/triton-solid-01.git/python/test/unit/language/test_warp_specialization.py":335:27)
#loc33 = loc("/home/scratch.egaburov_sw/oai-triton/triton-src/triton-solid-01.git/python/test/unit/language/test_warp_specialization.py":336:39)
#loc34 = loc("/home/scratch.egaburov_sw/oai-triton/triton-src/triton-solid-01.git/python/test/unit/language/test_warp_specialization.py":322:4)
#loc44 = loc("a_desc"(#loc3))
#loc45 = loc("b_desc"(#loc4))
#loc46 = loc("c_desc"(#loc5))
#loc47 = loc("start_pid"(#loc6))
#loc48 = loc("num_pid_m"(#loc8))
#loc49 = loc("num_pid_n"(#loc10))
#loc50 = loc("k_tiles"(#loc11))
#loc51 = loc("num_tiles"(#loc12))
#loc52 = loc("num_pid_in_group"(#loc13))
#loc53 = loc("group_id"(#loc15))
#loc54 = loc("first_pid_m"(#loc16))
#loc55 = loc("group_size_m"(#loc17))
#loc56 = loc("group_size_m"(#loc18))
#loc57 = loc("pid_m"(#loc19))
#loc58 = loc("pid_m"(#loc20))
#loc59 = loc("pid_n"(#loc21))
#loc60 = loc("pid_n"(#loc22))
#loc61 = loc("off_am"(#loc23))
#loc62 = loc("off_bn"(#loc24))
#loc63 = loc("accumulator"(#loc25))
#loc64 = loc("off_k"(#loc26))
#loc65 = loc("a"(#loc27))
#loc66 = loc("b"(#loc28))
#loc67 = loc("accumulator"(#loc29))
#loc68 = loc("accumulator"(#loc30))
#loc69 = loc("c"(#loc32))
#loc70 = loc(callsite(#loc7 at #loc48))
#loc71 = loc(callsite(#loc9 at #loc48))
#loc72 = loc(callsite(#loc7 at #loc49))
#loc73 = loc(callsite(#loc9 at #loc49))
#loc74 = loc(callsite(#loc7 at #loc50))
#loc75 = loc(callsite(#loc9 at #loc50))
#loc76 = loc(callsite(#loc52 at #loc14))
#loc77 = loc(callsite(#loc53 at #loc14))
#loc78 = loc(callsite(#loc54 at #loc14))
#loc79 = loc(callsite(#loc55 at #loc14))
#loc80 = loc(callsite(#loc56 at #loc14))
#loc81 = loc(callsite(#loc57 at #loc14))
#loc82 = loc(callsite(#loc58 at #loc14))
#loc83 = loc(callsite(#loc59 at #loc14))
#loc84 = loc(callsite(#loc60 at #loc14))


// -----// IR Dump Before TritonLoopUnroll (triton-loop-unroll) ('builtin.module' operation) //----- //
#loc = loc("/home/scratch.egaburov_sw/oai-triton/triton-src/triton-solid-01.git/python/test/unit/language/test_warp_specialization.py":294:0)
#loc35 = loc("a_ptr"(#loc))
#loc36 = loc("b_ptr"(#loc))
#loc37 = loc("c_ptr"(#loc))
#loc38 = loc("a_stride0"(#loc))
#loc39 = loc("b_stride0"(#loc))
#loc40 = loc("c_stride0"(#loc))
#loc41 = loc("M"(#loc))
#loc42 = loc("N"(#loc))
#loc43 = loc("K"(#loc))
module {
  tt.func public @matmul_tma_persistent_ws_kernel(%a_ptr: !tt.ptr<f16> {tt.divisibility = 16 : i32} loc("a_ptr"(#loc)), %b_ptr: !tt.ptr<f16> {tt.divisibility = 16 : i32} loc("b_ptr"(#loc)), %c_ptr: !tt.ptr<f16> {tt.divisibility = 16 : i32} loc("c_ptr"(#loc)), %a_stride0: i32 {tt.divisibility = 16 : i32} loc("a_stride0"(#loc)), %b_stride0: i32 {tt.divisibility = 16 : i32} loc("b_stride0"(#loc)), %c_stride0: i32 {tt.divisibility = 16 : i32} loc("c_stride0"(#loc)), %M: i32 {tt.divisibility = 16 : i32} loc("M"(#loc)), %N: i32 {tt.divisibility = 16 : i32} loc("N"(#loc)), %K: i32 {tt.divisibility = 16 : i32} loc("K"(#loc))) attributes {noinline = false} {
    %cst = arith.constant dense<0.000000e+00> : tensor<128x128xf32> loc(#loc1)
    %c8_i32 = arith.constant 8 : i32 loc(#loc1)
    %c127_i32 = arith.constant 127 : i32 loc(#loc1)
    %c1_i32 = arith.constant 1 : i32 loc(#loc1)
    %c0_i32 = arith.constant 0 : i32 loc(#loc1)
    %c150_i32 = arith.constant 150 : i32 loc(#loc2)
    %c128_i32 = arith.constant 128 : i32 loc(#loc1)
    %c1_i64 = arith.constant 1 : i64 loc(#loc1)
    %a_desc = arith.extsi %a_stride0 : i32 to i64 loc(#loc44)
    %a_desc_0 = tt.make_tensor_descriptor %a_ptr, [%M, %K], [%a_desc, %c1_i64] : !tt.ptr<f16>, !tt.tensordesc<tensor<128x128xf16>> loc(#loc44)
    %b_desc = arith.extsi %b_stride0 : i32 to i64 loc(#loc45)
    %b_desc_1 = tt.make_tensor_descriptor %b_ptr, [%N, %K], [%b_desc, %c1_i64] : !tt.ptr<f16>, !tt.tensordesc<tensor<128x128xf16>> loc(#loc45)
    %c_desc = arith.extsi %c_stride0 : i32 to i64 loc(#loc46)
    %c_desc_2 = tt.make_tensor_descriptor %c_ptr, [%M, %N], [%c_desc, %c1_i64] : !tt.ptr<f16>, !tt.tensordesc<tensor<128x128xf16>> loc(#loc46)
    %start_pid = tt.get_program_id x : i32 loc(#loc47)
    %num_pid_m = arith.addi %M, %c127_i32 : i32 loc(#loc70)
    %num_pid_m_3 = arith.divsi %num_pid_m, %c128_i32 : i32 loc(#loc71)
    %num_pid_n = arith.addi %N, %c127_i32 : i32 loc(#loc72)
    %num_pid_n_4 = arith.divsi %num_pid_n, %c128_i32 : i32 loc(#loc73)
    %k_tiles = arith.addi %K, %c127_i32 : i32 loc(#loc74)
    %k_tiles_5 = arith.divsi %k_tiles, %c128_i32 : i32 loc(#loc75)
    %num_tiles = arith.muli %num_pid_m_3, %num_pid_n_4 : i32 loc(#loc51)
    scf.for %tile_id = %start_pid to %num_tiles step %c150_i32  : i32 {
      %num_pid_in_group = arith.muli %num_pid_n_4, %c8_i32 : i32 loc(#loc76)
      %group_id = arith.divsi %tile_id, %num_pid_in_group : i32 loc(#loc77)
      %first_pid_m = arith.muli %group_id, %c8_i32 : i32 loc(#loc78)
      %group_size_m = arith.subi %num_pid_m_3, %first_pid_m : i32 loc(#loc79)
      %group_size_m_6 = arith.minsi %group_size_m, %c8_i32 : i32 loc(#loc80)
      %pid_m = arith.remsi %tile_id, %group_size_m_6 : i32 loc(#loc81)
      %pid_m_7 = arith.addi %first_pid_m, %pid_m : i32 loc(#loc82)
      %pid_n = arith.remsi %tile_id, %num_pid_in_group : i32 loc(#loc83)
      %pid_n_8 = arith.divsi %pid_n, %group_size_m_6 : i32 loc(#loc84)
      %off_am = arith.muli %pid_m_7, %c128_i32 : i32 loc(#loc61)
      %off_bn = arith.muli %pid_n_8, %c128_i32 : i32 loc(#loc62)
      %accumulator = scf.for %ki = %c0_i32 to %k_tiles_5 step %c1_i32 iter_args(%accumulator_9 = %cst) -> (tensor<128x128xf32>)  : i32 {
        %off_k = arith.muli %ki, %c128_i32 : i32 loc(#loc64)
        %a = tt.descriptor_load %a_desc_0[%off_am, %off_k] : !tt.tensordesc<tensor<128x128xf16>> -> tensor<128x128xf16> loc(#loc65)
        %b = tt.descriptor_load %b_desc_1[%off_bn, %off_k] : !tt.tensordesc<tensor<128x128xf16>> -> tensor<128x128xf16> loc(#loc66)
        %accumulator_10 = tt.trans %b {order = array<i32: 1, 0>} : tensor<128x128xf16> -> tensor<128x128xf16> loc(#loc67)
        %accumulator_11 = tt.dot %a, %accumulator_10, %accumulator_9, inputPrecision = tf32 : tensor<128x128xf16> * tensor<128x128xf16> -> tensor<128x128xf32> loc(#loc68)
        scf.yield %accumulator_11 : tensor<128x128xf32> loc(#loc31)
      } loc(#loc63)
      %c = arith.truncf %accumulator : tensor<128x128xf32> to tensor<128x128xf16> loc(#loc69)
      tt.descriptor_store %c_desc_2[%off_am, %off_bn], %c : !tt.tensordesc<tensor<128x128xf16>>, tensor<128x128xf16> loc(#loc33)
    } {tt.flatten, tt.num_stages = 2 : i32, tt.warp_specialize} loc(#loc2)
    tt.return loc(#loc34)
  } loc(#loc)
} loc(#loc)
#loc1 = loc(unknown)
#loc2 = loc("/home/scratch.egaburov_sw/oai-triton/triton-src/triton-solid-01.git/python/test/unit/language/test_warp_specialization.py":323:28)
#loc3 = loc("/home/scratch.egaburov_sw/oai-triton/triton-src/triton-solid-01.git/python/test/unit/language/test_warp_specialization.py":309:39)
#loc4 = loc("/home/scratch.egaburov_sw/oai-triton/triton-src/triton-solid-01.git/python/test/unit/language/test_warp_specialization.py":311:39)
#loc5 = loc("/home/scratch.egaburov_sw/oai-triton/triton-src/triton-solid-01.git/python/test/unit/language/test_warp_specialization.py":313:39)
#loc6 = loc("/home/scratch.egaburov_sw/oai-triton/triton-src/triton-solid-01.git/python/test/unit/language/test_warp_specialization.py":316:30)
#loc7 = loc("/home/scratch.egaburov_sw/oai-triton/triton-src/triton-solid-01.git/python/triton/language/standard.py":43:17)
#loc8 = loc("/home/scratch.egaburov_sw/oai-triton/triton-src/triton-solid-01.git/python/test/unit/language/test_warp_specialization.py":317:27)
#loc9 = loc("/home/scratch.egaburov_sw/oai-triton/triton-src/triton-solid-01.git/python/triton/language/standard.py":43:30)
#loc10 = loc("/home/scratch.egaburov_sw/oai-triton/triton-src/triton-solid-01.git/python/test/unit/language/test_warp_specialization.py":318:27)
#loc11 = loc("/home/scratch.egaburov_sw/oai-triton/triton-src/triton-solid-01.git/python/test/unit/language/test_warp_specialization.py":319:25)
#loc12 = loc("/home/scratch.egaburov_sw/oai-triton/triton-src/triton-solid-01.git/python/test/unit/language/test_warp_specialization.py":320:28)
#loc13 = loc("/home/scratch.egaburov_sw/oai-triton/triton-src/triton-solid-01.git/python/test/unit/language/test_warp_specialization.py":191:38)
#loc14 = loc("/home/scratch.egaburov_sw/oai-triton/triton-src/triton-solid-01.git/python/test/unit/language/test_warp_specialization.py":324:67)
#loc15 = loc("/home/scratch.egaburov_sw/oai-triton/triton-src/triton-solid-01.git/python/test/unit/language/test_warp_specialization.py":192:26)
#loc16 = loc("/home/scratch.egaburov_sw/oai-triton/triton-src/triton-solid-01.git/python/test/unit/language/test_warp_specialization.py":193:29)
#loc17 = loc("/home/scratch.egaburov_sw/oai-triton/triton-src/triton-solid-01.git/python/test/unit/language/test_warp_specialization.py":194:35)
#loc18 = loc("/home/scratch.egaburov_sw/oai-triton/triton-src/triton-solid-01.git/python/test/unit/language/test_warp_specialization.py":194:48)
#loc19 = loc("/home/scratch.egaburov_sw/oai-triton/triton-src/triton-solid-01.git/python/test/unit/language/test_warp_specialization.py":195:37)
#loc20 = loc("/home/scratch.egaburov_sw/oai-triton/triton-src/triton-solid-01.git/python/test/unit/language/test_warp_specialization.py":195:27)
#loc21 = loc("/home/scratch.egaburov_sw/oai-triton/triton-src/triton-solid-01.git/python/test/unit/language/test_warp_specialization.py":196:23)
#loc22 = loc("/home/scratch.egaburov_sw/oai-triton/triton-src/triton-solid-01.git/python/test/unit/language/test_warp_specialization.py":196:44)
#loc23 = loc("/home/scratch.egaburov_sw/oai-triton/triton-src/triton-solid-01.git/python/test/unit/language/test_warp_specialization.py":326:25)
#loc24 = loc("/home/scratch.egaburov_sw/oai-triton/triton-src/triton-solid-01.git/python/test/unit/language/test_warp_specialization.py":327:25)
#loc25 = loc("/home/scratch.egaburov_sw/oai-triton/triton-src/triton-solid-01.git/python/test/unit/language/test_warp_specialization.py":329:24)
#loc26 = loc("/home/scratch.egaburov_sw/oai-triton/triton-src/triton-solid-01.git/python/test/unit/language/test_warp_specialization.py":330:25)
#loc27 = loc("/home/scratch.egaburov_sw/oai-triton/triton-src/triton-solid-01.git/python/test/unit/language/test_warp_specialization.py":331:28)
#loc28 = loc("/home/scratch.egaburov_sw/oai-triton/triton-src/triton-solid-01.git/python/test/unit/language/test_warp_specialization.py":332:28)
#loc29 = loc("/home/scratch.egaburov_sw/oai-triton/triton-src/triton-solid-01.git/python/test/unit/language/test_warp_specialization.py":333:36)
#loc30 = loc("/home/scratch.egaburov_sw/oai-triton/triton-src/triton-solid-01.git/python/test/unit/language/test_warp_specialization.py":333:41)
#loc31 = loc("/home/scratch.egaburov_sw/oai-triton/triton-src/triton-solid-01.git/python/test/unit/language/test_warp_specialization.py":333:12)
#loc32 = loc("/home/scratch.egaburov_sw/oai-triton/triton-src/triton-solid-01.git/python/test/unit/language/test_warp_specialization.py":335:27)
#loc33 = loc("/home/scratch.egaburov_sw/oai-triton/triton-src/triton-solid-01.git/python/test/unit/language/test_warp_specialization.py":336:39)
#loc34 = loc("/home/scratch.egaburov_sw/oai-triton/triton-src/triton-solid-01.git/python/test/unit/language/test_warp_specialization.py":322:4)
#loc44 = loc("a_desc"(#loc3))
#loc45 = loc("b_desc"(#loc4))
#loc46 = loc("c_desc"(#loc5))
#loc47 = loc("start_pid"(#loc6))
#loc48 = loc("num_pid_m"(#loc8))
#loc49 = loc("num_pid_n"(#loc10))
#loc50 = loc("k_tiles"(#loc11))
#loc51 = loc("num_tiles"(#loc12))
#loc52 = loc("num_pid_in_group"(#loc13))
#loc53 = loc("group_id"(#loc15))
#loc54 = loc("first_pid_m"(#loc16))
#loc55 = loc("group_size_m"(#loc17))
#loc56 = loc("group_size_m"(#loc18))
#loc57 = loc("pid_m"(#loc19))
#loc58 = loc("pid_m"(#loc20))
#loc59 = loc("pid_n"(#loc21))
#loc60 = loc("pid_n"(#loc22))
#loc61 = loc("off_am"(#loc23))
#loc62 = loc("off_bn"(#loc24))
#loc63 = loc("accumulator"(#loc25))
#loc64 = loc("off_k"(#loc26))
#loc65 = loc("a"(#loc27))
#loc66 = loc("b"(#loc28))
#loc67 = loc("accumulator"(#loc29))
#loc68 = loc("accumulator"(#loc30))
#loc69 = loc("c"(#loc32))
#loc70 = loc(callsite(#loc7 at #loc48))
#loc71 = loc(callsite(#loc9 at #loc48))
#loc72 = loc(callsite(#loc7 at #loc49))
#loc73 = loc(callsite(#loc9 at #loc49))
#loc74 = loc(callsite(#loc7 at #loc50))
#loc75 = loc(callsite(#loc9 at #loc50))
#loc76 = loc(callsite(#loc52 at #loc14))
#loc77 = loc(callsite(#loc53 at #loc14))
#loc78 = loc(callsite(#loc54 at #loc14))
#loc79 = loc(callsite(#loc55 at #loc14))
#loc80 = loc(callsite(#loc56 at #loc14))
#loc81 = loc(callsite(#loc57 at #loc14))
#loc82 = loc(callsite(#loc58 at #loc14))
#loc83 = loc(callsite(#loc59 at #loc14))
#loc84 = loc(callsite(#loc60 at #loc14))


// -----// IR Dump Before ConvertTritonToTritonGPU (convert-triton-to-tritongpu) ('builtin.module' operation) //----- //
#loc = loc("/home/scratch.egaburov_sw/oai-triton/triton-src/triton-solid-01.git/python/test/unit/language/test_warp_specialization.py":294:0)
#loc35 = loc("a_ptr"(#loc))
#loc36 = loc("b_ptr"(#loc))
#loc37 = loc("c_ptr"(#loc))
#loc38 = loc("a_stride0"(#loc))
#loc39 = loc("b_stride0"(#loc))
#loc40 = loc("c_stride0"(#loc))
#loc41 = loc("M"(#loc))
#loc42 = loc("N"(#loc))
#loc43 = loc("K"(#loc))
module attributes {"ttg.cluster-dim-x" = 1 : i32, "ttg.cluster-dim-y" = 1 : i32, "ttg.cluster-dim-z" = 1 : i32, ttg.max_reg_auto_ws = 152 : i32, ttg.min_reg_auto_ws = 24 : i32} {
  tt.func public @matmul_tma_persistent_ws_kernel(%a_ptr: !tt.ptr<f16> {tt.divisibility = 16 : i32} loc("a_ptr"(#loc)), %b_ptr: !tt.ptr<f16> {tt.divisibility = 16 : i32} loc("b_ptr"(#loc)), %c_ptr: !tt.ptr<f16> {tt.divisibility = 16 : i32} loc("c_ptr"(#loc)), %a_stride0: i32 {tt.divisibility = 16 : i32} loc("a_stride0"(#loc)), %b_stride0: i32 {tt.divisibility = 16 : i32} loc("b_stride0"(#loc)), %c_stride0: i32 {tt.divisibility = 16 : i32} loc("c_stride0"(#loc)), %M: i32 {tt.divisibility = 16 : i32} loc("M"(#loc)), %N: i32 {tt.divisibility = 16 : i32} loc("N"(#loc)), %K: i32 {tt.divisibility = 16 : i32} loc("K"(#loc))) attributes {noinline = false} {
    %cst = arith.constant dense<0.000000e+00> : tensor<128x128xf32> loc(#loc1)
    %c8_i32 = arith.constant 8 : i32 loc(#loc1)
    %c127_i32 = arith.constant 127 : i32 loc(#loc1)
    %c1_i32 = arith.constant 1 : i32 loc(#loc1)
    %c0_i32 = arith.constant 0 : i32 loc(#loc1)
    %c150_i32 = arith.constant 150 : i32 loc(#loc2)
    %c128_i32 = arith.constant 128 : i32 loc(#loc1)
    %c1_i64 = arith.constant 1 : i64 loc(#loc1)
    %a_desc = arith.extsi %a_stride0 : i32 to i64 loc(#loc44)
    %a_desc_0 = tt.make_tensor_descriptor %a_ptr, [%M, %K], [%a_desc, %c1_i64] : !tt.ptr<f16>, !tt.tensordesc<tensor<128x128xf16>> loc(#loc44)
    %b_desc = arith.extsi %b_stride0 : i32 to i64 loc(#loc45)
    %b_desc_1 = tt.make_tensor_descriptor %b_ptr, [%N, %K], [%b_desc, %c1_i64] : !tt.ptr<f16>, !tt.tensordesc<tensor<128x128xf16>> loc(#loc45)
    %c_desc = arith.extsi %c_stride0 : i32 to i64 loc(#loc46)
    %c_desc_2 = tt.make_tensor_descriptor %c_ptr, [%M, %N], [%c_desc, %c1_i64] : !tt.ptr<f16>, !tt.tensordesc<tensor<128x128xf16>> loc(#loc46)
    %start_pid = tt.get_program_id x : i32 loc(#loc47)
    %num_pid_m = arith.addi %M, %c127_i32 : i32 loc(#loc70)
    %num_pid_m_3 = arith.divsi %num_pid_m, %c128_i32 : i32 loc(#loc71)
    %num_pid_n = arith.addi %N, %c127_i32 : i32 loc(#loc72)
    %num_pid_n_4 = arith.divsi %num_pid_n, %c128_i32 : i32 loc(#loc73)
    %k_tiles = arith.addi %K, %c127_i32 : i32 loc(#loc74)
    %k_tiles_5 = arith.divsi %k_tiles, %c128_i32 : i32 loc(#loc75)
    %num_tiles = arith.muli %num_pid_m_3, %num_pid_n_4 : i32 loc(#loc51)
    scf.for %tile_id = %start_pid to %num_tiles step %c150_i32  : i32 {
      %num_pid_in_group = arith.muli %num_pid_n_4, %c8_i32 : i32 loc(#loc76)
      %group_id = arith.divsi %tile_id, %num_pid_in_group : i32 loc(#loc77)
      %first_pid_m = arith.muli %group_id, %c8_i32 : i32 loc(#loc78)
      %group_size_m = arith.subi %num_pid_m_3, %first_pid_m : i32 loc(#loc79)
      %group_size_m_6 = arith.minsi %group_size_m, %c8_i32 : i32 loc(#loc80)
      %pid_m = arith.remsi %tile_id, %group_size_m_6 : i32 loc(#loc81)
      %pid_m_7 = arith.addi %first_pid_m, %pid_m : i32 loc(#loc82)
      %pid_n = arith.remsi %tile_id, %num_pid_in_group : i32 loc(#loc83)
      %pid_n_8 = arith.divsi %pid_n, %group_size_m_6 : i32 loc(#loc84)
      %off_am = arith.muli %pid_m_7, %c128_i32 : i32 loc(#loc61)
      %off_bn = arith.muli %pid_n_8, %c128_i32 : i32 loc(#loc62)
      %accumulator = scf.for %ki = %c0_i32 to %k_tiles_5 step %c1_i32 iter_args(%accumulator_9 = %cst) -> (tensor<128x128xf32>)  : i32 {
        %off_k = arith.muli %ki, %c128_i32 : i32 loc(#loc64)
        %a = tt.descriptor_load %a_desc_0[%off_am, %off_k] : !tt.tensordesc<tensor<128x128xf16>> -> tensor<128x128xf16> loc(#loc65)
        %b = tt.descriptor_load %b_desc_1[%off_bn, %off_k] : !tt.tensordesc<tensor<128x128xf16>> -> tensor<128x128xf16> loc(#loc66)
        %accumulator_10 = tt.trans %b {order = array<i32: 1, 0>} : tensor<128x128xf16> -> tensor<128x128xf16> loc(#loc67)
        %accumulator_11 = tt.dot %a, %accumulator_10, %accumulator_9, inputPrecision = tf32 : tensor<128x128xf16> * tensor<128x128xf16> -> tensor<128x128xf32> loc(#loc68)
        scf.yield %accumulator_11 : tensor<128x128xf32> loc(#loc31)
      } loc(#loc63)
      %c = arith.truncf %accumulator : tensor<128x128xf32> to tensor<128x128xf16> loc(#loc69)
      tt.descriptor_store %c_desc_2[%off_am, %off_bn], %c : !tt.tensordesc<tensor<128x128xf16>>, tensor<128x128xf16> loc(#loc33)
    } {tt.flatten, tt.num_stages = 2 : i32, tt.warp_specialize} loc(#loc2)
    tt.return loc(#loc34)
  } loc(#loc)
} loc(#loc)
#loc1 = loc(unknown)
#loc2 = loc("/home/scratch.egaburov_sw/oai-triton/triton-src/triton-solid-01.git/python/test/unit/language/test_warp_specialization.py":323:28)
#loc3 = loc("/home/scratch.egaburov_sw/oai-triton/triton-src/triton-solid-01.git/python/test/unit/language/test_warp_specialization.py":309:39)
#loc4 = loc("/home/scratch.egaburov_sw/oai-triton/triton-src/triton-solid-01.git/python/test/unit/language/test_warp_specialization.py":311:39)
#loc5 = loc("/home/scratch.egaburov_sw/oai-triton/triton-src/triton-solid-01.git/python/test/unit/language/test_warp_specialization.py":313:39)
#loc6 = loc("/home/scratch.egaburov_sw/oai-triton/triton-src/triton-solid-01.git/python/test/unit/language/test_warp_specialization.py":316:30)
#loc7 = loc("/home/scratch.egaburov_sw/oai-triton/triton-src/triton-solid-01.git/python/triton/language/standard.py":43:17)
#loc8 = loc("/home/scratch.egaburov_sw/oai-triton/triton-src/triton-solid-01.git/python/test/unit/language/test_warp_specialization.py":317:27)
#loc9 = loc("/home/scratch.egaburov_sw/oai-triton/triton-src/triton-solid-01.git/python/triton/language/standard.py":43:30)
#loc10 = loc("/home/scratch.egaburov_sw/oai-triton/triton-src/triton-solid-01.git/python/test/unit/language/test_warp_specialization.py":318:27)
#loc11 = loc("/home/scratch.egaburov_sw/oai-triton/triton-src/triton-solid-01.git/python/test/unit/language/test_warp_specialization.py":319:25)
#loc12 = loc("/home/scratch.egaburov_sw/oai-triton/triton-src/triton-solid-01.git/python/test/unit/language/test_warp_specialization.py":320:28)
#loc13 = loc("/home/scratch.egaburov_sw/oai-triton/triton-src/triton-solid-01.git/python/test/unit/language/test_warp_specialization.py":191:38)
#loc14 = loc("/home/scratch.egaburov_sw/oai-triton/triton-src/triton-solid-01.git/python/test/unit/language/test_warp_specialization.py":324:67)
#loc15 = loc("/home/scratch.egaburov_sw/oai-triton/triton-src/triton-solid-01.git/python/test/unit/language/test_warp_specialization.py":192:26)
#loc16 = loc("/home/scratch.egaburov_sw/oai-triton/triton-src/triton-solid-01.git/python/test/unit/language/test_warp_specialization.py":193:29)
#loc17 = loc("/home/scratch.egaburov_sw/oai-triton/triton-src/triton-solid-01.git/python/test/unit/language/test_warp_specialization.py":194:35)
#loc18 = loc("/home/scratch.egaburov_sw/oai-triton/triton-src/triton-solid-01.git/python/test/unit/language/test_warp_specialization.py":194:48)
#loc19 = loc("/home/scratch.egaburov_sw/oai-triton/triton-src/triton-solid-01.git/python/test/unit/language/test_warp_specialization.py":195:37)
#loc20 = loc("/home/scratch.egaburov_sw/oai-triton/triton-src/triton-solid-01.git/python/test/unit/language/test_warp_specialization.py":195:27)
#loc21 = loc("/home/scratch.egaburov_sw/oai-triton/triton-src/triton-solid-01.git/python/test/unit/language/test_warp_specialization.py":196:23)
#loc22 = loc("/home/scratch.egaburov_sw/oai-triton/triton-src/triton-solid-01.git/python/test/unit/language/test_warp_specialization.py":196:44)
#loc23 = loc("/home/scratch.egaburov_sw/oai-triton/triton-src/triton-solid-01.git/python/test/unit/language/test_warp_specialization.py":326:25)
#loc24 = loc("/home/scratch.egaburov_sw/oai-triton/triton-src/triton-solid-01.git/python/test/unit/language/test_warp_specialization.py":327:25)
#loc25 = loc("/home/scratch.egaburov_sw/oai-triton/triton-src/triton-solid-01.git/python/test/unit/language/test_warp_specialization.py":329:24)
#loc26 = loc("/home/scratch.egaburov_sw/oai-triton/triton-src/triton-solid-01.git/python/test/unit/language/test_warp_specialization.py":330:25)
#loc27 = loc("/home/scratch.egaburov_sw/oai-triton/triton-src/triton-solid-01.git/python/test/unit/language/test_warp_specialization.py":331:28)
#loc28 = loc("/home/scratch.egaburov_sw/oai-triton/triton-src/triton-solid-01.git/python/test/unit/language/test_warp_specialization.py":332:28)
#loc29 = loc("/home/scratch.egaburov_sw/oai-triton/triton-src/triton-solid-01.git/python/test/unit/language/test_warp_specialization.py":333:36)
#loc30 = loc("/home/scratch.egaburov_sw/oai-triton/triton-src/triton-solid-01.git/python/test/unit/language/test_warp_specialization.py":333:41)
#loc31 = loc("/home/scratch.egaburov_sw/oai-triton/triton-src/triton-solid-01.git/python/test/unit/language/test_warp_specialization.py":333:12)
#loc32 = loc("/home/scratch.egaburov_sw/oai-triton/triton-src/triton-solid-01.git/python/test/unit/language/test_warp_specialization.py":335:27)
#loc33 = loc("/home/scratch.egaburov_sw/oai-triton/triton-src/triton-solid-01.git/python/test/unit/language/test_warp_specialization.py":336:39)
#loc34 = loc("/home/scratch.egaburov_sw/oai-triton/triton-src/triton-solid-01.git/python/test/unit/language/test_warp_specialization.py":322:4)
#loc44 = loc("a_desc"(#loc3))
#loc45 = loc("b_desc"(#loc4))
#loc46 = loc("c_desc"(#loc5))
#loc47 = loc("start_pid"(#loc6))
#loc48 = loc("num_pid_m"(#loc8))
#loc49 = loc("num_pid_n"(#loc10))
#loc50 = loc("k_tiles"(#loc11))
#loc51 = loc("num_tiles"(#loc12))
#loc52 = loc("num_pid_in_group"(#loc13))
#loc53 = loc("group_id"(#loc15))
#loc54 = loc("first_pid_m"(#loc16))
#loc55 = loc("group_size_m"(#loc17))
#loc56 = loc("group_size_m"(#loc18))
#loc57 = loc("pid_m"(#loc19))
#loc58 = loc("pid_m"(#loc20))
#loc59 = loc("pid_n"(#loc21))
#loc60 = loc("pid_n"(#loc22))
#loc61 = loc("off_am"(#loc23))
#loc62 = loc("off_bn"(#loc24))
#loc63 = loc("accumulator"(#loc25))
#loc64 = loc("off_k"(#loc26))
#loc65 = loc("a"(#loc27))
#loc66 = loc("b"(#loc28))
#loc67 = loc("accumulator"(#loc29))
#loc68 = loc("accumulator"(#loc30))
#loc69 = loc("c"(#loc32))
#loc70 = loc(callsite(#loc7 at #loc48))
#loc71 = loc(callsite(#loc9 at #loc48))
#loc72 = loc(callsite(#loc7 at #loc49))
#loc73 = loc(callsite(#loc9 at #loc49))
#loc74 = loc(callsite(#loc7 at #loc50))
#loc75 = loc(callsite(#loc9 at #loc50))
#loc76 = loc(callsite(#loc52 at #loc14))
#loc77 = loc(callsite(#loc53 at #loc14))
#loc78 = loc(callsite(#loc54 at #loc14))
#loc79 = loc(callsite(#loc55 at #loc14))
#loc80 = loc(callsite(#loc56 at #loc14))
#loc81 = loc(callsite(#loc57 at #loc14))
#loc82 = loc(callsite(#loc58 at #loc14))
#loc83 = loc(callsite(#loc59 at #loc14))
#loc84 = loc(callsite(#loc60 at #loc14))


// -----// IR Dump Before TritonGPUCoalesce (tritongpu-coalesce) ('builtin.module' operation) //----- //
#blocked = #ttg.blocked<{sizePerThread = [1, 1], threadsPerWarp = [1, 32], warpsPerCTA = [2, 4], order = [1, 0]}>
#blocked1 = #ttg.blocked<{sizePerThread = [1, 1], threadsPerWarp = [32, 1], warpsPerCTA = [4, 2], order = [0, 1]}>
#blocked2 = #ttg.blocked<{sizePerThread = [4, 4], threadsPerWarp = [1, 32], warpsPerCTA = [8, 1], order = [1, 0]}>
#loc = loc("/home/scratch.egaburov_sw/oai-triton/triton-src/triton-solid-01.git/python/test/unit/language/test_warp_specialization.py":294:0)
#loc36 = loc("a_ptr"(#loc))
#loc37 = loc("b_ptr"(#loc))
#loc38 = loc("c_ptr"(#loc))
#loc39 = loc("a_stride0"(#loc))
#loc40 = loc("b_stride0"(#loc))
#loc41 = loc("c_stride0"(#loc))
#loc42 = loc("M"(#loc))
#loc43 = loc("N"(#loc))
#loc44 = loc("K"(#loc))
module attributes {"ttg.cluster-dim-x" = 1 : i32, "ttg.cluster-dim-y" = 1 : i32, "ttg.cluster-dim-z" = 1 : i32, ttg.max_reg_auto_ws = 152 : i32, ttg.min_reg_auto_ws = 24 : i32, "ttg.num-ctas" = 1 : i32, "ttg.num-warps" = 8 : i32, ttg.target = "cuda:103", "ttg.threads-per-warp" = 32 : i32} {
  tt.func public @matmul_tma_persistent_ws_kernel(%a_ptr: !tt.ptr<f16> {tt.divisibility = 16 : i32} loc("a_ptr"(#loc)), %b_ptr: !tt.ptr<f16> {tt.divisibility = 16 : i32} loc("b_ptr"(#loc)), %c_ptr: !tt.ptr<f16> {tt.divisibility = 16 : i32} loc("c_ptr"(#loc)), %a_stride0: i32 {tt.divisibility = 16 : i32} loc("a_stride0"(#loc)), %b_stride0: i32 {tt.divisibility = 16 : i32} loc("b_stride0"(#loc)), %c_stride0: i32 {tt.divisibility = 16 : i32} loc("c_stride0"(#loc)), %M: i32 {tt.divisibility = 16 : i32} loc("M"(#loc)), %N: i32 {tt.divisibility = 16 : i32} loc("N"(#loc)), %K: i32 {tt.divisibility = 16 : i32} loc("K"(#loc))) attributes {noinline = false} {
    %cst = arith.constant dense<0.000000e+00> : tensor<128x128xf32, #blocked> loc(#loc1)
    %c8_i32 = arith.constant 8 : i32 loc(#loc1)
    %c127_i32 = arith.constant 127 : i32 loc(#loc1)
    %c1_i32 = arith.constant 1 : i32 loc(#loc1)
    %c0_i32 = arith.constant 0 : i32 loc(#loc1)
    %c150_i32 = arith.constant 150 : i32 loc(#loc2)
    %c128_i32 = arith.constant 128 : i32 loc(#loc1)
    %c1_i64 = arith.constant 1 : i64 loc(#loc1)
    %a_desc = arith.extsi %a_stride0 : i32 to i64 loc(#loc45)
    %a_desc_0 = tt.make_tensor_descriptor %a_ptr, [%M, %K], [%a_desc, %c1_i64] : !tt.ptr<f16>, !tt.tensordesc<tensor<128x128xf16>> loc(#loc45)
    %b_desc = arith.extsi %b_stride0 : i32 to i64 loc(#loc46)
    %b_desc_1 = tt.make_tensor_descriptor %b_ptr, [%N, %K], [%b_desc, %c1_i64] : !tt.ptr<f16>, !tt.tensordesc<tensor<128x128xf16>> loc(#loc46)
    %c_desc = arith.extsi %c_stride0 : i32 to i64 loc(#loc47)
    %c_desc_2 = tt.make_tensor_descriptor %c_ptr, [%M, %N], [%c_desc, %c1_i64] : !tt.ptr<f16>, !tt.tensordesc<tensor<128x128xf16>> loc(#loc47)
    %start_pid = tt.get_program_id x : i32 loc(#loc48)
    %num_pid_m = arith.addi %M, %c127_i32 : i32 loc(#loc72)
    %num_pid_m_3 = arith.divsi %num_pid_m, %c128_i32 : i32 loc(#loc73)
    %num_pid_n = arith.addi %N, %c127_i32 : i32 loc(#loc74)
    %num_pid_n_4 = arith.divsi %num_pid_n, %c128_i32 : i32 loc(#loc75)
    %k_tiles = arith.addi %K, %c127_i32 : i32 loc(#loc76)
    %k_tiles_5 = arith.divsi %k_tiles, %c128_i32 : i32 loc(#loc77)
    %num_tiles = arith.muli %num_pid_m_3, %num_pid_n_4 : i32 loc(#loc52)
    scf.for %tile_id = %start_pid to %num_tiles step %c150_i32  : i32 {
      %num_pid_in_group = arith.muli %num_pid_n_4, %c8_i32 : i32 loc(#loc78)
      %group_id = arith.divsi %tile_id, %num_pid_in_group : i32 loc(#loc79)
      %first_pid_m = arith.muli %group_id, %c8_i32 : i32 loc(#loc80)
      %group_size_m = arith.subi %num_pid_m_3, %first_pid_m : i32 loc(#loc81)
      %group_size_m_6 = arith.minsi %group_size_m, %c8_i32 : i32 loc(#loc82)
      %pid_m = arith.remsi %tile_id, %group_size_m_6 : i32 loc(#loc83)
      %pid_m_7 = arith.addi %first_pid_m, %pid_m : i32 loc(#loc84)
      %pid_n = arith.remsi %tile_id, %num_pid_in_group : i32 loc(#loc85)
      %pid_n_8 = arith.divsi %pid_n, %group_size_m_6 : i32 loc(#loc86)
      %off_am = arith.muli %pid_m_7, %c128_i32 : i32 loc(#loc62)
      %off_bn = arith.muli %pid_n_8, %c128_i32 : i32 loc(#loc63)
      %accumulator = scf.for %ki = %c0_i32 to %k_tiles_5 step %c1_i32 iter_args(%accumulator_9 = %cst) -> (tensor<128x128xf32, #blocked>)  : i32 {
        %off_k = arith.muli %ki, %c128_i32 : i32 loc(#loc65)
        %a = tt.descriptor_load %a_desc_0[%off_am, %off_k] : !tt.tensordesc<tensor<128x128xf16>> -> tensor<128x128xf16, #blocked> loc(#loc66)
        %b = tt.descriptor_load %b_desc_1[%off_bn, %off_k] : !tt.tensordesc<tensor<128x128xf16>> -> tensor<128x128xf16, #blocked> loc(#loc67)
        %accumulator_10 = tt.trans %b {order = array<i32: 1, 0>} : tensor<128x128xf16, #blocked> -> tensor<128x128xf16, #blocked1> loc(#loc68)
        %accumulator_11 = ttg.convert_layout %accumulator_10 : tensor<128x128xf16, #blocked1> -> tensor<128x128xf16, #blocked> loc(#loc69)
        %a_12 = ttg.convert_layout %a : tensor<128x128xf16, #blocked> -> tensor<128x128xf16, #ttg.dot_op<{opIdx = 0, parent = #blocked2}>> loc(#loc66)
        %accumulator_13 = ttg.convert_layout %accumulator_11 : tensor<128x128xf16, #blocked> -> tensor<128x128xf16, #ttg.dot_op<{opIdx = 1, parent = #blocked2}>> loc(#loc69)
        %accumulator_14 = ttg.convert_layout %accumulator_9 : tensor<128x128xf32, #blocked> -> tensor<128x128xf32, #blocked2> loc(#loc87)
        %accumulator_15 = tt.dot %a_12, %accumulator_13, %accumulator_14, inputPrecision = tf32 : tensor<128x128xf16, #ttg.dot_op<{opIdx = 0, parent = #blocked2}>> * tensor<128x128xf16, #ttg.dot_op<{opIdx = 1, parent = #blocked2}>> -> tensor<128x128xf32, #blocked2> loc(#loc69)
        %0 = ttg.convert_layout %accumulator_15 : tensor<128x128xf32, #blocked2> -> tensor<128x128xf32, #blocked> loc(#loc32)
        scf.yield %0 : tensor<128x128xf32, #blocked> loc(#loc32)
      } loc(#loc64)
      %c = arith.truncf %accumulator : tensor<128x128xf32, #blocked> to tensor<128x128xf16, #blocked> loc(#loc71)
      tt.descriptor_store %c_desc_2[%off_am, %off_bn], %c : !tt.tensordesc<tensor<128x128xf16>>, tensor<128x128xf16, #blocked> loc(#loc34)
    } {tt.flatten, tt.num_stages = 2 : i32, tt.warp_specialize} loc(#loc2)
    tt.return loc(#loc35)
  } loc(#loc)
} loc(#loc)
#loc1 = loc(unknown)
#loc2 = loc("/home/scratch.egaburov_sw/oai-triton/triton-src/triton-solid-01.git/python/test/unit/language/test_warp_specialization.py":323:28)
#loc3 = loc("/home/scratch.egaburov_sw/oai-triton/triton-src/triton-solid-01.git/python/test/unit/language/test_warp_specialization.py":309:39)
#loc4 = loc("/home/scratch.egaburov_sw/oai-triton/triton-src/triton-solid-01.git/python/test/unit/language/test_warp_specialization.py":311:39)
#loc5 = loc("/home/scratch.egaburov_sw/oai-triton/triton-src/triton-solid-01.git/python/test/unit/language/test_warp_specialization.py":313:39)
#loc6 = loc("/home/scratch.egaburov_sw/oai-triton/triton-src/triton-solid-01.git/python/test/unit/language/test_warp_specialization.py":316:30)
#loc7 = loc("/home/scratch.egaburov_sw/oai-triton/triton-src/triton-solid-01.git/python/triton/language/standard.py":43:17)
#loc8 = loc("/home/scratch.egaburov_sw/oai-triton/triton-src/triton-solid-01.git/python/test/unit/language/test_warp_specialization.py":317:27)
#loc9 = loc("/home/scratch.egaburov_sw/oai-triton/triton-src/triton-solid-01.git/python/triton/language/standard.py":43:30)
#loc10 = loc("/home/scratch.egaburov_sw/oai-triton/triton-src/triton-solid-01.git/python/test/unit/language/test_warp_specialization.py":318:27)
#loc11 = loc("/home/scratch.egaburov_sw/oai-triton/triton-src/triton-solid-01.git/python/test/unit/language/test_warp_specialization.py":319:25)
#loc12 = loc("/home/scratch.egaburov_sw/oai-triton/triton-src/triton-solid-01.git/python/test/unit/language/test_warp_specialization.py":320:28)
#loc13 = loc("/home/scratch.egaburov_sw/oai-triton/triton-src/triton-solid-01.git/python/test/unit/language/test_warp_specialization.py":191:38)
#loc14 = loc("/home/scratch.egaburov_sw/oai-triton/triton-src/triton-solid-01.git/python/test/unit/language/test_warp_specialization.py":324:67)
#loc15 = loc("/home/scratch.egaburov_sw/oai-triton/triton-src/triton-solid-01.git/python/test/unit/language/test_warp_specialization.py":192:26)
#loc16 = loc("/home/scratch.egaburov_sw/oai-triton/triton-src/triton-solid-01.git/python/test/unit/language/test_warp_specialization.py":193:29)
#loc17 = loc("/home/scratch.egaburov_sw/oai-triton/triton-src/triton-solid-01.git/python/test/unit/language/test_warp_specialization.py":194:35)
#loc18 = loc("/home/scratch.egaburov_sw/oai-triton/triton-src/triton-solid-01.git/python/test/unit/language/test_warp_specialization.py":194:48)
#loc19 = loc("/home/scratch.egaburov_sw/oai-triton/triton-src/triton-solid-01.git/python/test/unit/language/test_warp_specialization.py":195:37)
#loc20 = loc("/home/scratch.egaburov_sw/oai-triton/triton-src/triton-solid-01.git/python/test/unit/language/test_warp_specialization.py":195:27)
#loc21 = loc("/home/scratch.egaburov_sw/oai-triton/triton-src/triton-solid-01.git/python/test/unit/language/test_warp_specialization.py":196:23)
#loc22 = loc("/home/scratch.egaburov_sw/oai-triton/triton-src/triton-solid-01.git/python/test/unit/language/test_warp_specialization.py":196:44)
#loc23 = loc("/home/scratch.egaburov_sw/oai-triton/triton-src/triton-solid-01.git/python/test/unit/language/test_warp_specialization.py":326:25)
#loc24 = loc("/home/scratch.egaburov_sw/oai-triton/triton-src/triton-solid-01.git/python/test/unit/language/test_warp_specialization.py":327:25)
#loc25 = loc("/home/scratch.egaburov_sw/oai-triton/triton-src/triton-solid-01.git/python/test/unit/language/test_warp_specialization.py":329:24)
#loc26 = loc("/home/scratch.egaburov_sw/oai-triton/triton-src/triton-solid-01.git/python/test/unit/language/test_warp_specialization.py":330:25)
#loc27 = loc("/home/scratch.egaburov_sw/oai-triton/triton-src/triton-solid-01.git/python/test/unit/language/test_warp_specialization.py":331:28)
#loc28 = loc("/home/scratch.egaburov_sw/oai-triton/triton-src/triton-solid-01.git/python/test/unit/language/test_warp_specialization.py":332:28)
#loc29 = loc("/home/scratch.egaburov_sw/oai-triton/triton-src/triton-solid-01.git/python/test/unit/language/test_warp_specialization.py":333:36)
#loc30 = loc("/home/scratch.egaburov_sw/oai-triton/triton-src/triton-solid-01.git/python/test/unit/language/test_warp_specialization.py":333:41)
#loc31 = loc("/home/scratch.egaburov_sw/oai-triton/triton-src/triton-solid-01.git/python/test/unit/language/test_warp_specialization.py":328:31)
#loc32 = loc("/home/scratch.egaburov_sw/oai-triton/triton-src/triton-solid-01.git/python/test/unit/language/test_warp_specialization.py":333:12)
#loc33 = loc("/home/scratch.egaburov_sw/oai-triton/triton-src/triton-solid-01.git/python/test/unit/language/test_warp_specialization.py":335:27)
#loc34 = loc("/home/scratch.egaburov_sw/oai-triton/triton-src/triton-solid-01.git/python/test/unit/language/test_warp_specialization.py":336:39)
#loc35 = loc("/home/scratch.egaburov_sw/oai-triton/triton-src/triton-solid-01.git/python/test/unit/language/test_warp_specialization.py":322:4)
#loc45 = loc("a_desc"(#loc3))
#loc46 = loc("b_desc"(#loc4))
#loc47 = loc("c_desc"(#loc5))
#loc48 = loc("start_pid"(#loc6))
#loc49 = loc("num_pid_m"(#loc8))
#loc50 = loc("num_pid_n"(#loc10))
#loc51 = loc("k_tiles"(#loc11))
#loc52 = loc("num_tiles"(#loc12))
#loc53 = loc("num_pid_in_group"(#loc13))
#loc54 = loc("group_id"(#loc15))
#loc55 = loc("first_pid_m"(#loc16))
#loc56 = loc("group_size_m"(#loc17))
#loc57 = loc("group_size_m"(#loc18))
#loc58 = loc("pid_m"(#loc19))
#loc59 = loc("pid_m"(#loc20))
#loc60 = loc("pid_n"(#loc21))
#loc61 = loc("pid_n"(#loc22))
#loc62 = loc("off_am"(#loc23))
#loc63 = loc("off_bn"(#loc24))
#loc64 = loc("accumulator"(#loc25))
#loc65 = loc("off_k"(#loc26))
#loc66 = loc("a"(#loc27))
#loc67 = loc("b"(#loc28))
#loc68 = loc("accumulator"(#loc29))
#loc69 = loc("accumulator"(#loc30))
#loc70 = loc("accumulator"(#loc31))
#loc71 = loc("c"(#loc33))
#loc72 = loc(callsite(#loc7 at #loc49))
#loc73 = loc(callsite(#loc9 at #loc49))
#loc74 = loc(callsite(#loc7 at #loc50))
#loc75 = loc(callsite(#loc9 at #loc50))
#loc76 = loc(callsite(#loc7 at #loc51))
#loc77 = loc(callsite(#loc9 at #loc51))
#loc78 = loc(callsite(#loc53 at #loc14))
#loc79 = loc(callsite(#loc54 at #loc14))
#loc80 = loc(callsite(#loc55 at #loc14))
#loc81 = loc(callsite(#loc56 at #loc14))
#loc82 = loc(callsite(#loc57 at #loc14))
#loc83 = loc(callsite(#loc58 at #loc14))
#loc84 = loc(callsite(#loc59 at #loc14))
#loc85 = loc(callsite(#loc60 at #loc14))
#loc86 = loc(callsite(#loc61 at #loc14))
#loc87 = loc("accumulator"(#loc70))


// -----// IR Dump Before TlxPropagateLayout (tlx-propagate-layout) ('builtin.module' operation) //----- //
#blocked = #ttg.blocked<{sizePerThread = [1, 1], threadsPerWarp = [1, 32], warpsPerCTA = [2, 4], order = [1, 0]}>
#blocked1 = #ttg.blocked<{sizePerThread = [1, 8], threadsPerWarp = [2, 16], warpsPerCTA = [8, 1], order = [1, 0]}>
#blocked2 = #ttg.blocked<{sizePerThread = [1, 1], threadsPerWarp = [32, 1], warpsPerCTA = [4, 2], order = [0, 1]}>
#blocked3 = #ttg.blocked<{sizePerThread = [4, 4], threadsPerWarp = [1, 32], warpsPerCTA = [8, 1], order = [1, 0]}>
#loc = loc("/home/scratch.egaburov_sw/oai-triton/triton-src/triton-solid-01.git/python/test/unit/language/test_warp_specialization.py":294:0)
#loc36 = loc("a_ptr"(#loc))
#loc37 = loc("b_ptr"(#loc))
#loc38 = loc("c_ptr"(#loc))
#loc39 = loc("a_stride0"(#loc))
#loc40 = loc("b_stride0"(#loc))
#loc41 = loc("c_stride0"(#loc))
#loc42 = loc("M"(#loc))
#loc43 = loc("N"(#loc))
#loc44 = loc("K"(#loc))
module attributes {"ttg.cluster-dim-x" = 1 : i32, "ttg.cluster-dim-y" = 1 : i32, "ttg.cluster-dim-z" = 1 : i32, ttg.max_reg_auto_ws = 152 : i32, ttg.min_reg_auto_ws = 24 : i32, "ttg.num-ctas" = 1 : i32, "ttg.num-warps" = 8 : i32, ttg.target = "cuda:103", "ttg.threads-per-warp" = 32 : i32} {
  tt.func public @matmul_tma_persistent_ws_kernel(%a_ptr: !tt.ptr<f16> {tt.divisibility = 16 : i32} loc("a_ptr"(#loc)), %b_ptr: !tt.ptr<f16> {tt.divisibility = 16 : i32} loc("b_ptr"(#loc)), %c_ptr: !tt.ptr<f16> {tt.divisibility = 16 : i32} loc("c_ptr"(#loc)), %a_stride0: i32 {tt.divisibility = 16 : i32} loc("a_stride0"(#loc)), %b_stride0: i32 {tt.divisibility = 16 : i32} loc("b_stride0"(#loc)), %c_stride0: i32 {tt.divisibility = 16 : i32} loc("c_stride0"(#loc)), %M: i32 {tt.divisibility = 16 : i32} loc("M"(#loc)), %N: i32 {tt.divisibility = 16 : i32} loc("N"(#loc)), %K: i32 {tt.divisibility = 16 : i32} loc("K"(#loc))) attributes {noinline = false} {
    %cst = arith.constant dense<0.000000e+00> : tensor<128x128xf32, #blocked> loc(#loc1)
    %c8_i32 = arith.constant 8 : i32 loc(#loc1)
    %c127_i32 = arith.constant 127 : i32 loc(#loc1)
    %c1_i32 = arith.constant 1 : i32 loc(#loc1)
    %c0_i32 = arith.constant 0 : i32 loc(#loc1)
    %c150_i32 = arith.constant 150 : i32 loc(#loc2)
    %c128_i32 = arith.constant 128 : i32 loc(#loc1)
    %c1_i64 = arith.constant 1 : i64 loc(#loc1)
    %a_desc = arith.extsi %a_stride0 : i32 to i64 loc(#loc45)
    %a_desc_0 = tt.make_tensor_descriptor %a_ptr, [%M, %K], [%a_desc, %c1_i64] : !tt.ptr<f16>, !tt.tensordesc<tensor<128x128xf16>> loc(#loc45)
    %b_desc = arith.extsi %b_stride0 : i32 to i64 loc(#loc46)
    %b_desc_1 = tt.make_tensor_descriptor %b_ptr, [%N, %K], [%b_desc, %c1_i64] : !tt.ptr<f16>, !tt.tensordesc<tensor<128x128xf16>> loc(#loc46)
    %c_desc = arith.extsi %c_stride0 : i32 to i64 loc(#loc47)
    %c_desc_2 = tt.make_tensor_descriptor %c_ptr, [%M, %N], [%c_desc, %c1_i64] : !tt.ptr<f16>, !tt.tensordesc<tensor<128x128xf16>> loc(#loc47)
    %start_pid = tt.get_program_id x : i32 loc(#loc48)
    %num_pid_m = arith.addi %M, %c127_i32 : i32 loc(#loc72)
    %num_pid_m_3 = arith.divsi %num_pid_m, %c128_i32 : i32 loc(#loc73)
    %num_pid_n = arith.addi %N, %c127_i32 : i32 loc(#loc74)
    %num_pid_n_4 = arith.divsi %num_pid_n, %c128_i32 : i32 loc(#loc75)
    %k_tiles = arith.addi %K, %c127_i32 : i32 loc(#loc76)
    %k_tiles_5 = arith.divsi %k_tiles, %c128_i32 : i32 loc(#loc77)
    %num_tiles = arith.muli %num_pid_m_3, %num_pid_n_4 : i32 loc(#loc52)
    scf.for %tile_id = %start_pid to %num_tiles step %c150_i32  : i32 {
      %num_pid_in_group = arith.muli %num_pid_n_4, %c8_i32 : i32 loc(#loc78)
      %group_id = arith.divsi %tile_id, %num_pid_in_group : i32 loc(#loc79)
      %first_pid_m = arith.muli %group_id, %c8_i32 : i32 loc(#loc80)
      %group_size_m = arith.subi %num_pid_m_3, %first_pid_m : i32 loc(#loc81)
      %group_size_m_6 = arith.minsi %group_size_m, %c8_i32 : i32 loc(#loc82)
      %pid_m = arith.remsi %tile_id, %group_size_m_6 : i32 loc(#loc83)
      %pid_m_7 = arith.addi %first_pid_m, %pid_m : i32 loc(#loc84)
      %pid_n = arith.remsi %tile_id, %num_pid_in_group : i32 loc(#loc85)
      %pid_n_8 = arith.divsi %pid_n, %group_size_m_6 : i32 loc(#loc86)
      %off_am = arith.muli %pid_m_7, %c128_i32 : i32 loc(#loc62)
      %off_bn = arith.muli %pid_n_8, %c128_i32 : i32 loc(#loc63)
      %accumulator = scf.for %ki = %c0_i32 to %k_tiles_5 step %c1_i32 iter_args(%accumulator_9 = %cst) -> (tensor<128x128xf32, #blocked>)  : i32 {
        %off_k = arith.muli %ki, %c128_i32 : i32 loc(#loc65)
        %a = tt.descriptor_load %a_desc_0[%off_am, %off_k] : !tt.tensordesc<tensor<128x128xf16>> -> tensor<128x128xf16, #blocked1> loc(#loc66)
        %a_10 = ttg.convert_layout %a : tensor<128x128xf16, #blocked1> -> tensor<128x128xf16, #blocked> loc(#loc66)
        %b = tt.descriptor_load %b_desc_1[%off_bn, %off_k] : !tt.tensordesc<tensor<128x128xf16>> -> tensor<128x128xf16, #blocked1> loc(#loc67)
        %b_11 = ttg.convert_layout %b : tensor<128x128xf16, #blocked1> -> tensor<128x128xf16, #blocked> loc(#loc67)
        %accumulator_12 = tt.trans %b_11 {order = array<i32: 1, 0>} : tensor<128x128xf16, #blocked> -> tensor<128x128xf16, #blocked2> loc(#loc68)
        %accumulator_13 = ttg.convert_layout %accumulator_12 : tensor<128x128xf16, #blocked2> -> tensor<128x128xf16, #blocked> loc(#loc69)
        %a_14 = ttg.convert_layout %a_10 : tensor<128x128xf16, #blocked> -> tensor<128x128xf16, #ttg.dot_op<{opIdx = 0, parent = #blocked3}>> loc(#loc66)
        %accumulator_15 = ttg.convert_layout %accumulator_13 : tensor<128x128xf16, #blocked> -> tensor<128x128xf16, #ttg.dot_op<{opIdx = 1, parent = #blocked3}>> loc(#loc69)
        %accumulator_16 = ttg.convert_layout %accumulator_9 : tensor<128x128xf32, #blocked> -> tensor<128x128xf32, #blocked3> loc(#loc87)
        %accumulator_17 = tt.dot %a_14, %accumulator_15, %accumulator_16, inputPrecision = tf32 : tensor<128x128xf16, #ttg.dot_op<{opIdx = 0, parent = #blocked3}>> * tensor<128x128xf16, #ttg.dot_op<{opIdx = 1, parent = #blocked3}>> -> tensor<128x128xf32, #blocked3> loc(#loc69)
        %1 = ttg.convert_layout %accumulator_17 : tensor<128x128xf32, #blocked3> -> tensor<128x128xf32, #blocked> loc(#loc32)
        scf.yield %1 : tensor<128x128xf32, #blocked> loc(#loc32)
      } loc(#loc64)
      %c = arith.truncf %accumulator : tensor<128x128xf32, #blocked> to tensor<128x128xf16, #blocked> loc(#loc71)
      %0 = ttg.convert_layout %c : tensor<128x128xf16, #blocked> -> tensor<128x128xf16, #blocked1> loc(#loc34)
      tt.descriptor_store %c_desc_2[%off_am, %off_bn], %0 : !tt.tensordesc<tensor<128x128xf16>>, tensor<128x128xf16, #blocked1> loc(#loc34)
    } {tt.flatten, tt.num_stages = 2 : i32, tt.warp_specialize} loc(#loc2)
    tt.return loc(#loc35)
  } loc(#loc)
} loc(#loc)
#loc1 = loc(unknown)
#loc2 = loc("/home/scratch.egaburov_sw/oai-triton/triton-src/triton-solid-01.git/python/test/unit/language/test_warp_specialization.py":323:28)
#loc3 = loc("/home/scratch.egaburov_sw/oai-triton/triton-src/triton-solid-01.git/python/test/unit/language/test_warp_specialization.py":309:39)
#loc4 = loc("/home/scratch.egaburov_sw/oai-triton/triton-src/triton-solid-01.git/python/test/unit/language/test_warp_specialization.py":311:39)
#loc5 = loc("/home/scratch.egaburov_sw/oai-triton/triton-src/triton-solid-01.git/python/test/unit/language/test_warp_specialization.py":313:39)
#loc6 = loc("/home/scratch.egaburov_sw/oai-triton/triton-src/triton-solid-01.git/python/test/unit/language/test_warp_specialization.py":316:30)
#loc7 = loc("/home/scratch.egaburov_sw/oai-triton/triton-src/triton-solid-01.git/python/triton/language/standard.py":43:17)
#loc8 = loc("/home/scratch.egaburov_sw/oai-triton/triton-src/triton-solid-01.git/python/test/unit/language/test_warp_specialization.py":317:27)
#loc9 = loc("/home/scratch.egaburov_sw/oai-triton/triton-src/triton-solid-01.git/python/triton/language/standard.py":43:30)
#loc10 = loc("/home/scratch.egaburov_sw/oai-triton/triton-src/triton-solid-01.git/python/test/unit/language/test_warp_specialization.py":318:27)
#loc11 = loc("/home/scratch.egaburov_sw/oai-triton/triton-src/triton-solid-01.git/python/test/unit/language/test_warp_specialization.py":319:25)
#loc12 = loc("/home/scratch.egaburov_sw/oai-triton/triton-src/triton-solid-01.git/python/test/unit/language/test_warp_specialization.py":320:28)
#loc13 = loc("/home/scratch.egaburov_sw/oai-triton/triton-src/triton-solid-01.git/python/test/unit/language/test_warp_specialization.py":191:38)
#loc14 = loc("/home/scratch.egaburov_sw/oai-triton/triton-src/triton-solid-01.git/python/test/unit/language/test_warp_specialization.py":324:67)
#loc15 = loc("/home/scratch.egaburov_sw/oai-triton/triton-src/triton-solid-01.git/python/test/unit/language/test_warp_specialization.py":192:26)
#loc16 = loc("/home/scratch.egaburov_sw/oai-triton/triton-src/triton-solid-01.git/python/test/unit/language/test_warp_specialization.py":193:29)
#loc17 = loc("/home/scratch.egaburov_sw/oai-triton/triton-src/triton-solid-01.git/python/test/unit/language/test_warp_specialization.py":194:35)
#loc18 = loc("/home/scratch.egaburov_sw/oai-triton/triton-src/triton-solid-01.git/python/test/unit/language/test_warp_specialization.py":194:48)
#loc19 = loc("/home/scratch.egaburov_sw/oai-triton/triton-src/triton-solid-01.git/python/test/unit/language/test_warp_specialization.py":195:37)
#loc20 = loc("/home/scratch.egaburov_sw/oai-triton/triton-src/triton-solid-01.git/python/test/unit/language/test_warp_specialization.py":195:27)
#loc21 = loc("/home/scratch.egaburov_sw/oai-triton/triton-src/triton-solid-01.git/python/test/unit/language/test_warp_specialization.py":196:23)
#loc22 = loc("/home/scratch.egaburov_sw/oai-triton/triton-src/triton-solid-01.git/python/test/unit/language/test_warp_specialization.py":196:44)
#loc23 = loc("/home/scratch.egaburov_sw/oai-triton/triton-src/triton-solid-01.git/python/test/unit/language/test_warp_specialization.py":326:25)
#loc24 = loc("/home/scratch.egaburov_sw/oai-triton/triton-src/triton-solid-01.git/python/test/unit/language/test_warp_specialization.py":327:25)
#loc25 = loc("/home/scratch.egaburov_sw/oai-triton/triton-src/triton-solid-01.git/python/test/unit/language/test_warp_specialization.py":329:24)
#loc26 = loc("/home/scratch.egaburov_sw/oai-triton/triton-src/triton-solid-01.git/python/test/unit/language/test_warp_specialization.py":330:25)
#loc27 = loc("/home/scratch.egaburov_sw/oai-triton/triton-src/triton-solid-01.git/python/test/unit/language/test_warp_specialization.py":331:28)
#loc28 = loc("/home/scratch.egaburov_sw/oai-triton/triton-src/triton-solid-01.git/python/test/unit/language/test_warp_specialization.py":332:28)
#loc29 = loc("/home/scratch.egaburov_sw/oai-triton/triton-src/triton-solid-01.git/python/test/unit/language/test_warp_specialization.py":333:36)
#loc30 = loc("/home/scratch.egaburov_sw/oai-triton/triton-src/triton-solid-01.git/python/test/unit/language/test_warp_specialization.py":333:41)
#loc31 = loc("/home/scratch.egaburov_sw/oai-triton/triton-src/triton-solid-01.git/python/test/unit/language/test_warp_specialization.py":328:31)
#loc32 = loc("/home/scratch.egaburov_sw/oai-triton/triton-src/triton-solid-01.git/python/test/unit/language/test_warp_specialization.py":333:12)
#loc33 = loc("/home/scratch.egaburov_sw/oai-triton/triton-src/triton-solid-01.git/python/test/unit/language/test_warp_specialization.py":335:27)
#loc34 = loc("/home/scratch.egaburov_sw/oai-triton/triton-src/triton-solid-01.git/python/test/unit/language/test_warp_specialization.py":336:39)
#loc35 = loc("/home/scratch.egaburov_sw/oai-triton/triton-src/triton-solid-01.git/python/test/unit/language/test_warp_specialization.py":322:4)
#loc45 = loc("a_desc"(#loc3))
#loc46 = loc("b_desc"(#loc4))
#loc47 = loc("c_desc"(#loc5))
#loc48 = loc("start_pid"(#loc6))
#loc49 = loc("num_pid_m"(#loc8))
#loc50 = loc("num_pid_n"(#loc10))
#loc51 = loc("k_tiles"(#loc11))
#loc52 = loc("num_tiles"(#loc12))
#loc53 = loc("num_pid_in_group"(#loc13))
#loc54 = loc("group_id"(#loc15))
#loc55 = loc("first_pid_m"(#loc16))
#loc56 = loc("group_size_m"(#loc17))
#loc57 = loc("group_size_m"(#loc18))
#loc58 = loc("pid_m"(#loc19))
#loc59 = loc("pid_m"(#loc20))
#loc60 = loc("pid_n"(#loc21))
#loc61 = loc("pid_n"(#loc22))
#loc62 = loc("off_am"(#loc23))
#loc63 = loc("off_bn"(#loc24))
#loc64 = loc("accumulator"(#loc25))
#loc65 = loc("off_k"(#loc26))
#loc66 = loc("a"(#loc27))
#loc67 = loc("b"(#loc28))
#loc68 = loc("accumulator"(#loc29))
#loc69 = loc("accumulator"(#loc30))
#loc70 = loc("accumulator"(#loc31))
#loc71 = loc("c"(#loc33))
#loc72 = loc(callsite(#loc7 at #loc49))
#loc73 = loc(callsite(#loc9 at #loc49))
#loc74 = loc(callsite(#loc7 at #loc50))
#loc75 = loc(callsite(#loc9 at #loc50))
#loc76 = loc(callsite(#loc7 at #loc51))
#loc77 = loc(callsite(#loc9 at #loc51))
#loc78 = loc(callsite(#loc53 at #loc14))
#loc79 = loc(callsite(#loc54 at #loc14))
#loc80 = loc(callsite(#loc55 at #loc14))
#loc81 = loc(callsite(#loc56 at #loc14))
#loc82 = loc(callsite(#loc57 at #loc14))
#loc83 = loc(callsite(#loc58 at #loc14))
#loc84 = loc(callsite(#loc59 at #loc14))
#loc85 = loc(callsite(#loc60 at #loc14))
#loc86 = loc(callsite(#loc61 at #loc14))
#loc87 = loc("accumulator"(#loc70))


// -----// IR Dump Before TLXRewriteLocalAlias (tlx-rewrite-local-alias) ('builtin.module' operation) //----- //
#blocked = #ttg.blocked<{sizePerThread = [1, 1], threadsPerWarp = [1, 32], warpsPerCTA = [2, 4], order = [1, 0]}>
#blocked1 = #ttg.blocked<{sizePerThread = [1, 8], threadsPerWarp = [2, 16], warpsPerCTA = [8, 1], order = [1, 0]}>
#blocked2 = #ttg.blocked<{sizePerThread = [1, 1], threadsPerWarp = [32, 1], warpsPerCTA = [4, 2], order = [0, 1]}>
#blocked3 = #ttg.blocked<{sizePerThread = [4, 4], threadsPerWarp = [1, 32], warpsPerCTA = [8, 1], order = [1, 0]}>
#loc = loc("/home/scratch.egaburov_sw/oai-triton/triton-src/triton-solid-01.git/python/test/unit/language/test_warp_specialization.py":294:0)
#loc36 = loc("a_ptr"(#loc))
#loc37 = loc("b_ptr"(#loc))
#loc38 = loc("c_ptr"(#loc))
#loc39 = loc("a_stride0"(#loc))
#loc40 = loc("b_stride0"(#loc))
#loc41 = loc("c_stride0"(#loc))
#loc42 = loc("M"(#loc))
#loc43 = loc("N"(#loc))
#loc44 = loc("K"(#loc))
module attributes {"ttg.cluster-dim-x" = 1 : i32, "ttg.cluster-dim-y" = 1 : i32, "ttg.cluster-dim-z" = 1 : i32, ttg.max_reg_auto_ws = 152 : i32, ttg.min_reg_auto_ws = 24 : i32, "ttg.num-ctas" = 1 : i32, "ttg.num-warps" = 8 : i32, ttg.target = "cuda:103", "ttg.threads-per-warp" = 32 : i32} {
  tt.func public @matmul_tma_persistent_ws_kernel(%a_ptr: !tt.ptr<f16> {tt.divisibility = 16 : i32} loc("a_ptr"(#loc)), %b_ptr: !tt.ptr<f16> {tt.divisibility = 16 : i32} loc("b_ptr"(#loc)), %c_ptr: !tt.ptr<f16> {tt.divisibility = 16 : i32} loc("c_ptr"(#loc)), %a_stride0: i32 {tt.divisibility = 16 : i32} loc("a_stride0"(#loc)), %b_stride0: i32 {tt.divisibility = 16 : i32} loc("b_stride0"(#loc)), %c_stride0: i32 {tt.divisibility = 16 : i32} loc("c_stride0"(#loc)), %M: i32 {tt.divisibility = 16 : i32} loc("M"(#loc)), %N: i32 {tt.divisibility = 16 : i32} loc("N"(#loc)), %K: i32 {tt.divisibility = 16 : i32} loc("K"(#loc))) attributes {noinline = false} {
    %cst = arith.constant dense<0.000000e+00> : tensor<128x128xf32, #blocked> loc(#loc1)
    %c8_i32 = arith.constant 8 : i32 loc(#loc1)
    %c127_i32 = arith.constant 127 : i32 loc(#loc1)
    %c1_i32 = arith.constant 1 : i32 loc(#loc1)
    %c0_i32 = arith.constant 0 : i32 loc(#loc1)
    %c150_i32 = arith.constant 150 : i32 loc(#loc2)
    %c128_i32 = arith.constant 128 : i32 loc(#loc1)
    %c1_i64 = arith.constant 1 : i64 loc(#loc1)
    %a_desc = arith.extsi %a_stride0 : i32 to i64 loc(#loc45)
    %a_desc_0 = tt.make_tensor_descriptor %a_ptr, [%M, %K], [%a_desc, %c1_i64] : !tt.ptr<f16>, !tt.tensordesc<tensor<128x128xf16>> loc(#loc45)
    %b_desc = arith.extsi %b_stride0 : i32 to i64 loc(#loc46)
    %b_desc_1 = tt.make_tensor_descriptor %b_ptr, [%N, %K], [%b_desc, %c1_i64] : !tt.ptr<f16>, !tt.tensordesc<tensor<128x128xf16>> loc(#loc46)
    %c_desc = arith.extsi %c_stride0 : i32 to i64 loc(#loc47)
    %c_desc_2 = tt.make_tensor_descriptor %c_ptr, [%M, %N], [%c_desc, %c1_i64] : !tt.ptr<f16>, !tt.tensordesc<tensor<128x128xf16>> loc(#loc47)
    %start_pid = tt.get_program_id x : i32 loc(#loc48)
    %num_pid_m = arith.addi %M, %c127_i32 : i32 loc(#loc72)
    %num_pid_m_3 = arith.divsi %num_pid_m, %c128_i32 : i32 loc(#loc73)
    %num_pid_n = arith.addi %N, %c127_i32 : i32 loc(#loc74)
    %num_pid_n_4 = arith.divsi %num_pid_n, %c128_i32 : i32 loc(#loc75)
    %k_tiles = arith.addi %K, %c127_i32 : i32 loc(#loc76)
    %k_tiles_5 = arith.divsi %k_tiles, %c128_i32 : i32 loc(#loc77)
    %num_tiles = arith.muli %num_pid_m_3, %num_pid_n_4 : i32 loc(#loc52)
    scf.for %tile_id = %start_pid to %num_tiles step %c150_i32  : i32 {
      %num_pid_in_group = arith.muli %num_pid_n_4, %c8_i32 : i32 loc(#loc78)
      %group_id = arith.divsi %tile_id, %num_pid_in_group : i32 loc(#loc79)
      %first_pid_m = arith.muli %group_id, %c8_i32 : i32 loc(#loc80)
      %group_size_m = arith.subi %num_pid_m_3, %first_pid_m : i32 loc(#loc81)
      %group_size_m_6 = arith.minsi %group_size_m, %c8_i32 : i32 loc(#loc82)
      %pid_m = arith.remsi %tile_id, %group_size_m_6 : i32 loc(#loc83)
      %pid_m_7 = arith.addi %first_pid_m, %pid_m : i32 loc(#loc84)
      %pid_n = arith.remsi %tile_id, %num_pid_in_group : i32 loc(#loc85)
      %pid_n_8 = arith.divsi %pid_n, %group_size_m_6 : i32 loc(#loc86)
      %off_am = arith.muli %pid_m_7, %c128_i32 : i32 loc(#loc62)
      %off_bn = arith.muli %pid_n_8, %c128_i32 : i32 loc(#loc63)
      %accumulator = scf.for %ki = %c0_i32 to %k_tiles_5 step %c1_i32 iter_args(%accumulator_9 = %cst) -> (tensor<128x128xf32, #blocked>)  : i32 {
        %off_k = arith.muli %ki, %c128_i32 : i32 loc(#loc65)
        %a = tt.descriptor_load %a_desc_0[%off_am, %off_k] : !tt.tensordesc<tensor<128x128xf16>> -> tensor<128x128xf16, #blocked1> loc(#loc66)
        %a_10 = ttg.convert_layout %a : tensor<128x128xf16, #blocked1> -> tensor<128x128xf16, #blocked> loc(#loc66)
        %b = tt.descriptor_load %b_desc_1[%off_bn, %off_k] : !tt.tensordesc<tensor<128x128xf16>> -> tensor<128x128xf16, #blocked1> loc(#loc67)
        %b_11 = ttg.convert_layout %b : tensor<128x128xf16, #blocked1> -> tensor<128x128xf16, #blocked> loc(#loc67)
        %accumulator_12 = tt.trans %b_11 {order = array<i32: 1, 0>} : tensor<128x128xf16, #blocked> -> tensor<128x128xf16, #blocked2> loc(#loc68)
        %accumulator_13 = ttg.convert_layout %accumulator_12 : tensor<128x128xf16, #blocked2> -> tensor<128x128xf16, #blocked> loc(#loc69)
        %a_14 = ttg.convert_layout %a_10 : tensor<128x128xf16, #blocked> -> tensor<128x128xf16, #ttg.dot_op<{opIdx = 0, parent = #blocked3}>> loc(#loc66)
        %accumulator_15 = ttg.convert_layout %accumulator_13 : tensor<128x128xf16, #blocked> -> tensor<128x128xf16, #ttg.dot_op<{opIdx = 1, parent = #blocked3}>> loc(#loc69)
        %accumulator_16 = ttg.convert_layout %accumulator_9 : tensor<128x128xf32, #blocked> -> tensor<128x128xf32, #blocked3> loc(#loc87)
        %accumulator_17 = tt.dot %a_14, %accumulator_15, %accumulator_16, inputPrecision = tf32 : tensor<128x128xf16, #ttg.dot_op<{opIdx = 0, parent = #blocked3}>> * tensor<128x128xf16, #ttg.dot_op<{opIdx = 1, parent = #blocked3}>> -> tensor<128x128xf32, #blocked3> loc(#loc69)
        %1 = ttg.convert_layout %accumulator_17 : tensor<128x128xf32, #blocked3> -> tensor<128x128xf32, #blocked> loc(#loc32)
        scf.yield %1 : tensor<128x128xf32, #blocked> loc(#loc32)
      } loc(#loc64)
      %c = arith.truncf %accumulator : tensor<128x128xf32, #blocked> to tensor<128x128xf16, #blocked> loc(#loc71)
      %0 = ttg.convert_layout %c : tensor<128x128xf16, #blocked> -> tensor<128x128xf16, #blocked1> loc(#loc34)
      tt.descriptor_store %c_desc_2[%off_am, %off_bn], %0 : !tt.tensordesc<tensor<128x128xf16>>, tensor<128x128xf16, #blocked1> loc(#loc34)
    } {tt.flatten, tt.num_stages = 2 : i32, tt.warp_specialize} loc(#loc2)
    tt.return loc(#loc35)
  } loc(#loc)
} loc(#loc)
#loc1 = loc(unknown)
#loc2 = loc("/home/scratch.egaburov_sw/oai-triton/triton-src/triton-solid-01.git/python/test/unit/language/test_warp_specialization.py":323:28)
#loc3 = loc("/home/scratch.egaburov_sw/oai-triton/triton-src/triton-solid-01.git/python/test/unit/language/test_warp_specialization.py":309:39)
#loc4 = loc("/home/scratch.egaburov_sw/oai-triton/triton-src/triton-solid-01.git/python/test/unit/language/test_warp_specialization.py":311:39)
#loc5 = loc("/home/scratch.egaburov_sw/oai-triton/triton-src/triton-solid-01.git/python/test/unit/language/test_warp_specialization.py":313:39)
#loc6 = loc("/home/scratch.egaburov_sw/oai-triton/triton-src/triton-solid-01.git/python/test/unit/language/test_warp_specialization.py":316:30)
#loc7 = loc("/home/scratch.egaburov_sw/oai-triton/triton-src/triton-solid-01.git/python/triton/language/standard.py":43:17)
#loc8 = loc("/home/scratch.egaburov_sw/oai-triton/triton-src/triton-solid-01.git/python/test/unit/language/test_warp_specialization.py":317:27)
#loc9 = loc("/home/scratch.egaburov_sw/oai-triton/triton-src/triton-solid-01.git/python/triton/language/standard.py":43:30)
#loc10 = loc("/home/scratch.egaburov_sw/oai-triton/triton-src/triton-solid-01.git/python/test/unit/language/test_warp_specialization.py":318:27)
#loc11 = loc("/home/scratch.egaburov_sw/oai-triton/triton-src/triton-solid-01.git/python/test/unit/language/test_warp_specialization.py":319:25)
#loc12 = loc("/home/scratch.egaburov_sw/oai-triton/triton-src/triton-solid-01.git/python/test/unit/language/test_warp_specialization.py":320:28)
#loc13 = loc("/home/scratch.egaburov_sw/oai-triton/triton-src/triton-solid-01.git/python/test/unit/language/test_warp_specialization.py":191:38)
#loc14 = loc("/home/scratch.egaburov_sw/oai-triton/triton-src/triton-solid-01.git/python/test/unit/language/test_warp_specialization.py":324:67)
#loc15 = loc("/home/scratch.egaburov_sw/oai-triton/triton-src/triton-solid-01.git/python/test/unit/language/test_warp_specialization.py":192:26)
#loc16 = loc("/home/scratch.egaburov_sw/oai-triton/triton-src/triton-solid-01.git/python/test/unit/language/test_warp_specialization.py":193:29)
#loc17 = loc("/home/scratch.egaburov_sw/oai-triton/triton-src/triton-solid-01.git/python/test/unit/language/test_warp_specialization.py":194:35)
#loc18 = loc("/home/scratch.egaburov_sw/oai-triton/triton-src/triton-solid-01.git/python/test/unit/language/test_warp_specialization.py":194:48)
#loc19 = loc("/home/scratch.egaburov_sw/oai-triton/triton-src/triton-solid-01.git/python/test/unit/language/test_warp_specialization.py":195:37)
#loc20 = loc("/home/scratch.egaburov_sw/oai-triton/triton-src/triton-solid-01.git/python/test/unit/language/test_warp_specialization.py":195:27)
#loc21 = loc("/home/scratch.egaburov_sw/oai-triton/triton-src/triton-solid-01.git/python/test/unit/language/test_warp_specialization.py":196:23)
#loc22 = loc("/home/scratch.egaburov_sw/oai-triton/triton-src/triton-solid-01.git/python/test/unit/language/test_warp_specialization.py":196:44)
#loc23 = loc("/home/scratch.egaburov_sw/oai-triton/triton-src/triton-solid-01.git/python/test/unit/language/test_warp_specialization.py":326:25)
#loc24 = loc("/home/scratch.egaburov_sw/oai-triton/triton-src/triton-solid-01.git/python/test/unit/language/test_warp_specialization.py":327:25)
#loc25 = loc("/home/scratch.egaburov_sw/oai-triton/triton-src/triton-solid-01.git/python/test/unit/language/test_warp_specialization.py":329:24)
#loc26 = loc("/home/scratch.egaburov_sw/oai-triton/triton-src/triton-solid-01.git/python/test/unit/language/test_warp_specialization.py":330:25)
#loc27 = loc("/home/scratch.egaburov_sw/oai-triton/triton-src/triton-solid-01.git/python/test/unit/language/test_warp_specialization.py":331:28)
#loc28 = loc("/home/scratch.egaburov_sw/oai-triton/triton-src/triton-solid-01.git/python/test/unit/language/test_warp_specialization.py":332:28)
#loc29 = loc("/home/scratch.egaburov_sw/oai-triton/triton-src/triton-solid-01.git/python/test/unit/language/test_warp_specialization.py":333:36)
#loc30 = loc("/home/scratch.egaburov_sw/oai-triton/triton-src/triton-solid-01.git/python/test/unit/language/test_warp_specialization.py":333:41)
#loc31 = loc("/home/scratch.egaburov_sw/oai-triton/triton-src/triton-solid-01.git/python/test/unit/language/test_warp_specialization.py":328:31)
#loc32 = loc("/home/scratch.egaburov_sw/oai-triton/triton-src/triton-solid-01.git/python/test/unit/language/test_warp_specialization.py":333:12)
#loc33 = loc("/home/scratch.egaburov_sw/oai-triton/triton-src/triton-solid-01.git/python/test/unit/language/test_warp_specialization.py":335:27)
#loc34 = loc("/home/scratch.egaburov_sw/oai-triton/triton-src/triton-solid-01.git/python/test/unit/language/test_warp_specialization.py":336:39)
#loc35 = loc("/home/scratch.egaburov_sw/oai-triton/triton-src/triton-solid-01.git/python/test/unit/language/test_warp_specialization.py":322:4)
#loc45 = loc("a_desc"(#loc3))
#loc46 = loc("b_desc"(#loc4))
#loc47 = loc("c_desc"(#loc5))
#loc48 = loc("start_pid"(#loc6))
#loc49 = loc("num_pid_m"(#loc8))
#loc50 = loc("num_pid_n"(#loc10))
#loc51 = loc("k_tiles"(#loc11))
#loc52 = loc("num_tiles"(#loc12))
#loc53 = loc("num_pid_in_group"(#loc13))
#loc54 = loc("group_id"(#loc15))
#loc55 = loc("first_pid_m"(#loc16))
#loc56 = loc("group_size_m"(#loc17))
#loc57 = loc("group_size_m"(#loc18))
#loc58 = loc("pid_m"(#loc19))
#loc59 = loc("pid_m"(#loc20))
#loc60 = loc("pid_n"(#loc21))
#loc61 = loc("pid_n"(#loc22))
#loc62 = loc("off_am"(#loc23))
#loc63 = loc("off_bn"(#loc24))
#loc64 = loc("accumulator"(#loc25))
#loc65 = loc("off_k"(#loc26))
#loc66 = loc("a"(#loc27))
#loc67 = loc("b"(#loc28))
#loc68 = loc("accumulator"(#loc29))
#loc69 = loc("accumulator"(#loc30))
#loc70 = loc("accumulator"(#loc31))
#loc71 = loc("c"(#loc33))
#loc72 = loc(callsite(#loc7 at #loc49))
#loc73 = loc(callsite(#loc9 at #loc49))
#loc74 = loc(callsite(#loc7 at #loc50))
#loc75 = loc(callsite(#loc9 at #loc50))
#loc76 = loc(callsite(#loc7 at #loc51))
#loc77 = loc(callsite(#loc9 at #loc51))
#loc78 = loc(callsite(#loc53 at #loc14))
#loc79 = loc(callsite(#loc54 at #loc14))
#loc80 = loc(callsite(#loc55 at #loc14))
#loc81 = loc(callsite(#loc56 at #loc14))
#loc82 = loc(callsite(#loc57 at #loc14))
#loc83 = loc(callsite(#loc58 at #loc14))
#loc84 = loc(callsite(#loc59 at #loc14))
#loc85 = loc(callsite(#loc60 at #loc14))
#loc86 = loc(callsite(#loc61 at #loc14))
#loc87 = loc("accumulator"(#loc70))


// -----// IR Dump Before TritonGPUF32DotTC (tritongpu-F32DotTC) ('builtin.module' operation) //----- //
#blocked = #ttg.blocked<{sizePerThread = [1, 1], threadsPerWarp = [1, 32], warpsPerCTA = [2, 4], order = [1, 0]}>
#blocked1 = #ttg.blocked<{sizePerThread = [1, 8], threadsPerWarp = [2, 16], warpsPerCTA = [8, 1], order = [1, 0]}>
#blocked2 = #ttg.blocked<{sizePerThread = [1, 1], threadsPerWarp = [32, 1], warpsPerCTA = [4, 2], order = [0, 1]}>
#blocked3 = #ttg.blocked<{sizePerThread = [4, 4], threadsPerWarp = [1, 32], warpsPerCTA = [8, 1], order = [1, 0]}>
#loc = loc("/home/scratch.egaburov_sw/oai-triton/triton-src/triton-solid-01.git/python/test/unit/language/test_warp_specialization.py":294:0)
#loc36 = loc("a_ptr"(#loc))
#loc37 = loc("b_ptr"(#loc))
#loc38 = loc("c_ptr"(#loc))
#loc39 = loc("a_stride0"(#loc))
#loc40 = loc("b_stride0"(#loc))
#loc41 = loc("c_stride0"(#loc))
#loc42 = loc("M"(#loc))
#loc43 = loc("N"(#loc))
#loc44 = loc("K"(#loc))
module attributes {"ttg.cluster-dim-x" = 1 : i32, "ttg.cluster-dim-y" = 1 : i32, "ttg.cluster-dim-z" = 1 : i32, ttg.max_reg_auto_ws = 152 : i32, ttg.min_reg_auto_ws = 24 : i32, "ttg.num-ctas" = 1 : i32, "ttg.num-warps" = 8 : i32, ttg.target = "cuda:103", "ttg.threads-per-warp" = 32 : i32} {
  tt.func public @matmul_tma_persistent_ws_kernel(%a_ptr: !tt.ptr<f16> {tt.divisibility = 16 : i32} loc("a_ptr"(#loc)), %b_ptr: !tt.ptr<f16> {tt.divisibility = 16 : i32} loc("b_ptr"(#loc)), %c_ptr: !tt.ptr<f16> {tt.divisibility = 16 : i32} loc("c_ptr"(#loc)), %a_stride0: i32 {tt.divisibility = 16 : i32} loc("a_stride0"(#loc)), %b_stride0: i32 {tt.divisibility = 16 : i32} loc("b_stride0"(#loc)), %c_stride0: i32 {tt.divisibility = 16 : i32} loc("c_stride0"(#loc)), %M: i32 {tt.divisibility = 16 : i32} loc("M"(#loc)), %N: i32 {tt.divisibility = 16 : i32} loc("N"(#loc)), %K: i32 {tt.divisibility = 16 : i32} loc("K"(#loc))) attributes {noinline = false} {
    %cst = arith.constant dense<0.000000e+00> : tensor<128x128xf32, #blocked> loc(#loc1)
    %c8_i32 = arith.constant 8 : i32 loc(#loc1)
    %c127_i32 = arith.constant 127 : i32 loc(#loc1)
    %c1_i32 = arith.constant 1 : i32 loc(#loc1)
    %c0_i32 = arith.constant 0 : i32 loc(#loc1)
    %c150_i32 = arith.constant 150 : i32 loc(#loc2)
    %c128_i32 = arith.constant 128 : i32 loc(#loc1)
    %c1_i64 = arith.constant 1 : i64 loc(#loc1)
    %a_desc = arith.extsi %a_stride0 : i32 to i64 loc(#loc45)
    %a_desc_0 = tt.make_tensor_descriptor %a_ptr, [%M, %K], [%a_desc, %c1_i64] : !tt.ptr<f16>, !tt.tensordesc<tensor<128x128xf16>> loc(#loc45)
    %b_desc = arith.extsi %b_stride0 : i32 to i64 loc(#loc46)
    %b_desc_1 = tt.make_tensor_descriptor %b_ptr, [%N, %K], [%b_desc, %c1_i64] : !tt.ptr<f16>, !tt.tensordesc<tensor<128x128xf16>> loc(#loc46)
    %c_desc = arith.extsi %c_stride0 : i32 to i64 loc(#loc47)
    %c_desc_2 = tt.make_tensor_descriptor %c_ptr, [%M, %N], [%c_desc, %c1_i64] : !tt.ptr<f16>, !tt.tensordesc<tensor<128x128xf16>> loc(#loc47)
    %start_pid = tt.get_program_id x : i32 loc(#loc48)
    %num_pid_m = arith.addi %M, %c127_i32 : i32 loc(#loc72)
    %num_pid_m_3 = arith.divsi %num_pid_m, %c128_i32 : i32 loc(#loc73)
    %num_pid_n = arith.addi %N, %c127_i32 : i32 loc(#loc74)
    %num_pid_n_4 = arith.divsi %num_pid_n, %c128_i32 : i32 loc(#loc75)
    %k_tiles = arith.addi %K, %c127_i32 : i32 loc(#loc76)
    %k_tiles_5 = arith.divsi %k_tiles, %c128_i32 : i32 loc(#loc77)
    %num_tiles = arith.muli %num_pid_m_3, %num_pid_n_4 : i32 loc(#loc52)
    scf.for %tile_id = %start_pid to %num_tiles step %c150_i32  : i32 {
      %num_pid_in_group = arith.muli %num_pid_n_4, %c8_i32 : i32 loc(#loc78)
      %group_id = arith.divsi %tile_id, %num_pid_in_group : i32 loc(#loc79)
      %first_pid_m = arith.muli %group_id, %c8_i32 : i32 loc(#loc80)
      %group_size_m = arith.subi %num_pid_m_3, %first_pid_m : i32 loc(#loc81)
      %group_size_m_6 = arith.minsi %group_size_m, %c8_i32 : i32 loc(#loc82)
      %pid_m = arith.remsi %tile_id, %group_size_m_6 : i32 loc(#loc83)
      %pid_m_7 = arith.addi %first_pid_m, %pid_m : i32 loc(#loc84)
      %pid_n = arith.remsi %tile_id, %num_pid_in_group : i32 loc(#loc85)
      %pid_n_8 = arith.divsi %pid_n, %group_size_m_6 : i32 loc(#loc86)
      %off_am = arith.muli %pid_m_7, %c128_i32 : i32 loc(#loc62)
      %off_bn = arith.muli %pid_n_8, %c128_i32 : i32 loc(#loc63)
      %accumulator = scf.for %ki = %c0_i32 to %k_tiles_5 step %c1_i32 iter_args(%accumulator_9 = %cst) -> (tensor<128x128xf32, #blocked>)  : i32 {
        %off_k = arith.muli %ki, %c128_i32 : i32 loc(#loc65)
        %a = tt.descriptor_load %a_desc_0[%off_am, %off_k] : !tt.tensordesc<tensor<128x128xf16>> -> tensor<128x128xf16, #blocked1> loc(#loc66)
        %a_10 = ttg.convert_layout %a : tensor<128x128xf16, #blocked1> -> tensor<128x128xf16, #blocked> loc(#loc66)
        %b = tt.descriptor_load %b_desc_1[%off_bn, %off_k] : !tt.tensordesc<tensor<128x128xf16>> -> tensor<128x128xf16, #blocked1> loc(#loc67)
        %b_11 = ttg.convert_layout %b : tensor<128x128xf16, #blocked1> -> tensor<128x128xf16, #blocked> loc(#loc67)
        %accumulator_12 = tt.trans %b_11 {order = array<i32: 1, 0>} : tensor<128x128xf16, #blocked> -> tensor<128x128xf16, #blocked2> loc(#loc68)
        %accumulator_13 = ttg.convert_layout %accumulator_12 : tensor<128x128xf16, #blocked2> -> tensor<128x128xf16, #blocked> loc(#loc69)
        %a_14 = ttg.convert_layout %a_10 : tensor<128x128xf16, #blocked> -> tensor<128x128xf16, #ttg.dot_op<{opIdx = 0, parent = #blocked3}>> loc(#loc66)
        %accumulator_15 = ttg.convert_layout %accumulator_13 : tensor<128x128xf16, #blocked> -> tensor<128x128xf16, #ttg.dot_op<{opIdx = 1, parent = #blocked3}>> loc(#loc69)
        %accumulator_16 = ttg.convert_layout %accumulator_9 : tensor<128x128xf32, #blocked> -> tensor<128x128xf32, #blocked3> loc(#loc87)
        %accumulator_17 = tt.dot %a_14, %accumulator_15, %accumulator_16, inputPrecision = tf32 : tensor<128x128xf16, #ttg.dot_op<{opIdx = 0, parent = #blocked3}>> * tensor<128x128xf16, #ttg.dot_op<{opIdx = 1, parent = #blocked3}>> -> tensor<128x128xf32, #blocked3> loc(#loc69)
        %1 = ttg.convert_layout %accumulator_17 : tensor<128x128xf32, #blocked3> -> tensor<128x128xf32, #blocked> loc(#loc32)
        scf.yield %1 : tensor<128x128xf32, #blocked> loc(#loc32)
      } loc(#loc64)
      %c = arith.truncf %accumulator : tensor<128x128xf32, #blocked> to tensor<128x128xf16, #blocked> loc(#loc71)
      %0 = ttg.convert_layout %c : tensor<128x128xf16, #blocked> -> tensor<128x128xf16, #blocked1> loc(#loc34)
      tt.descriptor_store %c_desc_2[%off_am, %off_bn], %0 : !tt.tensordesc<tensor<128x128xf16>>, tensor<128x128xf16, #blocked1> loc(#loc34)
    } {tt.flatten, tt.num_stages = 2 : i32, tt.warp_specialize} loc(#loc2)
    tt.return loc(#loc35)
  } loc(#loc)
} loc(#loc)
#loc1 = loc(unknown)
#loc2 = loc("/home/scratch.egaburov_sw/oai-triton/triton-src/triton-solid-01.git/python/test/unit/language/test_warp_specialization.py":323:28)
#loc3 = loc("/home/scratch.egaburov_sw/oai-triton/triton-src/triton-solid-01.git/python/test/unit/language/test_warp_specialization.py":309:39)
#loc4 = loc("/home/scratch.egaburov_sw/oai-triton/triton-src/triton-solid-01.git/python/test/unit/language/test_warp_specialization.py":311:39)
#loc5 = loc("/home/scratch.egaburov_sw/oai-triton/triton-src/triton-solid-01.git/python/test/unit/language/test_warp_specialization.py":313:39)
#loc6 = loc("/home/scratch.egaburov_sw/oai-triton/triton-src/triton-solid-01.git/python/test/unit/language/test_warp_specialization.py":316:30)
#loc7 = loc("/home/scratch.egaburov_sw/oai-triton/triton-src/triton-solid-01.git/python/triton/language/standard.py":43:17)
#loc8 = loc("/home/scratch.egaburov_sw/oai-triton/triton-src/triton-solid-01.git/python/test/unit/language/test_warp_specialization.py":317:27)
#loc9 = loc("/home/scratch.egaburov_sw/oai-triton/triton-src/triton-solid-01.git/python/triton/language/standard.py":43:30)
#loc10 = loc("/home/scratch.egaburov_sw/oai-triton/triton-src/triton-solid-01.git/python/test/unit/language/test_warp_specialization.py":318:27)
#loc11 = loc("/home/scratch.egaburov_sw/oai-triton/triton-src/triton-solid-01.git/python/test/unit/language/test_warp_specialization.py":319:25)
#loc12 = loc("/home/scratch.egaburov_sw/oai-triton/triton-src/triton-solid-01.git/python/test/unit/language/test_warp_specialization.py":320:28)
#loc13 = loc("/home/scratch.egaburov_sw/oai-triton/triton-src/triton-solid-01.git/python/test/unit/language/test_warp_specialization.py":191:38)
#loc14 = loc("/home/scratch.egaburov_sw/oai-triton/triton-src/triton-solid-01.git/python/test/unit/language/test_warp_specialization.py":324:67)
#loc15 = loc("/home/scratch.egaburov_sw/oai-triton/triton-src/triton-solid-01.git/python/test/unit/language/test_warp_specialization.py":192:26)
#loc16 = loc("/home/scratch.egaburov_sw/oai-triton/triton-src/triton-solid-01.git/python/test/unit/language/test_warp_specialization.py":193:29)
#loc17 = loc("/home/scratch.egaburov_sw/oai-triton/triton-src/triton-solid-01.git/python/test/unit/language/test_warp_specialization.py":194:35)
#loc18 = loc("/home/scratch.egaburov_sw/oai-triton/triton-src/triton-solid-01.git/python/test/unit/language/test_warp_specialization.py":194:48)
#loc19 = loc("/home/scratch.egaburov_sw/oai-triton/triton-src/triton-solid-01.git/python/test/unit/language/test_warp_specialization.py":195:37)
#loc20 = loc("/home/scratch.egaburov_sw/oai-triton/triton-src/triton-solid-01.git/python/test/unit/language/test_warp_specialization.py":195:27)
#loc21 = loc("/home/scratch.egaburov_sw/oai-triton/triton-src/triton-solid-01.git/python/test/unit/language/test_warp_specialization.py":196:23)
#loc22 = loc("/home/scratch.egaburov_sw/oai-triton/triton-src/triton-solid-01.git/python/test/unit/language/test_warp_specialization.py":196:44)
#loc23 = loc("/home/scratch.egaburov_sw/oai-triton/triton-src/triton-solid-01.git/python/test/unit/language/test_warp_specialization.py":326:25)
#loc24 = loc("/home/scratch.egaburov_sw/oai-triton/triton-src/triton-solid-01.git/python/test/unit/language/test_warp_specialization.py":327:25)
#loc25 = loc("/home/scratch.egaburov_sw/oai-triton/triton-src/triton-solid-01.git/python/test/unit/language/test_warp_specialization.py":329:24)
#loc26 = loc("/home/scratch.egaburov_sw/oai-triton/triton-src/triton-solid-01.git/python/test/unit/language/test_warp_specialization.py":330:25)
#loc27 = loc("/home/scratch.egaburov_sw/oai-triton/triton-src/triton-solid-01.git/python/test/unit/language/test_warp_specialization.py":331:28)
#loc28 = loc("/home/scratch.egaburov_sw/oai-triton/triton-src/triton-solid-01.git/python/test/unit/language/test_warp_specialization.py":332:28)
#loc29 = loc("/home/scratch.egaburov_sw/oai-triton/triton-src/triton-solid-01.git/python/test/unit/language/test_warp_specialization.py":333:36)
#loc30 = loc("/home/scratch.egaburov_sw/oai-triton/triton-src/triton-solid-01.git/python/test/unit/language/test_warp_specialization.py":333:41)
#loc31 = loc("/home/scratch.egaburov_sw/oai-triton/triton-src/triton-solid-01.git/python/test/unit/language/test_warp_specialization.py":328:31)
#loc32 = loc("/home/scratch.egaburov_sw/oai-triton/triton-src/triton-solid-01.git/python/test/unit/language/test_warp_specialization.py":333:12)
#loc33 = loc("/home/scratch.egaburov_sw/oai-triton/triton-src/triton-solid-01.git/python/test/unit/language/test_warp_specialization.py":335:27)
#loc34 = loc("/home/scratch.egaburov_sw/oai-triton/triton-src/triton-solid-01.git/python/test/unit/language/test_warp_specialization.py":336:39)
#loc35 = loc("/home/scratch.egaburov_sw/oai-triton/triton-src/triton-solid-01.git/python/test/unit/language/test_warp_specialization.py":322:4)
#loc45 = loc("a_desc"(#loc3))
#loc46 = loc("b_desc"(#loc4))
#loc47 = loc("c_desc"(#loc5))
#loc48 = loc("start_pid"(#loc6))
#loc49 = loc("num_pid_m"(#loc8))
#loc50 = loc("num_pid_n"(#loc10))
#loc51 = loc("k_tiles"(#loc11))
#loc52 = loc("num_tiles"(#loc12))
#loc53 = loc("num_pid_in_group"(#loc13))
#loc54 = loc("group_id"(#loc15))
#loc55 = loc("first_pid_m"(#loc16))
#loc56 = loc("group_size_m"(#loc17))
#loc57 = loc("group_size_m"(#loc18))
#loc58 = loc("pid_m"(#loc19))
#loc59 = loc("pid_m"(#loc20))
#loc60 = loc("pid_n"(#loc21))
#loc61 = loc("pid_n"(#loc22))
#loc62 = loc("off_am"(#loc23))
#loc63 = loc("off_bn"(#loc24))
#loc64 = loc("accumulator"(#loc25))
#loc65 = loc("off_k"(#loc26))
#loc66 = loc("a"(#loc27))
#loc67 = loc("b"(#loc28))
#loc68 = loc("accumulator"(#loc29))
#loc69 = loc("accumulator"(#loc30))
#loc70 = loc("accumulator"(#loc31))
#loc71 = loc("c"(#loc33))
#loc72 = loc(callsite(#loc7 at #loc49))
#loc73 = loc(callsite(#loc9 at #loc49))
#loc74 = loc(callsite(#loc7 at #loc50))
#loc75 = loc(callsite(#loc9 at #loc50))
#loc76 = loc(callsite(#loc7 at #loc51))
#loc77 = loc(callsite(#loc9 at #loc51))
#loc78 = loc(callsite(#loc53 at #loc14))
#loc79 = loc(callsite(#loc54 at #loc14))
#loc80 = loc(callsite(#loc55 at #loc14))
#loc81 = loc(callsite(#loc56 at #loc14))
#loc82 = loc(callsite(#loc57 at #loc14))
#loc83 = loc(callsite(#loc58 at #loc14))
#loc84 = loc(callsite(#loc59 at #loc14))
#loc85 = loc(callsite(#loc60 at #loc14))
#loc86 = loc(callsite(#loc61 at #loc14))
#loc87 = loc("accumulator"(#loc70))


// -----// IR Dump Before TritonGPUPlanCTAPass (triton-nvidia-gpu-plan-cta) ('builtin.module' operation) //----- //
#blocked = #ttg.blocked<{sizePerThread = [1, 1], threadsPerWarp = [1, 32], warpsPerCTA = [2, 4], order = [1, 0]}>
#blocked1 = #ttg.blocked<{sizePerThread = [1, 8], threadsPerWarp = [2, 16], warpsPerCTA = [8, 1], order = [1, 0]}>
#blocked2 = #ttg.blocked<{sizePerThread = [1, 1], threadsPerWarp = [32, 1], warpsPerCTA = [4, 2], order = [0, 1]}>
#blocked3 = #ttg.blocked<{sizePerThread = [4, 4], threadsPerWarp = [1, 32], warpsPerCTA = [8, 1], order = [1, 0]}>
#loc = loc("/home/scratch.egaburov_sw/oai-triton/triton-src/triton-solid-01.git/python/test/unit/language/test_warp_specialization.py":294:0)
#loc36 = loc("a_ptr"(#loc))
#loc37 = loc("b_ptr"(#loc))
#loc38 = loc("c_ptr"(#loc))
#loc39 = loc("a_stride0"(#loc))
#loc40 = loc("b_stride0"(#loc))
#loc41 = loc("c_stride0"(#loc))
#loc42 = loc("M"(#loc))
#loc43 = loc("N"(#loc))
#loc44 = loc("K"(#loc))
module attributes {"ttg.cluster-dim-x" = 1 : i32, "ttg.cluster-dim-y" = 1 : i32, "ttg.cluster-dim-z" = 1 : i32, ttg.max_reg_auto_ws = 152 : i32, ttg.min_reg_auto_ws = 24 : i32, "ttg.num-ctas" = 1 : i32, "ttg.num-warps" = 8 : i32, ttg.target = "cuda:103", "ttg.threads-per-warp" = 32 : i32} {
  tt.func public @matmul_tma_persistent_ws_kernel(%a_ptr: !tt.ptr<f16> {tt.divisibility = 16 : i32} loc("a_ptr"(#loc)), %b_ptr: !tt.ptr<f16> {tt.divisibility = 16 : i32} loc("b_ptr"(#loc)), %c_ptr: !tt.ptr<f16> {tt.divisibility = 16 : i32} loc("c_ptr"(#loc)), %a_stride0: i32 {tt.divisibility = 16 : i32} loc("a_stride0"(#loc)), %b_stride0: i32 {tt.divisibility = 16 : i32} loc("b_stride0"(#loc)), %c_stride0: i32 {tt.divisibility = 16 : i32} loc("c_stride0"(#loc)), %M: i32 {tt.divisibility = 16 : i32} loc("M"(#loc)), %N: i32 {tt.divisibility = 16 : i32} loc("N"(#loc)), %K: i32 {tt.divisibility = 16 : i32} loc("K"(#loc))) attributes {noinline = false} {
    %cst = arith.constant dense<0.000000e+00> : tensor<128x128xf32, #blocked> loc(#loc1)
    %c8_i32 = arith.constant 8 : i32 loc(#loc1)
    %c127_i32 = arith.constant 127 : i32 loc(#loc1)
    %c1_i32 = arith.constant 1 : i32 loc(#loc1)
    %c0_i32 = arith.constant 0 : i32 loc(#loc1)
    %c150_i32 = arith.constant 150 : i32 loc(#loc2)
    %c128_i32 = arith.constant 128 : i32 loc(#loc1)
    %c1_i64 = arith.constant 1 : i64 loc(#loc1)
    %a_desc = arith.extsi %a_stride0 : i32 to i64 loc(#loc45)
    %a_desc_0 = tt.make_tensor_descriptor %a_ptr, [%M, %K], [%a_desc, %c1_i64] : !tt.ptr<f16>, !tt.tensordesc<tensor<128x128xf16>> loc(#loc45)
    %b_desc = arith.extsi %b_stride0 : i32 to i64 loc(#loc46)
    %b_desc_1 = tt.make_tensor_descriptor %b_ptr, [%N, %K], [%b_desc, %c1_i64] : !tt.ptr<f16>, !tt.tensordesc<tensor<128x128xf16>> loc(#loc46)
    %c_desc = arith.extsi %c_stride0 : i32 to i64 loc(#loc47)
    %c_desc_2 = tt.make_tensor_descriptor %c_ptr, [%M, %N], [%c_desc, %c1_i64] : !tt.ptr<f16>, !tt.tensordesc<tensor<128x128xf16>> loc(#loc47)
    %start_pid = tt.get_program_id x : i32 loc(#loc48)
    %num_pid_m = arith.addi %M, %c127_i32 : i32 loc(#loc72)
    %num_pid_m_3 = arith.divsi %num_pid_m, %c128_i32 : i32 loc(#loc73)
    %num_pid_n = arith.addi %N, %c127_i32 : i32 loc(#loc74)
    %num_pid_n_4 = arith.divsi %num_pid_n, %c128_i32 : i32 loc(#loc75)
    %k_tiles = arith.addi %K, %c127_i32 : i32 loc(#loc76)
    %k_tiles_5 = arith.divsi %k_tiles, %c128_i32 : i32 loc(#loc77)
    %num_tiles = arith.muli %num_pid_m_3, %num_pid_n_4 : i32 loc(#loc52)
    scf.for %tile_id = %start_pid to %num_tiles step %c150_i32  : i32 {
      %num_pid_in_group = arith.muli %num_pid_n_4, %c8_i32 : i32 loc(#loc78)
      %group_id = arith.divsi %tile_id, %num_pid_in_group : i32 loc(#loc79)
      %first_pid_m = arith.muli %group_id, %c8_i32 : i32 loc(#loc80)
      %group_size_m = arith.subi %num_pid_m_3, %first_pid_m : i32 loc(#loc81)
      %group_size_m_6 = arith.minsi %group_size_m, %c8_i32 : i32 loc(#loc82)
      %pid_m = arith.remsi %tile_id, %group_size_m_6 : i32 loc(#loc83)
      %pid_m_7 = arith.addi %first_pid_m, %pid_m : i32 loc(#loc84)
      %pid_n = arith.remsi %tile_id, %num_pid_in_group : i32 loc(#loc85)
      %pid_n_8 = arith.divsi %pid_n, %group_size_m_6 : i32 loc(#loc86)
      %off_am = arith.muli %pid_m_7, %c128_i32 : i32 loc(#loc62)
      %off_bn = arith.muli %pid_n_8, %c128_i32 : i32 loc(#loc63)
      %accumulator = scf.for %ki = %c0_i32 to %k_tiles_5 step %c1_i32 iter_args(%accumulator_9 = %cst) -> (tensor<128x128xf32, #blocked>)  : i32 {
        %off_k = arith.muli %ki, %c128_i32 : i32 loc(#loc65)
        %a = tt.descriptor_load %a_desc_0[%off_am, %off_k] : !tt.tensordesc<tensor<128x128xf16>> -> tensor<128x128xf16, #blocked1> loc(#loc66)
        %a_10 = ttg.convert_layout %a : tensor<128x128xf16, #blocked1> -> tensor<128x128xf16, #blocked> loc(#loc66)
        %b = tt.descriptor_load %b_desc_1[%off_bn, %off_k] : !tt.tensordesc<tensor<128x128xf16>> -> tensor<128x128xf16, #blocked1> loc(#loc67)
        %b_11 = ttg.convert_layout %b : tensor<128x128xf16, #blocked1> -> tensor<128x128xf16, #blocked> loc(#loc67)
        %accumulator_12 = tt.trans %b_11 {order = array<i32: 1, 0>} : tensor<128x128xf16, #blocked> -> tensor<128x128xf16, #blocked2> loc(#loc68)
        %accumulator_13 = ttg.convert_layout %accumulator_12 : tensor<128x128xf16, #blocked2> -> tensor<128x128xf16, #blocked> loc(#loc69)
        %a_14 = ttg.convert_layout %a_10 : tensor<128x128xf16, #blocked> -> tensor<128x128xf16, #ttg.dot_op<{opIdx = 0, parent = #blocked3}>> loc(#loc66)
        %accumulator_15 = ttg.convert_layout %accumulator_13 : tensor<128x128xf16, #blocked> -> tensor<128x128xf16, #ttg.dot_op<{opIdx = 1, parent = #blocked3}>> loc(#loc69)
        %accumulator_16 = ttg.convert_layout %accumulator_9 : tensor<128x128xf32, #blocked> -> tensor<128x128xf32, #blocked3> loc(#loc87)
        %accumulator_17 = tt.dot %a_14, %accumulator_15, %accumulator_16, inputPrecision = tf32 : tensor<128x128xf16, #ttg.dot_op<{opIdx = 0, parent = #blocked3}>> * tensor<128x128xf16, #ttg.dot_op<{opIdx = 1, parent = #blocked3}>> -> tensor<128x128xf32, #blocked3> loc(#loc69)
        %1 = ttg.convert_layout %accumulator_17 : tensor<128x128xf32, #blocked3> -> tensor<128x128xf32, #blocked> loc(#loc32)
        scf.yield %1 : tensor<128x128xf32, #blocked> loc(#loc32)
      } loc(#loc64)
      %c = arith.truncf %accumulator : tensor<128x128xf32, #blocked> to tensor<128x128xf16, #blocked> loc(#loc71)
      %0 = ttg.convert_layout %c : tensor<128x128xf16, #blocked> -> tensor<128x128xf16, #blocked1> loc(#loc34)
      tt.descriptor_store %c_desc_2[%off_am, %off_bn], %0 : !tt.tensordesc<tensor<128x128xf16>>, tensor<128x128xf16, #blocked1> loc(#loc34)
    } {tt.flatten, tt.num_stages = 2 : i32, tt.warp_specialize} loc(#loc2)
    tt.return loc(#loc35)
  } loc(#loc)
} loc(#loc)
#loc1 = loc(unknown)
#loc2 = loc("/home/scratch.egaburov_sw/oai-triton/triton-src/triton-solid-01.git/python/test/unit/language/test_warp_specialization.py":323:28)
#loc3 = loc("/home/scratch.egaburov_sw/oai-triton/triton-src/triton-solid-01.git/python/test/unit/language/test_warp_specialization.py":309:39)
#loc4 = loc("/home/scratch.egaburov_sw/oai-triton/triton-src/triton-solid-01.git/python/test/unit/language/test_warp_specialization.py":311:39)
#loc5 = loc("/home/scratch.egaburov_sw/oai-triton/triton-src/triton-solid-01.git/python/test/unit/language/test_warp_specialization.py":313:39)
#loc6 = loc("/home/scratch.egaburov_sw/oai-triton/triton-src/triton-solid-01.git/python/test/unit/language/test_warp_specialization.py":316:30)
#loc7 = loc("/home/scratch.egaburov_sw/oai-triton/triton-src/triton-solid-01.git/python/triton/language/standard.py":43:17)
#loc8 = loc("/home/scratch.egaburov_sw/oai-triton/triton-src/triton-solid-01.git/python/test/unit/language/test_warp_specialization.py":317:27)
#loc9 = loc("/home/scratch.egaburov_sw/oai-triton/triton-src/triton-solid-01.git/python/triton/language/standard.py":43:30)
#loc10 = loc("/home/scratch.egaburov_sw/oai-triton/triton-src/triton-solid-01.git/python/test/unit/language/test_warp_specialization.py":318:27)
#loc11 = loc("/home/scratch.egaburov_sw/oai-triton/triton-src/triton-solid-01.git/python/test/unit/language/test_warp_specialization.py":319:25)
#loc12 = loc("/home/scratch.egaburov_sw/oai-triton/triton-src/triton-solid-01.git/python/test/unit/language/test_warp_specialization.py":320:28)
#loc13 = loc("/home/scratch.egaburov_sw/oai-triton/triton-src/triton-solid-01.git/python/test/unit/language/test_warp_specialization.py":191:38)
#loc14 = loc("/home/scratch.egaburov_sw/oai-triton/triton-src/triton-solid-01.git/python/test/unit/language/test_warp_specialization.py":324:67)
#loc15 = loc("/home/scratch.egaburov_sw/oai-triton/triton-src/triton-solid-01.git/python/test/unit/language/test_warp_specialization.py":192:26)
#loc16 = loc("/home/scratch.egaburov_sw/oai-triton/triton-src/triton-solid-01.git/python/test/unit/language/test_warp_specialization.py":193:29)
#loc17 = loc("/home/scratch.egaburov_sw/oai-triton/triton-src/triton-solid-01.git/python/test/unit/language/test_warp_specialization.py":194:35)
#loc18 = loc("/home/scratch.egaburov_sw/oai-triton/triton-src/triton-solid-01.git/python/test/unit/language/test_warp_specialization.py":194:48)
#loc19 = loc("/home/scratch.egaburov_sw/oai-triton/triton-src/triton-solid-01.git/python/test/unit/language/test_warp_specialization.py":195:37)
#loc20 = loc("/home/scratch.egaburov_sw/oai-triton/triton-src/triton-solid-01.git/python/test/unit/language/test_warp_specialization.py":195:27)
#loc21 = loc("/home/scratch.egaburov_sw/oai-triton/triton-src/triton-solid-01.git/python/test/unit/language/test_warp_specialization.py":196:23)
#loc22 = loc("/home/scratch.egaburov_sw/oai-triton/triton-src/triton-solid-01.git/python/test/unit/language/test_warp_specialization.py":196:44)
#loc23 = loc("/home/scratch.egaburov_sw/oai-triton/triton-src/triton-solid-01.git/python/test/unit/language/test_warp_specialization.py":326:25)
#loc24 = loc("/home/scratch.egaburov_sw/oai-triton/triton-src/triton-solid-01.git/python/test/unit/language/test_warp_specialization.py":327:25)
#loc25 = loc("/home/scratch.egaburov_sw/oai-triton/triton-src/triton-solid-01.git/python/test/unit/language/test_warp_specialization.py":329:24)
#loc26 = loc("/home/scratch.egaburov_sw/oai-triton/triton-src/triton-solid-01.git/python/test/unit/language/test_warp_specialization.py":330:25)
#loc27 = loc("/home/scratch.egaburov_sw/oai-triton/triton-src/triton-solid-01.git/python/test/unit/language/test_warp_specialization.py":331:28)
#loc28 = loc("/home/scratch.egaburov_sw/oai-triton/triton-src/triton-solid-01.git/python/test/unit/language/test_warp_specialization.py":332:28)
#loc29 = loc("/home/scratch.egaburov_sw/oai-triton/triton-src/triton-solid-01.git/python/test/unit/language/test_warp_specialization.py":333:36)
#loc30 = loc("/home/scratch.egaburov_sw/oai-triton/triton-src/triton-solid-01.git/python/test/unit/language/test_warp_specialization.py":333:41)
#loc31 = loc("/home/scratch.egaburov_sw/oai-triton/triton-src/triton-solid-01.git/python/test/unit/language/test_warp_specialization.py":328:31)
#loc32 = loc("/home/scratch.egaburov_sw/oai-triton/triton-src/triton-solid-01.git/python/test/unit/language/test_warp_specialization.py":333:12)
#loc33 = loc("/home/scratch.egaburov_sw/oai-triton/triton-src/triton-solid-01.git/python/test/unit/language/test_warp_specialization.py":335:27)
#loc34 = loc("/home/scratch.egaburov_sw/oai-triton/triton-src/triton-solid-01.git/python/test/unit/language/test_warp_specialization.py":336:39)
#loc35 = loc("/home/scratch.egaburov_sw/oai-triton/triton-src/triton-solid-01.git/python/test/unit/language/test_warp_specialization.py":322:4)
#loc45 = loc("a_desc"(#loc3))
#loc46 = loc("b_desc"(#loc4))
#loc47 = loc("c_desc"(#loc5))
#loc48 = loc("start_pid"(#loc6))
#loc49 = loc("num_pid_m"(#loc8))
#loc50 = loc("num_pid_n"(#loc10))
#loc51 = loc("k_tiles"(#loc11))
#loc52 = loc("num_tiles"(#loc12))
#loc53 = loc("num_pid_in_group"(#loc13))
#loc54 = loc("group_id"(#loc15))
#loc55 = loc("first_pid_m"(#loc16))
#loc56 = loc("group_size_m"(#loc17))
#loc57 = loc("group_size_m"(#loc18))
#loc58 = loc("pid_m"(#loc19))
#loc59 = loc("pid_m"(#loc20))
#loc60 = loc("pid_n"(#loc21))
#loc61 = loc("pid_n"(#loc22))
#loc62 = loc("off_am"(#loc23))
#loc63 = loc("off_bn"(#loc24))
#loc64 = loc("accumulator"(#loc25))
#loc65 = loc("off_k"(#loc26))
#loc66 = loc("a"(#loc27))
#loc67 = loc("b"(#loc28))
#loc68 = loc("accumulator"(#loc29))
#loc69 = loc("accumulator"(#loc30))
#loc70 = loc("accumulator"(#loc31))
#loc71 = loc("c"(#loc33))
#loc72 = loc(callsite(#loc7 at #loc49))
#loc73 = loc(callsite(#loc9 at #loc49))
#loc74 = loc(callsite(#loc7 at #loc50))
#loc75 = loc(callsite(#loc9 at #loc50))
#loc76 = loc(callsite(#loc7 at #loc51))
#loc77 = loc(callsite(#loc9 at #loc51))
#loc78 = loc(callsite(#loc53 at #loc14))
#loc79 = loc(callsite(#loc54 at #loc14))
#loc80 = loc(callsite(#loc55 at #loc14))
#loc81 = loc(callsite(#loc56 at #loc14))
#loc82 = loc(callsite(#loc57 at #loc14))
#loc83 = loc(callsite(#loc58 at #loc14))
#loc84 = loc(callsite(#loc59 at #loc14))
#loc85 = loc(callsite(#loc60 at #loc14))
#loc86 = loc(callsite(#loc61 at #loc14))
#loc87 = loc("accumulator"(#loc70))


// -----// IR Dump Before TritonGPURemoveLayoutConversions (tritongpu-remove-layout-conversions) ('builtin.module' operation) //----- //
#blocked = #ttg.blocked<{sizePerThread = [1, 1], threadsPerWarp = [1, 32], warpsPerCTA = [2, 4], order = [1, 0]}>
#blocked1 = #ttg.blocked<{sizePerThread = [1, 8], threadsPerWarp = [2, 16], warpsPerCTA = [8, 1], order = [1, 0]}>
#blocked2 = #ttg.blocked<{sizePerThread = [1, 1], threadsPerWarp = [32, 1], warpsPerCTA = [4, 2], order = [0, 1]}>
#blocked3 = #ttg.blocked<{sizePerThread = [4, 4], threadsPerWarp = [1, 32], warpsPerCTA = [8, 1], order = [1, 0]}>
#loc = loc("/home/scratch.egaburov_sw/oai-triton/triton-src/triton-solid-01.git/python/test/unit/language/test_warp_specialization.py":294:0)
#loc36 = loc("a_ptr"(#loc))
#loc37 = loc("b_ptr"(#loc))
#loc38 = loc("c_ptr"(#loc))
#loc39 = loc("a_stride0"(#loc))
#loc40 = loc("b_stride0"(#loc))
#loc41 = loc("c_stride0"(#loc))
#loc42 = loc("M"(#loc))
#loc43 = loc("N"(#loc))
#loc44 = loc("K"(#loc))
module attributes {"ttg.cluster-dim-x" = 1 : i32, "ttg.cluster-dim-y" = 1 : i32, "ttg.cluster-dim-z" = 1 : i32, ttg.max_reg_auto_ws = 152 : i32, ttg.min_reg_auto_ws = 24 : i32, "ttg.num-ctas" = 1 : i32, "ttg.num-warps" = 8 : i32, ttg.target = "cuda:103", "ttg.threads-per-warp" = 32 : i32} {
  tt.func public @matmul_tma_persistent_ws_kernel(%a_ptr: !tt.ptr<f16> {tt.divisibility = 16 : i32} loc("a_ptr"(#loc)), %b_ptr: !tt.ptr<f16> {tt.divisibility = 16 : i32} loc("b_ptr"(#loc)), %c_ptr: !tt.ptr<f16> {tt.divisibility = 16 : i32} loc("c_ptr"(#loc)), %a_stride0: i32 {tt.divisibility = 16 : i32} loc("a_stride0"(#loc)), %b_stride0: i32 {tt.divisibility = 16 : i32} loc("b_stride0"(#loc)), %c_stride0: i32 {tt.divisibility = 16 : i32} loc("c_stride0"(#loc)), %M: i32 {tt.divisibility = 16 : i32} loc("M"(#loc)), %N: i32 {tt.divisibility = 16 : i32} loc("N"(#loc)), %K: i32 {tt.divisibility = 16 : i32} loc("K"(#loc))) attributes {noinline = false} {
    %cst = arith.constant dense<0.000000e+00> : tensor<128x128xf32, #blocked> loc(#loc1)
    %c8_i32 = arith.constant 8 : i32 loc(#loc1)
    %c127_i32 = arith.constant 127 : i32 loc(#loc1)
    %c1_i32 = arith.constant 1 : i32 loc(#loc1)
    %c0_i32 = arith.constant 0 : i32 loc(#loc1)
    %c150_i32 = arith.constant 150 : i32 loc(#loc2)
    %c128_i32 = arith.constant 128 : i32 loc(#loc1)
    %c1_i64 = arith.constant 1 : i64 loc(#loc1)
    %a_desc = arith.extsi %a_stride0 : i32 to i64 loc(#loc45)
    %a_desc_0 = tt.make_tensor_descriptor %a_ptr, [%M, %K], [%a_desc, %c1_i64] : !tt.ptr<f16>, !tt.tensordesc<tensor<128x128xf16>> loc(#loc45)
    %b_desc = arith.extsi %b_stride0 : i32 to i64 loc(#loc46)
    %b_desc_1 = tt.make_tensor_descriptor %b_ptr, [%N, %K], [%b_desc, %c1_i64] : !tt.ptr<f16>, !tt.tensordesc<tensor<128x128xf16>> loc(#loc46)
    %c_desc = arith.extsi %c_stride0 : i32 to i64 loc(#loc47)
    %c_desc_2 = tt.make_tensor_descriptor %c_ptr, [%M, %N], [%c_desc, %c1_i64] : !tt.ptr<f16>, !tt.tensordesc<tensor<128x128xf16>> loc(#loc47)
    %start_pid = tt.get_program_id x : i32 loc(#loc48)
    %num_pid_m = arith.addi %M, %c127_i32 : i32 loc(#loc72)
    %num_pid_m_3 = arith.divsi %num_pid_m, %c128_i32 : i32 loc(#loc73)
    %num_pid_n = arith.addi %N, %c127_i32 : i32 loc(#loc74)
    %num_pid_n_4 = arith.divsi %num_pid_n, %c128_i32 : i32 loc(#loc75)
    %k_tiles = arith.addi %K, %c127_i32 : i32 loc(#loc76)
    %k_tiles_5 = arith.divsi %k_tiles, %c128_i32 : i32 loc(#loc77)
    %num_tiles = arith.muli %num_pid_m_3, %num_pid_n_4 : i32 loc(#loc52)
    scf.for %tile_id = %start_pid to %num_tiles step %c150_i32  : i32 {
      %num_pid_in_group = arith.muli %num_pid_n_4, %c8_i32 : i32 loc(#loc78)
      %group_id = arith.divsi %tile_id, %num_pid_in_group : i32 loc(#loc79)
      %first_pid_m = arith.muli %group_id, %c8_i32 : i32 loc(#loc80)
      %group_size_m = arith.subi %num_pid_m_3, %first_pid_m : i32 loc(#loc81)
      %group_size_m_6 = arith.minsi %group_size_m, %c8_i32 : i32 loc(#loc82)
      %pid_m = arith.remsi %tile_id, %group_size_m_6 : i32 loc(#loc83)
      %pid_m_7 = arith.addi %first_pid_m, %pid_m : i32 loc(#loc84)
      %pid_n = arith.remsi %tile_id, %num_pid_in_group : i32 loc(#loc85)
      %pid_n_8 = arith.divsi %pid_n, %group_size_m_6 : i32 loc(#loc86)
      %off_am = arith.muli %pid_m_7, %c128_i32 : i32 loc(#loc62)
      %off_bn = arith.muli %pid_n_8, %c128_i32 : i32 loc(#loc63)
      %accumulator = scf.for %ki = %c0_i32 to %k_tiles_5 step %c1_i32 iter_args(%accumulator_9 = %cst) -> (tensor<128x128xf32, #blocked>)  : i32 {
        %off_k = arith.muli %ki, %c128_i32 : i32 loc(#loc65)
        %a = tt.descriptor_load %a_desc_0[%off_am, %off_k] : !tt.tensordesc<tensor<128x128xf16>> -> tensor<128x128xf16, #blocked1> loc(#loc66)
        %a_10 = ttg.convert_layout %a : tensor<128x128xf16, #blocked1> -> tensor<128x128xf16, #blocked> loc(#loc66)
        %b = tt.descriptor_load %b_desc_1[%off_bn, %off_k] : !tt.tensordesc<tensor<128x128xf16>> -> tensor<128x128xf16, #blocked1> loc(#loc67)
        %b_11 = ttg.convert_layout %b : tensor<128x128xf16, #blocked1> -> tensor<128x128xf16, #blocked> loc(#loc67)
        %accumulator_12 = tt.trans %b_11 {order = array<i32: 1, 0>} : tensor<128x128xf16, #blocked> -> tensor<128x128xf16, #blocked2> loc(#loc68)
        %accumulator_13 = ttg.convert_layout %accumulator_12 : tensor<128x128xf16, #blocked2> -> tensor<128x128xf16, #blocked> loc(#loc69)
        %a_14 = ttg.convert_layout %a_10 : tensor<128x128xf16, #blocked> -> tensor<128x128xf16, #ttg.dot_op<{opIdx = 0, parent = #blocked3}>> loc(#loc66)
        %accumulator_15 = ttg.convert_layout %accumulator_13 : tensor<128x128xf16, #blocked> -> tensor<128x128xf16, #ttg.dot_op<{opIdx = 1, parent = #blocked3}>> loc(#loc69)
        %accumulator_16 = ttg.convert_layout %accumulator_9 : tensor<128x128xf32, #blocked> -> tensor<128x128xf32, #blocked3> loc(#loc87)
        %accumulator_17 = tt.dot %a_14, %accumulator_15, %accumulator_16, inputPrecision = tf32 : tensor<128x128xf16, #ttg.dot_op<{opIdx = 0, parent = #blocked3}>> * tensor<128x128xf16, #ttg.dot_op<{opIdx = 1, parent = #blocked3}>> -> tensor<128x128xf32, #blocked3> loc(#loc69)
        %1 = ttg.convert_layout %accumulator_17 : tensor<128x128xf32, #blocked3> -> tensor<128x128xf32, #blocked> loc(#loc32)
        scf.yield %1 : tensor<128x128xf32, #blocked> loc(#loc32)
      } loc(#loc64)
      %c = arith.truncf %accumulator : tensor<128x128xf32, #blocked> to tensor<128x128xf16, #blocked> loc(#loc71)
      %0 = ttg.convert_layout %c : tensor<128x128xf16, #blocked> -> tensor<128x128xf16, #blocked1> loc(#loc34)
      tt.descriptor_store %c_desc_2[%off_am, %off_bn], %0 : !tt.tensordesc<tensor<128x128xf16>>, tensor<128x128xf16, #blocked1> loc(#loc34)
    } {tt.flatten, tt.num_stages = 2 : i32, tt.warp_specialize} loc(#loc2)
    tt.return loc(#loc35)
  } loc(#loc)
} loc(#loc)
#loc1 = loc(unknown)
#loc2 = loc("/home/scratch.egaburov_sw/oai-triton/triton-src/triton-solid-01.git/python/test/unit/language/test_warp_specialization.py":323:28)
#loc3 = loc("/home/scratch.egaburov_sw/oai-triton/triton-src/triton-solid-01.git/python/test/unit/language/test_warp_specialization.py":309:39)
#loc4 = loc("/home/scratch.egaburov_sw/oai-triton/triton-src/triton-solid-01.git/python/test/unit/language/test_warp_specialization.py":311:39)
#loc5 = loc("/home/scratch.egaburov_sw/oai-triton/triton-src/triton-solid-01.git/python/test/unit/language/test_warp_specialization.py":313:39)
#loc6 = loc("/home/scratch.egaburov_sw/oai-triton/triton-src/triton-solid-01.git/python/test/unit/language/test_warp_specialization.py":316:30)
#loc7 = loc("/home/scratch.egaburov_sw/oai-triton/triton-src/triton-solid-01.git/python/triton/language/standard.py":43:17)
#loc8 = loc("/home/scratch.egaburov_sw/oai-triton/triton-src/triton-solid-01.git/python/test/unit/language/test_warp_specialization.py":317:27)
#loc9 = loc("/home/scratch.egaburov_sw/oai-triton/triton-src/triton-solid-01.git/python/triton/language/standard.py":43:30)
#loc10 = loc("/home/scratch.egaburov_sw/oai-triton/triton-src/triton-solid-01.git/python/test/unit/language/test_warp_specialization.py":318:27)
#loc11 = loc("/home/scratch.egaburov_sw/oai-triton/triton-src/triton-solid-01.git/python/test/unit/language/test_warp_specialization.py":319:25)
#loc12 = loc("/home/scratch.egaburov_sw/oai-triton/triton-src/triton-solid-01.git/python/test/unit/language/test_warp_specialization.py":320:28)
#loc13 = loc("/home/scratch.egaburov_sw/oai-triton/triton-src/triton-solid-01.git/python/test/unit/language/test_warp_specialization.py":191:38)
#loc14 = loc("/home/scratch.egaburov_sw/oai-triton/triton-src/triton-solid-01.git/python/test/unit/language/test_warp_specialization.py":324:67)
#loc15 = loc("/home/scratch.egaburov_sw/oai-triton/triton-src/triton-solid-01.git/python/test/unit/language/test_warp_specialization.py":192:26)
#loc16 = loc("/home/scratch.egaburov_sw/oai-triton/triton-src/triton-solid-01.git/python/test/unit/language/test_warp_specialization.py":193:29)
#loc17 = loc("/home/scratch.egaburov_sw/oai-triton/triton-src/triton-solid-01.git/python/test/unit/language/test_warp_specialization.py":194:35)
#loc18 = loc("/home/scratch.egaburov_sw/oai-triton/triton-src/triton-solid-01.git/python/test/unit/language/test_warp_specialization.py":194:48)
#loc19 = loc("/home/scratch.egaburov_sw/oai-triton/triton-src/triton-solid-01.git/python/test/unit/language/test_warp_specialization.py":195:37)
#loc20 = loc("/home/scratch.egaburov_sw/oai-triton/triton-src/triton-solid-01.git/python/test/unit/language/test_warp_specialization.py":195:27)
#loc21 = loc("/home/scratch.egaburov_sw/oai-triton/triton-src/triton-solid-01.git/python/test/unit/language/test_warp_specialization.py":196:23)
#loc22 = loc("/home/scratch.egaburov_sw/oai-triton/triton-src/triton-solid-01.git/python/test/unit/language/test_warp_specialization.py":196:44)
#loc23 = loc("/home/scratch.egaburov_sw/oai-triton/triton-src/triton-solid-01.git/python/test/unit/language/test_warp_specialization.py":326:25)
#loc24 = loc("/home/scratch.egaburov_sw/oai-triton/triton-src/triton-solid-01.git/python/test/unit/language/test_warp_specialization.py":327:25)
#loc25 = loc("/home/scratch.egaburov_sw/oai-triton/triton-src/triton-solid-01.git/python/test/unit/language/test_warp_specialization.py":329:24)
#loc26 = loc("/home/scratch.egaburov_sw/oai-triton/triton-src/triton-solid-01.git/python/test/unit/language/test_warp_specialization.py":330:25)
#loc27 = loc("/home/scratch.egaburov_sw/oai-triton/triton-src/triton-solid-01.git/python/test/unit/language/test_warp_specialization.py":331:28)
#loc28 = loc("/home/scratch.egaburov_sw/oai-triton/triton-src/triton-solid-01.git/python/test/unit/language/test_warp_specialization.py":332:28)
#loc29 = loc("/home/scratch.egaburov_sw/oai-triton/triton-src/triton-solid-01.git/python/test/unit/language/test_warp_specialization.py":333:36)
#loc30 = loc("/home/scratch.egaburov_sw/oai-triton/triton-src/triton-solid-01.git/python/test/unit/language/test_warp_specialization.py":333:41)
#loc31 = loc("/home/scratch.egaburov_sw/oai-triton/triton-src/triton-solid-01.git/python/test/unit/language/test_warp_specialization.py":328:31)
#loc32 = loc("/home/scratch.egaburov_sw/oai-triton/triton-src/triton-solid-01.git/python/test/unit/language/test_warp_specialization.py":333:12)
#loc33 = loc("/home/scratch.egaburov_sw/oai-triton/triton-src/triton-solid-01.git/python/test/unit/language/test_warp_specialization.py":335:27)
#loc34 = loc("/home/scratch.egaburov_sw/oai-triton/triton-src/triton-solid-01.git/python/test/unit/language/test_warp_specialization.py":336:39)
#loc35 = loc("/home/scratch.egaburov_sw/oai-triton/triton-src/triton-solid-01.git/python/test/unit/language/test_warp_specialization.py":322:4)
#loc45 = loc("a_desc"(#loc3))
#loc46 = loc("b_desc"(#loc4))
#loc47 = loc("c_desc"(#loc5))
#loc48 = loc("start_pid"(#loc6))
#loc49 = loc("num_pid_m"(#loc8))
#loc50 = loc("num_pid_n"(#loc10))
#loc51 = loc("k_tiles"(#loc11))
#loc52 = loc("num_tiles"(#loc12))
#loc53 = loc("num_pid_in_group"(#loc13))
#loc54 = loc("group_id"(#loc15))
#loc55 = loc("first_pid_m"(#loc16))
#loc56 = loc("group_size_m"(#loc17))
#loc57 = loc("group_size_m"(#loc18))
#loc58 = loc("pid_m"(#loc19))
#loc59 = loc("pid_m"(#loc20))
#loc60 = loc("pid_n"(#loc21))
#loc61 = loc("pid_n"(#loc22))
#loc62 = loc("off_am"(#loc23))
#loc63 = loc("off_bn"(#loc24))
#loc64 = loc("accumulator"(#loc25))
#loc65 = loc("off_k"(#loc26))
#loc66 = loc("a"(#loc27))
#loc67 = loc("b"(#loc28))
#loc68 = loc("accumulator"(#loc29))
#loc69 = loc("accumulator"(#loc30))
#loc70 = loc("accumulator"(#loc31))
#loc71 = loc("c"(#loc33))
#loc72 = loc(callsite(#loc7 at #loc49))
#loc73 = loc(callsite(#loc9 at #loc49))
#loc74 = loc(callsite(#loc7 at #loc50))
#loc75 = loc(callsite(#loc9 at #loc50))
#loc76 = loc(callsite(#loc7 at #loc51))
#loc77 = loc(callsite(#loc9 at #loc51))
#loc78 = loc(callsite(#loc53 at #loc14))
#loc79 = loc(callsite(#loc54 at #loc14))
#loc80 = loc(callsite(#loc55 at #loc14))
#loc81 = loc(callsite(#loc56 at #loc14))
#loc82 = loc(callsite(#loc57 at #loc14))
#loc83 = loc(callsite(#loc58 at #loc14))
#loc84 = loc(callsite(#loc59 at #loc14))
#loc85 = loc(callsite(#loc60 at #loc14))
#loc86 = loc(callsite(#loc61 at #loc14))
#loc87 = loc("accumulator"(#loc70))


// -----// IR Dump Before TritonGPUOptimizeThreadLocality (tritongpu-optimize-thread-locality) ('builtin.module' operation) //----- //
#blocked = #ttg.blocked<{sizePerThread = [4, 4], threadsPerWarp = [1, 32], warpsPerCTA = [8, 1], order = [1, 0]}>
#blocked1 = #ttg.blocked<{sizePerThread = [1, 8], threadsPerWarp = [2, 16], warpsPerCTA = [8, 1], order = [1, 0]}>
#blocked2 = #ttg.blocked<{sizePerThread = [8, 1], threadsPerWarp = [16, 2], warpsPerCTA = [1, 8], order = [0, 1]}>
#loc = loc("/home/scratch.egaburov_sw/oai-triton/triton-src/triton-solid-01.git/python/test/unit/language/test_warp_specialization.py":294:0)
#loc35 = loc("a_ptr"(#loc))
#loc36 = loc("b_ptr"(#loc))
#loc37 = loc("c_ptr"(#loc))
#loc38 = loc("a_stride0"(#loc))
#loc39 = loc("b_stride0"(#loc))
#loc40 = loc("c_stride0"(#loc))
#loc41 = loc("M"(#loc))
#loc42 = loc("N"(#loc))
#loc43 = loc("K"(#loc))
module attributes {"ttg.cluster-dim-x" = 1 : i32, "ttg.cluster-dim-y" = 1 : i32, "ttg.cluster-dim-z" = 1 : i32, ttg.max_reg_auto_ws = 152 : i32, ttg.min_reg_auto_ws = 24 : i32, "ttg.num-ctas" = 1 : i32, "ttg.num-warps" = 8 : i32, ttg.target = "cuda:103", "ttg.threads-per-warp" = 32 : i32} {
  tt.func public @matmul_tma_persistent_ws_kernel(%a_ptr: !tt.ptr<f16> {tt.divisibility = 16 : i32} loc("a_ptr"(#loc)), %b_ptr: !tt.ptr<f16> {tt.divisibility = 16 : i32} loc("b_ptr"(#loc)), %c_ptr: !tt.ptr<f16> {tt.divisibility = 16 : i32} loc("c_ptr"(#loc)), %a_stride0: i32 {tt.divisibility = 16 : i32} loc("a_stride0"(#loc)), %b_stride0: i32 {tt.divisibility = 16 : i32} loc("b_stride0"(#loc)), %c_stride0: i32 {tt.divisibility = 16 : i32} loc("c_stride0"(#loc)), %M: i32 {tt.divisibility = 16 : i32} loc("M"(#loc)), %N: i32 {tt.divisibility = 16 : i32} loc("N"(#loc)), %K: i32 {tt.divisibility = 16 : i32} loc("K"(#loc))) attributes {noinline = false} {
    %c1_i64 = arith.constant 1 : i64 loc(#loc1)
    %c128_i32 = arith.constant 128 : i32 loc(#loc1)
    %c150_i32 = arith.constant 150 : i32 loc(#loc2)
    %c0_i32 = arith.constant 0 : i32 loc(#loc1)
    %c1_i32 = arith.constant 1 : i32 loc(#loc1)
    %c127_i32 = arith.constant 127 : i32 loc(#loc1)
    %c8_i32 = arith.constant 8 : i32 loc(#loc1)
    %cst = arith.constant dense<0.000000e+00> : tensor<128x128xf32, #blocked> loc(#loc1)
    %a_desc = arith.extsi %a_stride0 : i32 to i64 loc(#loc44)
    %a_desc_0 = tt.make_tensor_descriptor %a_ptr, [%M, %K], [%a_desc, %c1_i64] : !tt.ptr<f16>, !tt.tensordesc<tensor<128x128xf16>> loc(#loc44)
    %b_desc = arith.extsi %b_stride0 : i32 to i64 loc(#loc45)
    %b_desc_1 = tt.make_tensor_descriptor %b_ptr, [%N, %K], [%b_desc, %c1_i64] : !tt.ptr<f16>, !tt.tensordesc<tensor<128x128xf16>> loc(#loc45)
    %c_desc = arith.extsi %c_stride0 : i32 to i64 loc(#loc46)
    %c_desc_2 = tt.make_tensor_descriptor %c_ptr, [%M, %N], [%c_desc, %c1_i64] : !tt.ptr<f16>, !tt.tensordesc<tensor<128x128xf16>> loc(#loc46)
    %start_pid = tt.get_program_id x : i32 loc(#loc47)
    %num_pid_m = arith.addi %M, %c127_i32 : i32 loc(#loc70)
    %num_pid_m_3 = arith.divsi %num_pid_m, %c128_i32 : i32 loc(#loc71)
    %num_pid_n = arith.addi %N, %c127_i32 : i32 loc(#loc72)
    %num_pid_n_4 = arith.divsi %num_pid_n, %c128_i32 : i32 loc(#loc73)
    %k_tiles = arith.addi %K, %c127_i32 : i32 loc(#loc74)
    %k_tiles_5 = arith.divsi %k_tiles, %c128_i32 : i32 loc(#loc75)
    %num_tiles = arith.muli %num_pid_m_3, %num_pid_n_4 : i32 loc(#loc51)
    scf.for %tile_id = %start_pid to %num_tiles step %c150_i32  : i32 {
      %num_pid_in_group = arith.muli %num_pid_n_4, %c8_i32 : i32 loc(#loc76)
      %group_id = arith.divsi %tile_id, %num_pid_in_group : i32 loc(#loc77)
      %first_pid_m = arith.muli %group_id, %c8_i32 : i32 loc(#loc78)
      %group_size_m = arith.subi %num_pid_m_3, %first_pid_m : i32 loc(#loc79)
      %group_size_m_6 = arith.minsi %group_size_m, %c8_i32 : i32 loc(#loc80)
      %pid_m = arith.remsi %tile_id, %group_size_m_6 : i32 loc(#loc81)
      %pid_m_7 = arith.addi %first_pid_m, %pid_m : i32 loc(#loc82)
      %pid_n = arith.remsi %tile_id, %num_pid_in_group : i32 loc(#loc83)
      %pid_n_8 = arith.divsi %pid_n, %group_size_m_6 : i32 loc(#loc84)
      %off_am = arith.muli %pid_m_7, %c128_i32 : i32 loc(#loc61)
      %off_bn = arith.muli %pid_n_8, %c128_i32 : i32 loc(#loc62)
      %accumulator = scf.for %accumulator_9 = %c0_i32 to %k_tiles_5 step %c1_i32 iter_args(%arg11 = %cst) -> (tensor<128x128xf32, #blocked>)  : i32 {
        %off_k = arith.muli %accumulator_9, %c128_i32 : i32 loc(#loc64)
        %a = tt.descriptor_load %a_desc_0[%off_am, %off_k] : !tt.tensordesc<tensor<128x128xf16>> -> tensor<128x128xf16, #blocked1> loc(#loc65)
        %b = tt.descriptor_load %b_desc_1[%off_bn, %off_k] : !tt.tensordesc<tensor<128x128xf16>> -> tensor<128x128xf16, #blocked1> loc(#loc66)
        %accumulator_10 = tt.trans %b {order = array<i32: 1, 0>} : tensor<128x128xf16, #blocked1> -> tensor<128x128xf16, #blocked2> loc(#loc67)
        %a_11 = ttg.convert_layout %a : tensor<128x128xf16, #blocked1> -> tensor<128x128xf16, #ttg.dot_op<{opIdx = 0, parent = #blocked}>> loc(#loc65)
        %accumulator_12 = ttg.convert_layout %accumulator_10 : tensor<128x128xf16, #blocked2> -> tensor<128x128xf16, #ttg.dot_op<{opIdx = 1, parent = #blocked}>> loc(#loc68)
        %accumulator_13 = tt.dot %a_11, %accumulator_12, %arg11, inputPrecision = tf32 : tensor<128x128xf16, #ttg.dot_op<{opIdx = 0, parent = #blocked}>> * tensor<128x128xf16, #ttg.dot_op<{opIdx = 1, parent = #blocked}>> -> tensor<128x128xf32, #blocked> loc(#loc68)
        scf.yield %accumulator_13 : tensor<128x128xf32, #blocked> loc(#loc31)
      } loc(#loc63)
      %c = arith.truncf %accumulator : tensor<128x128xf32, #blocked> to tensor<128x128xf16, #blocked> loc(#loc69)
      %0 = ttg.convert_layout %c : tensor<128x128xf16, #blocked> -> tensor<128x128xf16, #blocked1> loc(#loc33)
      tt.descriptor_store %c_desc_2[%off_am, %off_bn], %0 : !tt.tensordesc<tensor<128x128xf16>>, tensor<128x128xf16, #blocked1> loc(#loc33)
    } {tt.flatten, tt.num_stages = 2 : i32, tt.warp_specialize} loc(#loc2)
    tt.return loc(#loc34)
  } loc(#loc)
} loc(#loc)
#loc1 = loc(unknown)
#loc2 = loc("/home/scratch.egaburov_sw/oai-triton/triton-src/triton-solid-01.git/python/test/unit/language/test_warp_specialization.py":323:28)
#loc3 = loc("/home/scratch.egaburov_sw/oai-triton/triton-src/triton-solid-01.git/python/test/unit/language/test_warp_specialization.py":309:39)
#loc4 = loc("/home/scratch.egaburov_sw/oai-triton/triton-src/triton-solid-01.git/python/test/unit/language/test_warp_specialization.py":311:39)
#loc5 = loc("/home/scratch.egaburov_sw/oai-triton/triton-src/triton-solid-01.git/python/test/unit/language/test_warp_specialization.py":313:39)
#loc6 = loc("/home/scratch.egaburov_sw/oai-triton/triton-src/triton-solid-01.git/python/test/unit/language/test_warp_specialization.py":316:30)
#loc7 = loc("/home/scratch.egaburov_sw/oai-triton/triton-src/triton-solid-01.git/python/triton/language/standard.py":43:17)
#loc8 = loc("/home/scratch.egaburov_sw/oai-triton/triton-src/triton-solid-01.git/python/test/unit/language/test_warp_specialization.py":317:27)
#loc9 = loc("/home/scratch.egaburov_sw/oai-triton/triton-src/triton-solid-01.git/python/triton/language/standard.py":43:30)
#loc10 = loc("/home/scratch.egaburov_sw/oai-triton/triton-src/triton-solid-01.git/python/test/unit/language/test_warp_specialization.py":318:27)
#loc11 = loc("/home/scratch.egaburov_sw/oai-triton/triton-src/triton-solid-01.git/python/test/unit/language/test_warp_specialization.py":319:25)
#loc12 = loc("/home/scratch.egaburov_sw/oai-triton/triton-src/triton-solid-01.git/python/test/unit/language/test_warp_specialization.py":320:28)
#loc13 = loc("/home/scratch.egaburov_sw/oai-triton/triton-src/triton-solid-01.git/python/test/unit/language/test_warp_specialization.py":191:38)
#loc14 = loc("/home/scratch.egaburov_sw/oai-triton/triton-src/triton-solid-01.git/python/test/unit/language/test_warp_specialization.py":324:67)
#loc15 = loc("/home/scratch.egaburov_sw/oai-triton/triton-src/triton-solid-01.git/python/test/unit/language/test_warp_specialization.py":192:26)
#loc16 = loc("/home/scratch.egaburov_sw/oai-triton/triton-src/triton-solid-01.git/python/test/unit/language/test_warp_specialization.py":193:29)
#loc17 = loc("/home/scratch.egaburov_sw/oai-triton/triton-src/triton-solid-01.git/python/test/unit/language/test_warp_specialization.py":194:35)
#loc18 = loc("/home/scratch.egaburov_sw/oai-triton/triton-src/triton-solid-01.git/python/test/unit/language/test_warp_specialization.py":194:48)
#loc19 = loc("/home/scratch.egaburov_sw/oai-triton/triton-src/triton-solid-01.git/python/test/unit/language/test_warp_specialization.py":195:37)
#loc20 = loc("/home/scratch.egaburov_sw/oai-triton/triton-src/triton-solid-01.git/python/test/unit/language/test_warp_specialization.py":195:27)
#loc21 = loc("/home/scratch.egaburov_sw/oai-triton/triton-src/triton-solid-01.git/python/test/unit/language/test_warp_specialization.py":196:23)
#loc22 = loc("/home/scratch.egaburov_sw/oai-triton/triton-src/triton-solid-01.git/python/test/unit/language/test_warp_specialization.py":196:44)
#loc23 = loc("/home/scratch.egaburov_sw/oai-triton/triton-src/triton-solid-01.git/python/test/unit/language/test_warp_specialization.py":326:25)
#loc24 = loc("/home/scratch.egaburov_sw/oai-triton/triton-src/triton-solid-01.git/python/test/unit/language/test_warp_specialization.py":327:25)
#loc25 = loc("/home/scratch.egaburov_sw/oai-triton/triton-src/triton-solid-01.git/python/test/unit/language/test_warp_specialization.py":329:24)
#loc26 = loc("/home/scratch.egaburov_sw/oai-triton/triton-src/triton-solid-01.git/python/test/unit/language/test_warp_specialization.py":330:25)
#loc27 = loc("/home/scratch.egaburov_sw/oai-triton/triton-src/triton-solid-01.git/python/test/unit/language/test_warp_specialization.py":331:28)
#loc28 = loc("/home/scratch.egaburov_sw/oai-triton/triton-src/triton-solid-01.git/python/test/unit/language/test_warp_specialization.py":332:28)
#loc29 = loc("/home/scratch.egaburov_sw/oai-triton/triton-src/triton-solid-01.git/python/test/unit/language/test_warp_specialization.py":333:36)
#loc30 = loc("/home/scratch.egaburov_sw/oai-triton/triton-src/triton-solid-01.git/python/test/unit/language/test_warp_specialization.py":333:41)
#loc31 = loc("/home/scratch.egaburov_sw/oai-triton/triton-src/triton-solid-01.git/python/test/unit/language/test_warp_specialization.py":333:12)
#loc32 = loc("/home/scratch.egaburov_sw/oai-triton/triton-src/triton-solid-01.git/python/test/unit/language/test_warp_specialization.py":335:27)
#loc33 = loc("/home/scratch.egaburov_sw/oai-triton/triton-src/triton-solid-01.git/python/test/unit/language/test_warp_specialization.py":336:39)
#loc34 = loc("/home/scratch.egaburov_sw/oai-triton/triton-src/triton-solid-01.git/python/test/unit/language/test_warp_specialization.py":322:4)
#loc44 = loc("a_desc"(#loc3))
#loc45 = loc("b_desc"(#loc4))
#loc46 = loc("c_desc"(#loc5))
#loc47 = loc("start_pid"(#loc6))
#loc48 = loc("num_pid_m"(#loc8))
#loc49 = loc("num_pid_n"(#loc10))
#loc50 = loc("k_tiles"(#loc11))
#loc51 = loc("num_tiles"(#loc12))
#loc52 = loc("num_pid_in_group"(#loc13))
#loc53 = loc("group_id"(#loc15))
#loc54 = loc("first_pid_m"(#loc16))
#loc55 = loc("group_size_m"(#loc17))
#loc56 = loc("group_size_m"(#loc18))
#loc57 = loc("pid_m"(#loc19))
#loc58 = loc("pid_m"(#loc20))
#loc59 = loc("pid_n"(#loc21))
#loc60 = loc("pid_n"(#loc22))
#loc61 = loc("off_am"(#loc23))
#loc62 = loc("off_bn"(#loc24))
#loc63 = loc("accumulator"(#loc25))
#loc64 = loc("off_k"(#loc26))
#loc65 = loc("a"(#loc27))
#loc66 = loc("b"(#loc28))
#loc67 = loc("accumulator"(#loc29))
#loc68 = loc("accumulator"(#loc30))
#loc69 = loc("c"(#loc32))
#loc70 = loc(callsite(#loc7 at #loc48))
#loc71 = loc(callsite(#loc9 at #loc48))
#loc72 = loc(callsite(#loc7 at #loc49))
#loc73 = loc(callsite(#loc9 at #loc49))
#loc74 = loc(callsite(#loc7 at #loc50))
#loc75 = loc(callsite(#loc9 at #loc50))
#loc76 = loc(callsite(#loc52 at #loc14))
#loc77 = loc(callsite(#loc53 at #loc14))
#loc78 = loc(callsite(#loc54 at #loc14))
#loc79 = loc(callsite(#loc55 at #loc14))
#loc80 = loc(callsite(#loc56 at #loc14))
#loc81 = loc(callsite(#loc57 at #loc14))
#loc82 = loc(callsite(#loc58 at #loc14))
#loc83 = loc(callsite(#loc59 at #loc14))
#loc84 = loc(callsite(#loc60 at #loc14))


// -----// IR Dump Before TritonGPUAccelerateMatmul (tritongpu-accelerate-matmul) ('builtin.module' operation) //----- //
#blocked = #ttg.blocked<{sizePerThread = [4, 4], threadsPerWarp = [1, 32], warpsPerCTA = [8, 1], order = [1, 0]}>
#blocked1 = #ttg.blocked<{sizePerThread = [1, 8], threadsPerWarp = [2, 16], warpsPerCTA = [8, 1], order = [1, 0]}>
#blocked2 = #ttg.blocked<{sizePerThread = [8, 1], threadsPerWarp = [16, 2], warpsPerCTA = [1, 8], order = [0, 1]}>
#loc = loc("/home/scratch.egaburov_sw/oai-triton/triton-src/triton-solid-01.git/python/test/unit/language/test_warp_specialization.py":294:0)
#loc35 = loc("a_ptr"(#loc))
#loc36 = loc("b_ptr"(#loc))
#loc37 = loc("c_ptr"(#loc))
#loc38 = loc("a_stride0"(#loc))
#loc39 = loc("b_stride0"(#loc))
#loc40 = loc("c_stride0"(#loc))
#loc41 = loc("M"(#loc))
#loc42 = loc("N"(#loc))
#loc43 = loc("K"(#loc))
module attributes {"ttg.cluster-dim-x" = 1 : i32, "ttg.cluster-dim-y" = 1 : i32, "ttg.cluster-dim-z" = 1 : i32, ttg.max_reg_auto_ws = 152 : i32, ttg.min_reg_auto_ws = 24 : i32, "ttg.num-ctas" = 1 : i32, "ttg.num-warps" = 8 : i32, ttg.target = "cuda:103", "ttg.threads-per-warp" = 32 : i32} {
  tt.func public @matmul_tma_persistent_ws_kernel(%a_ptr: !tt.ptr<f16> {tt.divisibility = 16 : i32} loc("a_ptr"(#loc)), %b_ptr: !tt.ptr<f16> {tt.divisibility = 16 : i32} loc("b_ptr"(#loc)), %c_ptr: !tt.ptr<f16> {tt.divisibility = 16 : i32} loc("c_ptr"(#loc)), %a_stride0: i32 {tt.divisibility = 16 : i32} loc("a_stride0"(#loc)), %b_stride0: i32 {tt.divisibility = 16 : i32} loc("b_stride0"(#loc)), %c_stride0: i32 {tt.divisibility = 16 : i32} loc("c_stride0"(#loc)), %M: i32 {tt.divisibility = 16 : i32} loc("M"(#loc)), %N: i32 {tt.divisibility = 16 : i32} loc("N"(#loc)), %K: i32 {tt.divisibility = 16 : i32} loc("K"(#loc))) attributes {noinline = false} {
    %c1_i64 = arith.constant 1 : i64 loc(#loc1)
    %c128_i32 = arith.constant 128 : i32 loc(#loc1)
    %c150_i32 = arith.constant 150 : i32 loc(#loc2)
    %c0_i32 = arith.constant 0 : i32 loc(#loc1)
    %c1_i32 = arith.constant 1 : i32 loc(#loc1)
    %c127_i32 = arith.constant 127 : i32 loc(#loc1)
    %c8_i32 = arith.constant 8 : i32 loc(#loc1)
    %cst = arith.constant dense<0.000000e+00> : tensor<128x128xf32, #blocked> loc(#loc1)
    %a_desc = arith.extsi %a_stride0 : i32 to i64 loc(#loc44)
    %a_desc_0 = tt.make_tensor_descriptor %a_ptr, [%M, %K], [%a_desc, %c1_i64] : !tt.ptr<f16>, !tt.tensordesc<tensor<128x128xf16>> loc(#loc44)
    %b_desc = arith.extsi %b_stride0 : i32 to i64 loc(#loc45)
    %b_desc_1 = tt.make_tensor_descriptor %b_ptr, [%N, %K], [%b_desc, %c1_i64] : !tt.ptr<f16>, !tt.tensordesc<tensor<128x128xf16>> loc(#loc45)
    %c_desc = arith.extsi %c_stride0 : i32 to i64 loc(#loc46)
    %c_desc_2 = tt.make_tensor_descriptor %c_ptr, [%M, %N], [%c_desc, %c1_i64] : !tt.ptr<f16>, !tt.tensordesc<tensor<128x128xf16>> loc(#loc46)
    %start_pid = tt.get_program_id x : i32 loc(#loc47)
    %num_pid_m = arith.addi %M, %c127_i32 : i32 loc(#loc70)
    %num_pid_m_3 = arith.divsi %num_pid_m, %c128_i32 : i32 loc(#loc71)
    %num_pid_n = arith.addi %N, %c127_i32 : i32 loc(#loc72)
    %num_pid_n_4 = arith.divsi %num_pid_n, %c128_i32 : i32 loc(#loc73)
    %k_tiles = arith.addi %K, %c127_i32 : i32 loc(#loc74)
    %k_tiles_5 = arith.divsi %k_tiles, %c128_i32 : i32 loc(#loc75)
    %num_tiles = arith.muli %num_pid_m_3, %num_pid_n_4 : i32 loc(#loc51)
    scf.for %tile_id = %start_pid to %num_tiles step %c150_i32  : i32 {
      %num_pid_in_group = arith.muli %num_pid_n_4, %c8_i32 : i32 loc(#loc76)
      %group_id = arith.divsi %tile_id, %num_pid_in_group : i32 loc(#loc77)
      %first_pid_m = arith.muli %group_id, %c8_i32 : i32 loc(#loc78)
      %group_size_m = arith.subi %num_pid_m_3, %first_pid_m : i32 loc(#loc79)
      %group_size_m_6 = arith.minsi %group_size_m, %c8_i32 : i32 loc(#loc80)
      %pid_m = arith.remsi %tile_id, %group_size_m_6 : i32 loc(#loc81)
      %pid_m_7 = arith.addi %first_pid_m, %pid_m : i32 loc(#loc82)
      %pid_n = arith.remsi %tile_id, %num_pid_in_group : i32 loc(#loc83)
      %pid_n_8 = arith.divsi %pid_n, %group_size_m_6 : i32 loc(#loc84)
      %off_am = arith.muli %pid_m_7, %c128_i32 : i32 loc(#loc61)
      %off_bn = arith.muli %pid_n_8, %c128_i32 : i32 loc(#loc62)
      %accumulator = scf.for %accumulator_9 = %c0_i32 to %k_tiles_5 step %c1_i32 iter_args(%arg11 = %cst) -> (tensor<128x128xf32, #blocked>)  : i32 {
        %off_k = arith.muli %accumulator_9, %c128_i32 : i32 loc(#loc64)
        %a = tt.descriptor_load %a_desc_0[%off_am, %off_k] : !tt.tensordesc<tensor<128x128xf16>> -> tensor<128x128xf16, #blocked1> loc(#loc65)
        %b = tt.descriptor_load %b_desc_1[%off_bn, %off_k] : !tt.tensordesc<tensor<128x128xf16>> -> tensor<128x128xf16, #blocked1> loc(#loc66)
        %accumulator_10 = tt.trans %b {order = array<i32: 1, 0>} : tensor<128x128xf16, #blocked1> -> tensor<128x128xf16, #blocked2> loc(#loc67)
        %a_11 = ttg.convert_layout %a : tensor<128x128xf16, #blocked1> -> tensor<128x128xf16, #ttg.dot_op<{opIdx = 0, parent = #blocked}>> loc(#loc65)
        %accumulator_12 = ttg.convert_layout %accumulator_10 : tensor<128x128xf16, #blocked2> -> tensor<128x128xf16, #ttg.dot_op<{opIdx = 1, parent = #blocked}>> loc(#loc68)
        %accumulator_13 = tt.dot %a_11, %accumulator_12, %arg11, inputPrecision = tf32 : tensor<128x128xf16, #ttg.dot_op<{opIdx = 0, parent = #blocked}>> * tensor<128x128xf16, #ttg.dot_op<{opIdx = 1, parent = #blocked}>> -> tensor<128x128xf32, #blocked> loc(#loc68)
        scf.yield %accumulator_13 : tensor<128x128xf32, #blocked> loc(#loc31)
      } loc(#loc63)
      %c = arith.truncf %accumulator : tensor<128x128xf32, #blocked> to tensor<128x128xf16, #blocked> loc(#loc69)
      %0 = ttg.convert_layout %c : tensor<128x128xf16, #blocked> -> tensor<128x128xf16, #blocked1> loc(#loc33)
      tt.descriptor_store %c_desc_2[%off_am, %off_bn], %0 : !tt.tensordesc<tensor<128x128xf16>>, tensor<128x128xf16, #blocked1> loc(#loc33)
    } {tt.flatten, tt.num_stages = 2 : i32, tt.warp_specialize} loc(#loc2)
    tt.return loc(#loc34)
  } loc(#loc)
} loc(#loc)
#loc1 = loc(unknown)
#loc2 = loc("/home/scratch.egaburov_sw/oai-triton/triton-src/triton-solid-01.git/python/test/unit/language/test_warp_specialization.py":323:28)
#loc3 = loc("/home/scratch.egaburov_sw/oai-triton/triton-src/triton-solid-01.git/python/test/unit/language/test_warp_specialization.py":309:39)
#loc4 = loc("/home/scratch.egaburov_sw/oai-triton/triton-src/triton-solid-01.git/python/test/unit/language/test_warp_specialization.py":311:39)
#loc5 = loc("/home/scratch.egaburov_sw/oai-triton/triton-src/triton-solid-01.git/python/test/unit/language/test_warp_specialization.py":313:39)
#loc6 = loc("/home/scratch.egaburov_sw/oai-triton/triton-src/triton-solid-01.git/python/test/unit/language/test_warp_specialization.py":316:30)
#loc7 = loc("/home/scratch.egaburov_sw/oai-triton/triton-src/triton-solid-01.git/python/triton/language/standard.py":43:17)
#loc8 = loc("/home/scratch.egaburov_sw/oai-triton/triton-src/triton-solid-01.git/python/test/unit/language/test_warp_specialization.py":317:27)
#loc9 = loc("/home/scratch.egaburov_sw/oai-triton/triton-src/triton-solid-01.git/python/triton/language/standard.py":43:30)
#loc10 = loc("/home/scratch.egaburov_sw/oai-triton/triton-src/triton-solid-01.git/python/test/unit/language/test_warp_specialization.py":318:27)
#loc11 = loc("/home/scratch.egaburov_sw/oai-triton/triton-src/triton-solid-01.git/python/test/unit/language/test_warp_specialization.py":319:25)
#loc12 = loc("/home/scratch.egaburov_sw/oai-triton/triton-src/triton-solid-01.git/python/test/unit/language/test_warp_specialization.py":320:28)
#loc13 = loc("/home/scratch.egaburov_sw/oai-triton/triton-src/triton-solid-01.git/python/test/unit/language/test_warp_specialization.py":191:38)
#loc14 = loc("/home/scratch.egaburov_sw/oai-triton/triton-src/triton-solid-01.git/python/test/unit/language/test_warp_specialization.py":324:67)
#loc15 = loc("/home/scratch.egaburov_sw/oai-triton/triton-src/triton-solid-01.git/python/test/unit/language/test_warp_specialization.py":192:26)
#loc16 = loc("/home/scratch.egaburov_sw/oai-triton/triton-src/triton-solid-01.git/python/test/unit/language/test_warp_specialization.py":193:29)
#loc17 = loc("/home/scratch.egaburov_sw/oai-triton/triton-src/triton-solid-01.git/python/test/unit/language/test_warp_specialization.py":194:35)
#loc18 = loc("/home/scratch.egaburov_sw/oai-triton/triton-src/triton-solid-01.git/python/test/unit/language/test_warp_specialization.py":194:48)
#loc19 = loc("/home/scratch.egaburov_sw/oai-triton/triton-src/triton-solid-01.git/python/test/unit/language/test_warp_specialization.py":195:37)
#loc20 = loc("/home/scratch.egaburov_sw/oai-triton/triton-src/triton-solid-01.git/python/test/unit/language/test_warp_specialization.py":195:27)
#loc21 = loc("/home/scratch.egaburov_sw/oai-triton/triton-src/triton-solid-01.git/python/test/unit/language/test_warp_specialization.py":196:23)
#loc22 = loc("/home/scratch.egaburov_sw/oai-triton/triton-src/triton-solid-01.git/python/test/unit/language/test_warp_specialization.py":196:44)
#loc23 = loc("/home/scratch.egaburov_sw/oai-triton/triton-src/triton-solid-01.git/python/test/unit/language/test_warp_specialization.py":326:25)
#loc24 = loc("/home/scratch.egaburov_sw/oai-triton/triton-src/triton-solid-01.git/python/test/unit/language/test_warp_specialization.py":327:25)
#loc25 = loc("/home/scratch.egaburov_sw/oai-triton/triton-src/triton-solid-01.git/python/test/unit/language/test_warp_specialization.py":329:24)
#loc26 = loc("/home/scratch.egaburov_sw/oai-triton/triton-src/triton-solid-01.git/python/test/unit/language/test_warp_specialization.py":330:25)
#loc27 = loc("/home/scratch.egaburov_sw/oai-triton/triton-src/triton-solid-01.git/python/test/unit/language/test_warp_specialization.py":331:28)
#loc28 = loc("/home/scratch.egaburov_sw/oai-triton/triton-src/triton-solid-01.git/python/test/unit/language/test_warp_specialization.py":332:28)
#loc29 = loc("/home/scratch.egaburov_sw/oai-triton/triton-src/triton-solid-01.git/python/test/unit/language/test_warp_specialization.py":333:36)
#loc30 = loc("/home/scratch.egaburov_sw/oai-triton/triton-src/triton-solid-01.git/python/test/unit/language/test_warp_specialization.py":333:41)
#loc31 = loc("/home/scratch.egaburov_sw/oai-triton/triton-src/triton-solid-01.git/python/test/unit/language/test_warp_specialization.py":333:12)
#loc32 = loc("/home/scratch.egaburov_sw/oai-triton/triton-src/triton-solid-01.git/python/test/unit/language/test_warp_specialization.py":335:27)
#loc33 = loc("/home/scratch.egaburov_sw/oai-triton/triton-src/triton-solid-01.git/python/test/unit/language/test_warp_specialization.py":336:39)
#loc34 = loc("/home/scratch.egaburov_sw/oai-triton/triton-src/triton-solid-01.git/python/test/unit/language/test_warp_specialization.py":322:4)
#loc44 = loc("a_desc"(#loc3))
#loc45 = loc("b_desc"(#loc4))
#loc46 = loc("c_desc"(#loc5))
#loc47 = loc("start_pid"(#loc6))
#loc48 = loc("num_pid_m"(#loc8))
#loc49 = loc("num_pid_n"(#loc10))
#loc50 = loc("k_tiles"(#loc11))
#loc51 = loc("num_tiles"(#loc12))
#loc52 = loc("num_pid_in_group"(#loc13))
#loc53 = loc("group_id"(#loc15))
#loc54 = loc("first_pid_m"(#loc16))
#loc55 = loc("group_size_m"(#loc17))
#loc56 = loc("group_size_m"(#loc18))
#loc57 = loc("pid_m"(#loc19))
#loc58 = loc("pid_m"(#loc20))
#loc59 = loc("pid_n"(#loc21))
#loc60 = loc("pid_n"(#loc22))
#loc61 = loc("off_am"(#loc23))
#loc62 = loc("off_bn"(#loc24))
#loc63 = loc("accumulator"(#loc25))
#loc64 = loc("off_k"(#loc26))
#loc65 = loc("a"(#loc27))
#loc66 = loc("b"(#loc28))
#loc67 = loc("accumulator"(#loc29))
#loc68 = loc("accumulator"(#loc30))
#loc69 = loc("c"(#loc32))
#loc70 = loc(callsite(#loc7 at #loc48))
#loc71 = loc(callsite(#loc9 at #loc48))
#loc72 = loc(callsite(#loc7 at #loc49))
#loc73 = loc(callsite(#loc9 at #loc49))
#loc74 = loc(callsite(#loc7 at #loc50))
#loc75 = loc(callsite(#loc9 at #loc50))
#loc76 = loc(callsite(#loc52 at #loc14))
#loc77 = loc(callsite(#loc53 at #loc14))
#loc78 = loc(callsite(#loc54 at #loc14))
#loc79 = loc(callsite(#loc55 at #loc14))
#loc80 = loc(callsite(#loc56 at #loc14))
#loc81 = loc(callsite(#loc57 at #loc14))
#loc82 = loc(callsite(#loc58 at #loc14))
#loc83 = loc(callsite(#loc59 at #loc14))
#loc84 = loc(callsite(#loc60 at #loc14))


// -----// IR Dump Before TritonGPURemoveLayoutConversions (tritongpu-remove-layout-conversions) ('builtin.module' operation) //----- //
#blocked = #ttg.blocked<{sizePerThread = [4, 4], threadsPerWarp = [1, 32], warpsPerCTA = [8, 1], order = [1, 0]}>
#blocked1 = #ttg.blocked<{sizePerThread = [1, 8], threadsPerWarp = [2, 16], warpsPerCTA = [8, 1], order = [1, 0]}>
#blocked2 = #ttg.blocked<{sizePerThread = [8, 1], threadsPerWarp = [16, 2], warpsPerCTA = [1, 8], order = [0, 1]}>
#linear = #ttg.linear<{register = [[0, 1], [0, 2], [0, 4], [0, 8], [0, 16], [0, 32]], lane = [[1, 0], [2, 0], [4, 0], [8, 0], [16, 0]], warp = [[32, 0], [64, 0], [0, 64]], block = []}>
#loc = loc("/home/scratch.egaburov_sw/oai-triton/triton-src/triton-solid-01.git/python/test/unit/language/test_warp_specialization.py":294:0)
#shared = #ttg.nvmma_shared<{swizzlingByteWidth = 128, transposed = false, elementBitWidth = 16}>
#shared1 = #ttg.nvmma_shared<{swizzlingByteWidth = 128, transposed = true, elementBitWidth = 16}>
#smem = #ttg.shared_memory
#tmem = #ttng.tensor_memory_encoding<blockM = 128, blockN = 128, colStride = 1>
#loc35 = loc("a_ptr"(#loc))
#loc36 = loc("b_ptr"(#loc))
#loc37 = loc("c_ptr"(#loc))
#loc38 = loc("a_stride0"(#loc))
#loc39 = loc("b_stride0"(#loc))
#loc40 = loc("c_stride0"(#loc))
#loc41 = loc("M"(#loc))
#loc42 = loc("N"(#loc))
#loc43 = loc("K"(#loc))
module attributes {"ttg.cluster-dim-x" = 1 : i32, "ttg.cluster-dim-y" = 1 : i32, "ttg.cluster-dim-z" = 1 : i32, ttg.max_reg_auto_ws = 152 : i32, ttg.min_reg_auto_ws = 24 : i32, "ttg.num-ctas" = 1 : i32, "ttg.num-warps" = 8 : i32, ttg.target = "cuda:103", "ttg.threads-per-warp" = 32 : i32} {
  tt.func public @matmul_tma_persistent_ws_kernel(%a_ptr: !tt.ptr<f16> {tt.divisibility = 16 : i32} loc("a_ptr"(#loc)), %b_ptr: !tt.ptr<f16> {tt.divisibility = 16 : i32} loc("b_ptr"(#loc)), %c_ptr: !tt.ptr<f16> {tt.divisibility = 16 : i32} loc("c_ptr"(#loc)), %a_stride0: i32 {tt.divisibility = 16 : i32} loc("a_stride0"(#loc)), %b_stride0: i32 {tt.divisibility = 16 : i32} loc("b_stride0"(#loc)), %c_stride0: i32 {tt.divisibility = 16 : i32} loc("c_stride0"(#loc)), %M: i32 {tt.divisibility = 16 : i32} loc("M"(#loc)), %N: i32 {tt.divisibility = 16 : i32} loc("N"(#loc)), %K: i32 {tt.divisibility = 16 : i32} loc("K"(#loc))) attributes {noinline = false} {
    %true = arith.constant true loc(#loc1)
    %c1_i64 = arith.constant 1 : i64 loc(#loc1)
    %c128_i32 = arith.constant 128 : i32 loc(#loc1)
    %c150_i32 = arith.constant 150 : i32 loc(#loc2)
    %c0_i32 = arith.constant 0 : i32 loc(#loc1)
    %c1_i32 = arith.constant 1 : i32 loc(#loc1)
    %c127_i32 = arith.constant 127 : i32 loc(#loc1)
    %c8_i32 = arith.constant 8 : i32 loc(#loc1)
    %cst = arith.constant dense<0.000000e+00> : tensor<128x128xf32, #blocked> loc(#loc1)
    %a_desc = arith.extsi %a_stride0 : i32 to i64 loc(#loc44)
    %a_desc_0 = tt.make_tensor_descriptor %a_ptr, [%M, %K], [%a_desc, %c1_i64] : !tt.ptr<f16>, !tt.tensordesc<tensor<128x128xf16>> loc(#loc44)
    %b_desc = arith.extsi %b_stride0 : i32 to i64 loc(#loc45)
    %b_desc_1 = tt.make_tensor_descriptor %b_ptr, [%N, %K], [%b_desc, %c1_i64] : !tt.ptr<f16>, !tt.tensordesc<tensor<128x128xf16>> loc(#loc45)
    %c_desc = arith.extsi %c_stride0 : i32 to i64 loc(#loc46)
    %c_desc_2 = tt.make_tensor_descriptor %c_ptr, [%M, %N], [%c_desc, %c1_i64] : !tt.ptr<f16>, !tt.tensordesc<tensor<128x128xf16>> loc(#loc46)
    %start_pid = tt.get_program_id x : i32 loc(#loc47)
    %num_pid_m = arith.addi %M, %c127_i32 : i32 loc(#loc70)
    %num_pid_m_3 = arith.divsi %num_pid_m, %c128_i32 : i32 loc(#loc71)
    %num_pid_n = arith.addi %N, %c127_i32 : i32 loc(#loc72)
    %num_pid_n_4 = arith.divsi %num_pid_n, %c128_i32 : i32 loc(#loc73)
    %k_tiles = arith.addi %K, %c127_i32 : i32 loc(#loc74)
    %k_tiles_5 = arith.divsi %k_tiles, %c128_i32 : i32 loc(#loc75)
    %num_tiles = arith.muli %num_pid_m_3, %num_pid_n_4 : i32 loc(#loc51)
    scf.for %tile_id = %start_pid to %num_tiles step %c150_i32  : i32 {
      %num_pid_in_group = arith.muli %num_pid_n_4, %c8_i32 : i32 loc(#loc76)
      %group_id = arith.divsi %tile_id, %num_pid_in_group : i32 loc(#loc77)
      %first_pid_m = arith.muli %group_id, %c8_i32 : i32 loc(#loc78)
      %group_size_m = arith.subi %num_pid_m_3, %first_pid_m : i32 loc(#loc79)
      %group_size_m_6 = arith.minsi %group_size_m, %c8_i32 : i32 loc(#loc80)
      %pid_m = arith.remsi %tile_id, %group_size_m_6 : i32 loc(#loc81)
      %pid_m_7 = arith.addi %first_pid_m, %pid_m : i32 loc(#loc82)
      %pid_n = arith.remsi %tile_id, %num_pid_in_group : i32 loc(#loc83)
      %pid_n_8 = arith.divsi %pid_n, %group_size_m_6 : i32 loc(#loc84)
      %off_am = arith.muli %pid_m_7, %c128_i32 : i32 loc(#loc61)
      %off_bn = arith.muli %pid_n_8, %c128_i32 : i32 loc(#loc62)
      %accumulator = scf.for %accumulator_9 = %c0_i32 to %k_tiles_5 step %c1_i32 iter_args(%arg11 = %cst) -> (tensor<128x128xf32, #blocked>)  : i32 {
        %off_k = arith.muli %accumulator_9, %c128_i32 : i32 loc(#loc64)
        %a = tt.descriptor_load %a_desc_0[%off_am, %off_k] : !tt.tensordesc<tensor<128x128xf16>> -> tensor<128x128xf16, #blocked1> loc(#loc65)
        %a_10 = ttg.local_alloc %a : (tensor<128x128xf16, #blocked1>) -> !ttg.memdesc<128x128xf16, #shared, #smem> loc(#loc65)
        %b = tt.descriptor_load %b_desc_1[%off_bn, %off_k] : !tt.tensordesc<tensor<128x128xf16>> -> tensor<128x128xf16, #blocked1> loc(#loc66)
        %accumulator_11 = tt.trans %b {order = array<i32: 1, 0>} : tensor<128x128xf16, #blocked1> -> tensor<128x128xf16, #blocked2> loc(#loc67)
        %accumulator_12 = ttg.local_alloc %accumulator_11 : (tensor<128x128xf16, #blocked2>) -> !ttg.memdesc<128x128xf16, #shared1, #smem> loc(#loc67)
        %accumulator_13 = ttg.convert_layout %arg11 : tensor<128x128xf32, #blocked> -> tensor<128x128xf32, #linear> loc(#loc68)
        %accumulator_14, %accumulator_15 = ttng.tmem_alloc %accumulator_13 : (tensor<128x128xf32, #linear>) -> (!ttg.memdesc<128x128xf32, #tmem, #ttng.tensor_memory, mutable>, !ttg.async.token) loc(#loc68)
        %accumulator_16 = ttng.tc_gen5_mma %a_10, %accumulator_12, %accumulator_14[%accumulator_15], %true, %true : !ttg.memdesc<128x128xf16, #shared, #smem>, !ttg.memdesc<128x128xf16, #shared1, #smem>, !ttg.memdesc<128x128xf32, #tmem, #ttng.tensor_memory, mutable> loc(#loc68)
        %accumulator_17, %accumulator_18 = ttng.tmem_load %accumulator_14[%accumulator_16] : !ttg.memdesc<128x128xf32, #tmem, #ttng.tensor_memory, mutable> -> tensor<128x128xf32, #linear> loc(#loc68)
        %accumulator_19 = ttg.convert_layout %accumulator_17 : tensor<128x128xf32, #linear> -> tensor<128x128xf32, #blocked> loc(#loc68)
        scf.yield %accumulator_19 : tensor<128x128xf32, #blocked> loc(#loc31)
      } loc(#loc63)
      %c = arith.truncf %accumulator : tensor<128x128xf32, #blocked> to tensor<128x128xf16, #blocked> loc(#loc69)
      %0 = ttg.convert_layout %c : tensor<128x128xf16, #blocked> -> tensor<128x128xf16, #blocked1> loc(#loc33)
      tt.descriptor_store %c_desc_2[%off_am, %off_bn], %0 : !tt.tensordesc<tensor<128x128xf16>>, tensor<128x128xf16, #blocked1> loc(#loc33)
    } {tt.flatten, tt.num_stages = 2 : i32, tt.warp_specialize} loc(#loc2)
    tt.return loc(#loc34)
  } loc(#loc)
} loc(#loc)
#loc1 = loc(unknown)
#loc2 = loc("/home/scratch.egaburov_sw/oai-triton/triton-src/triton-solid-01.git/python/test/unit/language/test_warp_specialization.py":323:28)
#loc3 = loc("/home/scratch.egaburov_sw/oai-triton/triton-src/triton-solid-01.git/python/test/unit/language/test_warp_specialization.py":309:39)
#loc4 = loc("/home/scratch.egaburov_sw/oai-triton/triton-src/triton-solid-01.git/python/test/unit/language/test_warp_specialization.py":311:39)
#loc5 = loc("/home/scratch.egaburov_sw/oai-triton/triton-src/triton-solid-01.git/python/test/unit/language/test_warp_specialization.py":313:39)
#loc6 = loc("/home/scratch.egaburov_sw/oai-triton/triton-src/triton-solid-01.git/python/test/unit/language/test_warp_specialization.py":316:30)
#loc7 = loc("/home/scratch.egaburov_sw/oai-triton/triton-src/triton-solid-01.git/python/triton/language/standard.py":43:17)
#loc8 = loc("/home/scratch.egaburov_sw/oai-triton/triton-src/triton-solid-01.git/python/test/unit/language/test_warp_specialization.py":317:27)
#loc9 = loc("/home/scratch.egaburov_sw/oai-triton/triton-src/triton-solid-01.git/python/triton/language/standard.py":43:30)
#loc10 = loc("/home/scratch.egaburov_sw/oai-triton/triton-src/triton-solid-01.git/python/test/unit/language/test_warp_specialization.py":318:27)
#loc11 = loc("/home/scratch.egaburov_sw/oai-triton/triton-src/triton-solid-01.git/python/test/unit/language/test_warp_specialization.py":319:25)
#loc12 = loc("/home/scratch.egaburov_sw/oai-triton/triton-src/triton-solid-01.git/python/test/unit/language/test_warp_specialization.py":320:28)
#loc13 = loc("/home/scratch.egaburov_sw/oai-triton/triton-src/triton-solid-01.git/python/test/unit/language/test_warp_specialization.py":191:38)
#loc14 = loc("/home/scratch.egaburov_sw/oai-triton/triton-src/triton-solid-01.git/python/test/unit/language/test_warp_specialization.py":324:67)
#loc15 = loc("/home/scratch.egaburov_sw/oai-triton/triton-src/triton-solid-01.git/python/test/unit/language/test_warp_specialization.py":192:26)
#loc16 = loc("/home/scratch.egaburov_sw/oai-triton/triton-src/triton-solid-01.git/python/test/unit/language/test_warp_specialization.py":193:29)
#loc17 = loc("/home/scratch.egaburov_sw/oai-triton/triton-src/triton-solid-01.git/python/test/unit/language/test_warp_specialization.py":194:35)
#loc18 = loc("/home/scratch.egaburov_sw/oai-triton/triton-src/triton-solid-01.git/python/test/unit/language/test_warp_specialization.py":194:48)
#loc19 = loc("/home/scratch.egaburov_sw/oai-triton/triton-src/triton-solid-01.git/python/test/unit/language/test_warp_specialization.py":195:37)
#loc20 = loc("/home/scratch.egaburov_sw/oai-triton/triton-src/triton-solid-01.git/python/test/unit/language/test_warp_specialization.py":195:27)
#loc21 = loc("/home/scratch.egaburov_sw/oai-triton/triton-src/triton-solid-01.git/python/test/unit/language/test_warp_specialization.py":196:23)
#loc22 = loc("/home/scratch.egaburov_sw/oai-triton/triton-src/triton-solid-01.git/python/test/unit/language/test_warp_specialization.py":196:44)
#loc23 = loc("/home/scratch.egaburov_sw/oai-triton/triton-src/triton-solid-01.git/python/test/unit/language/test_warp_specialization.py":326:25)
#loc24 = loc("/home/scratch.egaburov_sw/oai-triton/triton-src/triton-solid-01.git/python/test/unit/language/test_warp_specialization.py":327:25)
#loc25 = loc("/home/scratch.egaburov_sw/oai-triton/triton-src/triton-solid-01.git/python/test/unit/language/test_warp_specialization.py":329:24)
#loc26 = loc("/home/scratch.egaburov_sw/oai-triton/triton-src/triton-solid-01.git/python/test/unit/language/test_warp_specialization.py":330:25)
#loc27 = loc("/home/scratch.egaburov_sw/oai-triton/triton-src/triton-solid-01.git/python/test/unit/language/test_warp_specialization.py":331:28)
#loc28 = loc("/home/scratch.egaburov_sw/oai-triton/triton-src/triton-solid-01.git/python/test/unit/language/test_warp_specialization.py":332:28)
#loc29 = loc("/home/scratch.egaburov_sw/oai-triton/triton-src/triton-solid-01.git/python/test/unit/language/test_warp_specialization.py":333:36)
#loc30 = loc("/home/scratch.egaburov_sw/oai-triton/triton-src/triton-solid-01.git/python/test/unit/language/test_warp_specialization.py":333:41)
#loc31 = loc("/home/scratch.egaburov_sw/oai-triton/triton-src/triton-solid-01.git/python/test/unit/language/test_warp_specialization.py":333:12)
#loc32 = loc("/home/scratch.egaburov_sw/oai-triton/triton-src/triton-solid-01.git/python/test/unit/language/test_warp_specialization.py":335:27)
#loc33 = loc("/home/scratch.egaburov_sw/oai-triton/triton-src/triton-solid-01.git/python/test/unit/language/test_warp_specialization.py":336:39)
#loc34 = loc("/home/scratch.egaburov_sw/oai-triton/triton-src/triton-solid-01.git/python/test/unit/language/test_warp_specialization.py":322:4)
#loc44 = loc("a_desc"(#loc3))
#loc45 = loc("b_desc"(#loc4))
#loc46 = loc("c_desc"(#loc5))
#loc47 = loc("start_pid"(#loc6))
#loc48 = loc("num_pid_m"(#loc8))
#loc49 = loc("num_pid_n"(#loc10))
#loc50 = loc("k_tiles"(#loc11))
#loc51 = loc("num_tiles"(#loc12))
#loc52 = loc("num_pid_in_group"(#loc13))
#loc53 = loc("group_id"(#loc15))
#loc54 = loc("first_pid_m"(#loc16))
#loc55 = loc("group_size_m"(#loc17))
#loc56 = loc("group_size_m"(#loc18))
#loc57 = loc("pid_m"(#loc19))
#loc58 = loc("pid_m"(#loc20))
#loc59 = loc("pid_n"(#loc21))
#loc60 = loc("pid_n"(#loc22))
#loc61 = loc("off_am"(#loc23))
#loc62 = loc("off_bn"(#loc24))
#loc63 = loc("accumulator"(#loc25))
#loc64 = loc("off_k"(#loc26))
#loc65 = loc("a"(#loc27))
#loc66 = loc("b"(#loc28))
#loc67 = loc("accumulator"(#loc29))
#loc68 = loc("accumulator"(#loc30))
#loc69 = loc("c"(#loc32))
#loc70 = loc(callsite(#loc7 at #loc48))
#loc71 = loc(callsite(#loc9 at #loc48))
#loc72 = loc(callsite(#loc7 at #loc49))
#loc73 = loc(callsite(#loc9 at #loc49))
#loc74 = loc(callsite(#loc7 at #loc50))
#loc75 = loc(callsite(#loc9 at #loc50))
#loc76 = loc(callsite(#loc52 at #loc14))
#loc77 = loc(callsite(#loc53 at #loc14))
#loc78 = loc(callsite(#loc54 at #loc14))
#loc79 = loc(callsite(#loc55 at #loc14))
#loc80 = loc(callsite(#loc56 at #loc14))
#loc81 = loc(callsite(#loc57 at #loc14))
#loc82 = loc(callsite(#loc58 at #loc14))
#loc83 = loc(callsite(#loc59 at #loc14))
#loc84 = loc(callsite(#loc60 at #loc14))


// -----// IR Dump Before TritonGPUOptimizeDotOperands (tritongpu-optimize-dot-operands) ('builtin.module' operation) //----- //
#blocked = #ttg.blocked<{sizePerThread = [1, 8], threadsPerWarp = [2, 16], warpsPerCTA = [8, 1], order = [1, 0]}>
#blocked1 = #ttg.blocked<{sizePerThread = [8, 1], threadsPerWarp = [16, 2], warpsPerCTA = [1, 8], order = [0, 1]}>
#linear = #ttg.linear<{register = [[0, 1], [0, 2], [0, 4], [0, 8], [0, 16], [0, 32]], lane = [[1, 0], [2, 0], [4, 0], [8, 0], [16, 0]], warp = [[32, 0], [64, 0], [0, 64]], block = []}>
#loc = loc("/home/scratch.egaburov_sw/oai-triton/triton-src/triton-solid-01.git/python/test/unit/language/test_warp_specialization.py":294:0)
#shared = #ttg.nvmma_shared<{swizzlingByteWidth = 128, transposed = false, elementBitWidth = 16}>
#shared1 = #ttg.nvmma_shared<{swizzlingByteWidth = 128, transposed = true, elementBitWidth = 16}>
#smem = #ttg.shared_memory
#tmem = #ttng.tensor_memory_encoding<blockM = 128, blockN = 128, colStride = 1>
#loc35 = loc("a_ptr"(#loc))
#loc36 = loc("b_ptr"(#loc))
#loc37 = loc("c_ptr"(#loc))
#loc38 = loc("a_stride0"(#loc))
#loc39 = loc("b_stride0"(#loc))
#loc40 = loc("c_stride0"(#loc))
#loc41 = loc("M"(#loc))
#loc42 = loc("N"(#loc))
#loc43 = loc("K"(#loc))
module attributes {"ttg.cluster-dim-x" = 1 : i32, "ttg.cluster-dim-y" = 1 : i32, "ttg.cluster-dim-z" = 1 : i32, ttg.max_reg_auto_ws = 152 : i32, ttg.min_reg_auto_ws = 24 : i32, "ttg.num-ctas" = 1 : i32, "ttg.num-warps" = 8 : i32, ttg.target = "cuda:103", "ttg.threads-per-warp" = 32 : i32} {
  tt.func public @matmul_tma_persistent_ws_kernel(%a_ptr: !tt.ptr<f16> {tt.divisibility = 16 : i32} loc("a_ptr"(#loc)), %b_ptr: !tt.ptr<f16> {tt.divisibility = 16 : i32} loc("b_ptr"(#loc)), %c_ptr: !tt.ptr<f16> {tt.divisibility = 16 : i32} loc("c_ptr"(#loc)), %a_stride0: i32 {tt.divisibility = 16 : i32} loc("a_stride0"(#loc)), %b_stride0: i32 {tt.divisibility = 16 : i32} loc("b_stride0"(#loc)), %c_stride0: i32 {tt.divisibility = 16 : i32} loc("c_stride0"(#loc)), %M: i32 {tt.divisibility = 16 : i32} loc("M"(#loc)), %N: i32 {tt.divisibility = 16 : i32} loc("N"(#loc)), %K: i32 {tt.divisibility = 16 : i32} loc("K"(#loc))) attributes {noinline = false} {
    %true = arith.constant true loc(#loc1)
    %c1_i64 = arith.constant 1 : i64 loc(#loc1)
    %c128_i32 = arith.constant 128 : i32 loc(#loc1)
    %c150_i32 = arith.constant 150 : i32 loc(#loc2)
    %c0_i32 = arith.constant 0 : i32 loc(#loc1)
    %c1_i32 = arith.constant 1 : i32 loc(#loc1)
    %c127_i32 = arith.constant 127 : i32 loc(#loc1)
    %c8_i32 = arith.constant 8 : i32 loc(#loc1)
    %cst = arith.constant dense<0.000000e+00> : tensor<128x128xf32, #linear> loc(#loc1)
    %a_desc = arith.extsi %a_stride0 : i32 to i64 loc(#loc44)
    %a_desc_0 = tt.make_tensor_descriptor %a_ptr, [%M, %K], [%a_desc, %c1_i64] : !tt.ptr<f16>, !tt.tensordesc<tensor<128x128xf16>> loc(#loc44)
    %b_desc = arith.extsi %b_stride0 : i32 to i64 loc(#loc45)
    %b_desc_1 = tt.make_tensor_descriptor %b_ptr, [%N, %K], [%b_desc, %c1_i64] : !tt.ptr<f16>, !tt.tensordesc<tensor<128x128xf16>> loc(#loc45)
    %c_desc = arith.extsi %c_stride0 : i32 to i64 loc(#loc46)
    %c_desc_2 = tt.make_tensor_descriptor %c_ptr, [%M, %N], [%c_desc, %c1_i64] : !tt.ptr<f16>, !tt.tensordesc<tensor<128x128xf16>> loc(#loc46)
    %start_pid = tt.get_program_id x : i32 loc(#loc47)
    %num_pid_m = arith.addi %M, %c127_i32 : i32 loc(#loc70)
    %num_pid_m_3 = arith.divsi %num_pid_m, %c128_i32 : i32 loc(#loc71)
    %num_pid_n = arith.addi %N, %c127_i32 : i32 loc(#loc72)
    %num_pid_n_4 = arith.divsi %num_pid_n, %c128_i32 : i32 loc(#loc73)
    %k_tiles = arith.addi %K, %c127_i32 : i32 loc(#loc74)
    %k_tiles_5 = arith.divsi %k_tiles, %c128_i32 : i32 loc(#loc75)
    %num_tiles = arith.muli %num_pid_m_3, %num_pid_n_4 : i32 loc(#loc51)
    scf.for %tile_id = %start_pid to %num_tiles step %c150_i32  : i32 {
      %num_pid_in_group = arith.muli %num_pid_n_4, %c8_i32 : i32 loc(#loc76)
      %group_id = arith.divsi %tile_id, %num_pid_in_group : i32 loc(#loc77)
      %first_pid_m = arith.muli %group_id, %c8_i32 : i32 loc(#loc78)
      %group_size_m = arith.subi %num_pid_m_3, %first_pid_m : i32 loc(#loc79)
      %group_size_m_6 = arith.minsi %group_size_m, %c8_i32 : i32 loc(#loc80)
      %pid_m = arith.remsi %tile_id, %group_size_m_6 : i32 loc(#loc81)
      %pid_m_7 = arith.addi %first_pid_m, %pid_m : i32 loc(#loc82)
      %pid_n = arith.remsi %tile_id, %num_pid_in_group : i32 loc(#loc83)
      %pid_n_8 = arith.divsi %pid_n, %group_size_m_6 : i32 loc(#loc84)
      %off_am = arith.muli %pid_m_7, %c128_i32 : i32 loc(#loc61)
      %off_bn = arith.muli %pid_n_8, %c128_i32 : i32 loc(#loc62)
      %accumulator = scf.for %accumulator_9 = %c0_i32 to %k_tiles_5 step %c1_i32 iter_args(%arg11 = %cst) -> (tensor<128x128xf32, #linear>)  : i32 {
        %off_k = arith.muli %accumulator_9, %c128_i32 : i32 loc(#loc64)
        %a = tt.descriptor_load %a_desc_0[%off_am, %off_k] : !tt.tensordesc<tensor<128x128xf16>> -> tensor<128x128xf16, #blocked> loc(#loc65)
        %a_10 = ttg.local_alloc %a : (tensor<128x128xf16, #blocked>) -> !ttg.memdesc<128x128xf16, #shared, #smem> loc(#loc65)
        %b = tt.descriptor_load %b_desc_1[%off_bn, %off_k] : !tt.tensordesc<tensor<128x128xf16>> -> tensor<128x128xf16, #blocked> loc(#loc66)
        %accumulator_11 = tt.trans %b {order = array<i32: 1, 0>} : tensor<128x128xf16, #blocked> -> tensor<128x128xf16, #blocked1> loc(#loc67)
        %accumulator_12 = ttg.local_alloc %accumulator_11 : (tensor<128x128xf16, #blocked1>) -> !ttg.memdesc<128x128xf16, #shared1, #smem> loc(#loc67)
        %accumulator_13, %accumulator_14 = ttng.tmem_alloc %arg11 : (tensor<128x128xf32, #linear>) -> (!ttg.memdesc<128x128xf32, #tmem, #ttng.tensor_memory, mutable>, !ttg.async.token) loc(#loc68)
        %accumulator_15 = ttng.tc_gen5_mma %a_10, %accumulator_12, %accumulator_13[%accumulator_14], %true, %true : !ttg.memdesc<128x128xf16, #shared, #smem>, !ttg.memdesc<128x128xf16, #shared1, #smem>, !ttg.memdesc<128x128xf32, #tmem, #ttng.tensor_memory, mutable> loc(#loc68)
        %accumulator_16, %accumulator_17 = ttng.tmem_load %accumulator_13[%accumulator_15] : !ttg.memdesc<128x128xf32, #tmem, #ttng.tensor_memory, mutable> -> tensor<128x128xf32, #linear> loc(#loc68)
        scf.yield %accumulator_16 : tensor<128x128xf32, #linear> loc(#loc31)
      } loc(#loc63)
      %c = arith.truncf %accumulator : tensor<128x128xf32, #linear> to tensor<128x128xf16, #linear> loc(#loc69)
      %0 = ttg.convert_layout %c : tensor<128x128xf16, #linear> -> tensor<128x128xf16, #blocked> loc(#loc33)
      tt.descriptor_store %c_desc_2[%off_am, %off_bn], %0 : !tt.tensordesc<tensor<128x128xf16>>, tensor<128x128xf16, #blocked> loc(#loc33)
    } {tt.flatten, tt.num_stages = 2 : i32, tt.warp_specialize} loc(#loc2)
    tt.return loc(#loc34)
  } loc(#loc)
} loc(#loc)
#loc1 = loc(unknown)
#loc2 = loc("/home/scratch.egaburov_sw/oai-triton/triton-src/triton-solid-01.git/python/test/unit/language/test_warp_specialization.py":323:28)
#loc3 = loc("/home/scratch.egaburov_sw/oai-triton/triton-src/triton-solid-01.git/python/test/unit/language/test_warp_specialization.py":309:39)
#loc4 = loc("/home/scratch.egaburov_sw/oai-triton/triton-src/triton-solid-01.git/python/test/unit/language/test_warp_specialization.py":311:39)
#loc5 = loc("/home/scratch.egaburov_sw/oai-triton/triton-src/triton-solid-01.git/python/test/unit/language/test_warp_specialization.py":313:39)
#loc6 = loc("/home/scratch.egaburov_sw/oai-triton/triton-src/triton-solid-01.git/python/test/unit/language/test_warp_specialization.py":316:30)
#loc7 = loc("/home/scratch.egaburov_sw/oai-triton/triton-src/triton-solid-01.git/python/triton/language/standard.py":43:17)
#loc8 = loc("/home/scratch.egaburov_sw/oai-triton/triton-src/triton-solid-01.git/python/test/unit/language/test_warp_specialization.py":317:27)
#loc9 = loc("/home/scratch.egaburov_sw/oai-triton/triton-src/triton-solid-01.git/python/triton/language/standard.py":43:30)
#loc10 = loc("/home/scratch.egaburov_sw/oai-triton/triton-src/triton-solid-01.git/python/test/unit/language/test_warp_specialization.py":318:27)
#loc11 = loc("/home/scratch.egaburov_sw/oai-triton/triton-src/triton-solid-01.git/python/test/unit/language/test_warp_specialization.py":319:25)
#loc12 = loc("/home/scratch.egaburov_sw/oai-triton/triton-src/triton-solid-01.git/python/test/unit/language/test_warp_specialization.py":320:28)
#loc13 = loc("/home/scratch.egaburov_sw/oai-triton/triton-src/triton-solid-01.git/python/test/unit/language/test_warp_specialization.py":191:38)
#loc14 = loc("/home/scratch.egaburov_sw/oai-triton/triton-src/triton-solid-01.git/python/test/unit/language/test_warp_specialization.py":324:67)
#loc15 = loc("/home/scratch.egaburov_sw/oai-triton/triton-src/triton-solid-01.git/python/test/unit/language/test_warp_specialization.py":192:26)
#loc16 = loc("/home/scratch.egaburov_sw/oai-triton/triton-src/triton-solid-01.git/python/test/unit/language/test_warp_specialization.py":193:29)
#loc17 = loc("/home/scratch.egaburov_sw/oai-triton/triton-src/triton-solid-01.git/python/test/unit/language/test_warp_specialization.py":194:35)
#loc18 = loc("/home/scratch.egaburov_sw/oai-triton/triton-src/triton-solid-01.git/python/test/unit/language/test_warp_specialization.py":194:48)
#loc19 = loc("/home/scratch.egaburov_sw/oai-triton/triton-src/triton-solid-01.git/python/test/unit/language/test_warp_specialization.py":195:37)
#loc20 = loc("/home/scratch.egaburov_sw/oai-triton/triton-src/triton-solid-01.git/python/test/unit/language/test_warp_specialization.py":195:27)
#loc21 = loc("/home/scratch.egaburov_sw/oai-triton/triton-src/triton-solid-01.git/python/test/unit/language/test_warp_specialization.py":196:23)
#loc22 = loc("/home/scratch.egaburov_sw/oai-triton/triton-src/triton-solid-01.git/python/test/unit/language/test_warp_specialization.py":196:44)
#loc23 = loc("/home/scratch.egaburov_sw/oai-triton/triton-src/triton-solid-01.git/python/test/unit/language/test_warp_specialization.py":326:25)
#loc24 = loc("/home/scratch.egaburov_sw/oai-triton/triton-src/triton-solid-01.git/python/test/unit/language/test_warp_specialization.py":327:25)
#loc25 = loc("/home/scratch.egaburov_sw/oai-triton/triton-src/triton-solid-01.git/python/test/unit/language/test_warp_specialization.py":329:24)
#loc26 = loc("/home/scratch.egaburov_sw/oai-triton/triton-src/triton-solid-01.git/python/test/unit/language/test_warp_specialization.py":330:25)
#loc27 = loc("/home/scratch.egaburov_sw/oai-triton/triton-src/triton-solid-01.git/python/test/unit/language/test_warp_specialization.py":331:28)
#loc28 = loc("/home/scratch.egaburov_sw/oai-triton/triton-src/triton-solid-01.git/python/test/unit/language/test_warp_specialization.py":332:28)
#loc29 = loc("/home/scratch.egaburov_sw/oai-triton/triton-src/triton-solid-01.git/python/test/unit/language/test_warp_specialization.py":333:36)
#loc30 = loc("/home/scratch.egaburov_sw/oai-triton/triton-src/triton-solid-01.git/python/test/unit/language/test_warp_specialization.py":333:41)
#loc31 = loc("/home/scratch.egaburov_sw/oai-triton/triton-src/triton-solid-01.git/python/test/unit/language/test_warp_specialization.py":333:12)
#loc32 = loc("/home/scratch.egaburov_sw/oai-triton/triton-src/triton-solid-01.git/python/test/unit/language/test_warp_specialization.py":335:27)
#loc33 = loc("/home/scratch.egaburov_sw/oai-triton/triton-src/triton-solid-01.git/python/test/unit/language/test_warp_specialization.py":336:39)
#loc34 = loc("/home/scratch.egaburov_sw/oai-triton/triton-src/triton-solid-01.git/python/test/unit/language/test_warp_specialization.py":322:4)
#loc44 = loc("a_desc"(#loc3))
#loc45 = loc("b_desc"(#loc4))
#loc46 = loc("c_desc"(#loc5))
#loc47 = loc("start_pid"(#loc6))
#loc48 = loc("num_pid_m"(#loc8))
#loc49 = loc("num_pid_n"(#loc10))
#loc50 = loc("k_tiles"(#loc11))
#loc51 = loc("num_tiles"(#loc12))
#loc52 = loc("num_pid_in_group"(#loc13))
#loc53 = loc("group_id"(#loc15))
#loc54 = loc("first_pid_m"(#loc16))
#loc55 = loc("group_size_m"(#loc17))
#loc56 = loc("group_size_m"(#loc18))
#loc57 = loc("pid_m"(#loc19))
#loc58 = loc("pid_m"(#loc20))
#loc59 = loc("pid_n"(#loc21))
#loc60 = loc("pid_n"(#loc22))
#loc61 = loc("off_am"(#loc23))
#loc62 = loc("off_bn"(#loc24))
#loc63 = loc("accumulator"(#loc25))
#loc64 = loc("off_k"(#loc26))
#loc65 = loc("a"(#loc27))
#loc66 = loc("b"(#loc28))
#loc67 = loc("accumulator"(#loc29))
#loc68 = loc("accumulator"(#loc30))
#loc69 = loc("c"(#loc32))
#loc70 = loc(callsite(#loc7 at #loc48))
#loc71 = loc(callsite(#loc9 at #loc48))
#loc72 = loc(callsite(#loc7 at #loc49))
#loc73 = loc(callsite(#loc9 at #loc49))
#loc74 = loc(callsite(#loc7 at #loc50))
#loc75 = loc(callsite(#loc9 at #loc50))
#loc76 = loc(callsite(#loc52 at #loc14))
#loc77 = loc(callsite(#loc53 at #loc14))
#loc78 = loc(callsite(#loc54 at #loc14))
#loc79 = loc(callsite(#loc55 at #loc14))
#loc80 = loc(callsite(#loc56 at #loc14))
#loc81 = loc(callsite(#loc57 at #loc14))
#loc82 = loc(callsite(#loc58 at #loc14))
#loc83 = loc(callsite(#loc59 at #loc14))
#loc84 = loc(callsite(#loc60 at #loc14))


// -----// IR Dump Before Canonicalizer (canonicalize) ('builtin.module' operation) //----- //
#blocked = #ttg.blocked<{sizePerThread = [1, 8], threadsPerWarp = [2, 16], warpsPerCTA = [8, 1], order = [1, 0]}>
#blocked1 = #ttg.blocked<{sizePerThread = [8, 1], threadsPerWarp = [16, 2], warpsPerCTA = [1, 8], order = [0, 1]}>
#linear = #ttg.linear<{register = [[0, 1], [0, 2], [0, 4], [0, 8], [0, 16], [0, 32]], lane = [[1, 0], [2, 0], [4, 0], [8, 0], [16, 0]], warp = [[32, 0], [64, 0], [0, 64]], block = []}>
#loc = loc("/home/scratch.egaburov_sw/oai-triton/triton-src/triton-solid-01.git/python/test/unit/language/test_warp_specialization.py":294:0)
#shared = #ttg.nvmma_shared<{swizzlingByteWidth = 128, transposed = false, elementBitWidth = 16}>
#shared1 = #ttg.nvmma_shared<{swizzlingByteWidth = 128, transposed = true, elementBitWidth = 16}>
#smem = #ttg.shared_memory
#tmem = #ttng.tensor_memory_encoding<blockM = 128, blockN = 128, colStride = 1>
#loc35 = loc("a_ptr"(#loc))
#loc36 = loc("b_ptr"(#loc))
#loc37 = loc("c_ptr"(#loc))
#loc38 = loc("a_stride0"(#loc))
#loc39 = loc("b_stride0"(#loc))
#loc40 = loc("c_stride0"(#loc))
#loc41 = loc("M"(#loc))
#loc42 = loc("N"(#loc))
#loc43 = loc("K"(#loc))
module attributes {"ttg.cluster-dim-x" = 1 : i32, "ttg.cluster-dim-y" = 1 : i32, "ttg.cluster-dim-z" = 1 : i32, ttg.max_reg_auto_ws = 152 : i32, ttg.min_reg_auto_ws = 24 : i32, "ttg.num-ctas" = 1 : i32, "ttg.num-warps" = 8 : i32, ttg.target = "cuda:103", "ttg.threads-per-warp" = 32 : i32} {
  tt.func public @matmul_tma_persistent_ws_kernel(%a_ptr: !tt.ptr<f16> {tt.divisibility = 16 : i32} loc("a_ptr"(#loc)), %b_ptr: !tt.ptr<f16> {tt.divisibility = 16 : i32} loc("b_ptr"(#loc)), %c_ptr: !tt.ptr<f16> {tt.divisibility = 16 : i32} loc("c_ptr"(#loc)), %a_stride0: i32 {tt.divisibility = 16 : i32} loc("a_stride0"(#loc)), %b_stride0: i32 {tt.divisibility = 16 : i32} loc("b_stride0"(#loc)), %c_stride0: i32 {tt.divisibility = 16 : i32} loc("c_stride0"(#loc)), %M: i32 {tt.divisibility = 16 : i32} loc("M"(#loc)), %N: i32 {tt.divisibility = 16 : i32} loc("N"(#loc)), %K: i32 {tt.divisibility = 16 : i32} loc("K"(#loc))) attributes {noinline = false} {
    %true = arith.constant true loc(#loc1)
    %c1_i64 = arith.constant 1 : i64 loc(#loc1)
    %c128_i32 = arith.constant 128 : i32 loc(#loc1)
    %c150_i32 = arith.constant 150 : i32 loc(#loc2)
    %c0_i32 = arith.constant 0 : i32 loc(#loc1)
    %c1_i32 = arith.constant 1 : i32 loc(#loc1)
    %c127_i32 = arith.constant 127 : i32 loc(#loc1)
    %c8_i32 = arith.constant 8 : i32 loc(#loc1)
    %cst = arith.constant dense<0.000000e+00> : tensor<128x128xf32, #linear> loc(#loc1)
    %a_desc = arith.extsi %a_stride0 : i32 to i64 loc(#loc44)
    %a_desc_0 = tt.make_tensor_descriptor %a_ptr, [%M, %K], [%a_desc, %c1_i64] : !tt.ptr<f16>, !tt.tensordesc<tensor<128x128xf16>> loc(#loc44)
    %b_desc = arith.extsi %b_stride0 : i32 to i64 loc(#loc45)
    %b_desc_1 = tt.make_tensor_descriptor %b_ptr, [%N, %K], [%b_desc, %c1_i64] : !tt.ptr<f16>, !tt.tensordesc<tensor<128x128xf16>> loc(#loc45)
    %c_desc = arith.extsi %c_stride0 : i32 to i64 loc(#loc46)
    %c_desc_2 = tt.make_tensor_descriptor %c_ptr, [%M, %N], [%c_desc, %c1_i64] : !tt.ptr<f16>, !tt.tensordesc<tensor<128x128xf16>> loc(#loc46)
    %start_pid = tt.get_program_id x : i32 loc(#loc47)
    %num_pid_m = arith.addi %M, %c127_i32 : i32 loc(#loc70)
    %num_pid_m_3 = arith.divsi %num_pid_m, %c128_i32 : i32 loc(#loc71)
    %num_pid_n = arith.addi %N, %c127_i32 : i32 loc(#loc72)
    %num_pid_n_4 = arith.divsi %num_pid_n, %c128_i32 : i32 loc(#loc73)
    %k_tiles = arith.addi %K, %c127_i32 : i32 loc(#loc74)
    %k_tiles_5 = arith.divsi %k_tiles, %c128_i32 : i32 loc(#loc75)
    %num_tiles = arith.muli %num_pid_m_3, %num_pid_n_4 : i32 loc(#loc51)
    scf.for %tile_id = %start_pid to %num_tiles step %c150_i32  : i32 {
      %num_pid_in_group = arith.muli %num_pid_n_4, %c8_i32 : i32 loc(#loc76)
      %group_id = arith.divsi %tile_id, %num_pid_in_group : i32 loc(#loc77)
      %first_pid_m = arith.muli %group_id, %c8_i32 : i32 loc(#loc78)
      %group_size_m = arith.subi %num_pid_m_3, %first_pid_m : i32 loc(#loc79)
      %group_size_m_6 = arith.minsi %group_size_m, %c8_i32 : i32 loc(#loc80)
      %pid_m = arith.remsi %tile_id, %group_size_m_6 : i32 loc(#loc81)
      %pid_m_7 = arith.addi %first_pid_m, %pid_m : i32 loc(#loc82)
      %pid_n = arith.remsi %tile_id, %num_pid_in_group : i32 loc(#loc83)
      %pid_n_8 = arith.divsi %pid_n, %group_size_m_6 : i32 loc(#loc84)
      %off_am = arith.muli %pid_m_7, %c128_i32 : i32 loc(#loc61)
      %off_bn = arith.muli %pid_n_8, %c128_i32 : i32 loc(#loc62)
      %accumulator = scf.for %accumulator_9 = %c0_i32 to %k_tiles_5 step %c1_i32 iter_args(%arg11 = %cst) -> (tensor<128x128xf32, #linear>)  : i32 {
        %off_k = arith.muli %accumulator_9, %c128_i32 : i32 loc(#loc64)
        %a = tt.descriptor_load %a_desc_0[%off_am, %off_k] : !tt.tensordesc<tensor<128x128xf16>> -> tensor<128x128xf16, #blocked> loc(#loc65)
        %a_10 = ttg.local_alloc %a : (tensor<128x128xf16, #blocked>) -> !ttg.memdesc<128x128xf16, #shared, #smem> loc(#loc65)
        %b = tt.descriptor_load %b_desc_1[%off_bn, %off_k] : !tt.tensordesc<tensor<128x128xf16>> -> tensor<128x128xf16, #blocked> loc(#loc66)
        %accumulator_11 = tt.trans %b {order = array<i32: 1, 0>} : tensor<128x128xf16, #blocked> -> tensor<128x128xf16, #blocked1> loc(#loc67)
        %accumulator_12 = ttg.local_alloc %accumulator_11 : (tensor<128x128xf16, #blocked1>) -> !ttg.memdesc<128x128xf16, #shared1, #smem> loc(#loc67)
        %accumulator_13, %accumulator_14 = ttng.tmem_alloc %arg11 : (tensor<128x128xf32, #linear>) -> (!ttg.memdesc<128x128xf32, #tmem, #ttng.tensor_memory, mutable>, !ttg.async.token) loc(#loc68)
        %accumulator_15 = ttng.tc_gen5_mma %a_10, %accumulator_12, %accumulator_13[%accumulator_14], %true, %true : !ttg.memdesc<128x128xf16, #shared, #smem>, !ttg.memdesc<128x128xf16, #shared1, #smem>, !ttg.memdesc<128x128xf32, #tmem, #ttng.tensor_memory, mutable> loc(#loc68)
        %accumulator_16, %accumulator_17 = ttng.tmem_load %accumulator_13[%accumulator_15] : !ttg.memdesc<128x128xf32, #tmem, #ttng.tensor_memory, mutable> -> tensor<128x128xf32, #linear> loc(#loc68)
        scf.yield %accumulator_16 : tensor<128x128xf32, #linear> loc(#loc31)
      } loc(#loc63)
      %c = arith.truncf %accumulator : tensor<128x128xf32, #linear> to tensor<128x128xf16, #linear> loc(#loc69)
      %0 = ttg.convert_layout %c : tensor<128x128xf16, #linear> -> tensor<128x128xf16, #blocked> loc(#loc33)
      tt.descriptor_store %c_desc_2[%off_am, %off_bn], %0 : !tt.tensordesc<tensor<128x128xf16>>, tensor<128x128xf16, #blocked> loc(#loc33)
    } {tt.flatten, tt.num_stages = 2 : i32, tt.warp_specialize} loc(#loc2)
    tt.return loc(#loc34)
  } loc(#loc)
} loc(#loc)
#loc1 = loc(unknown)
#loc2 = loc("/home/scratch.egaburov_sw/oai-triton/triton-src/triton-solid-01.git/python/test/unit/language/test_warp_specialization.py":323:28)
#loc3 = loc("/home/scratch.egaburov_sw/oai-triton/triton-src/triton-solid-01.git/python/test/unit/language/test_warp_specialization.py":309:39)
#loc4 = loc("/home/scratch.egaburov_sw/oai-triton/triton-src/triton-solid-01.git/python/test/unit/language/test_warp_specialization.py":311:39)
#loc5 = loc("/home/scratch.egaburov_sw/oai-triton/triton-src/triton-solid-01.git/python/test/unit/language/test_warp_specialization.py":313:39)
#loc6 = loc("/home/scratch.egaburov_sw/oai-triton/triton-src/triton-solid-01.git/python/test/unit/language/test_warp_specialization.py":316:30)
#loc7 = loc("/home/scratch.egaburov_sw/oai-triton/triton-src/triton-solid-01.git/python/triton/language/standard.py":43:17)
#loc8 = loc("/home/scratch.egaburov_sw/oai-triton/triton-src/triton-solid-01.git/python/test/unit/language/test_warp_specialization.py":317:27)
#loc9 = loc("/home/scratch.egaburov_sw/oai-triton/triton-src/triton-solid-01.git/python/triton/language/standard.py":43:30)
#loc10 = loc("/home/scratch.egaburov_sw/oai-triton/triton-src/triton-solid-01.git/python/test/unit/language/test_warp_specialization.py":318:27)
#loc11 = loc("/home/scratch.egaburov_sw/oai-triton/triton-src/triton-solid-01.git/python/test/unit/language/test_warp_specialization.py":319:25)
#loc12 = loc("/home/scratch.egaburov_sw/oai-triton/triton-src/triton-solid-01.git/python/test/unit/language/test_warp_specialization.py":320:28)
#loc13 = loc("/home/scratch.egaburov_sw/oai-triton/triton-src/triton-solid-01.git/python/test/unit/language/test_warp_specialization.py":191:38)
#loc14 = loc("/home/scratch.egaburov_sw/oai-triton/triton-src/triton-solid-01.git/python/test/unit/language/test_warp_specialization.py":324:67)
#loc15 = loc("/home/scratch.egaburov_sw/oai-triton/triton-src/triton-solid-01.git/python/test/unit/language/test_warp_specialization.py":192:26)
#loc16 = loc("/home/scratch.egaburov_sw/oai-triton/triton-src/triton-solid-01.git/python/test/unit/language/test_warp_specialization.py":193:29)
#loc17 = loc("/home/scratch.egaburov_sw/oai-triton/triton-src/triton-solid-01.git/python/test/unit/language/test_warp_specialization.py":194:35)
#loc18 = loc("/home/scratch.egaburov_sw/oai-triton/triton-src/triton-solid-01.git/python/test/unit/language/test_warp_specialization.py":194:48)
#loc19 = loc("/home/scratch.egaburov_sw/oai-triton/triton-src/triton-solid-01.git/python/test/unit/language/test_warp_specialization.py":195:37)
#loc20 = loc("/home/scratch.egaburov_sw/oai-triton/triton-src/triton-solid-01.git/python/test/unit/language/test_warp_specialization.py":195:27)
#loc21 = loc("/home/scratch.egaburov_sw/oai-triton/triton-src/triton-solid-01.git/python/test/unit/language/test_warp_specialization.py":196:23)
#loc22 = loc("/home/scratch.egaburov_sw/oai-triton/triton-src/triton-solid-01.git/python/test/unit/language/test_warp_specialization.py":196:44)
#loc23 = loc("/home/scratch.egaburov_sw/oai-triton/triton-src/triton-solid-01.git/python/test/unit/language/test_warp_specialization.py":326:25)
#loc24 = loc("/home/scratch.egaburov_sw/oai-triton/triton-src/triton-solid-01.git/python/test/unit/language/test_warp_specialization.py":327:25)
#loc25 = loc("/home/scratch.egaburov_sw/oai-triton/triton-src/triton-solid-01.git/python/test/unit/language/test_warp_specialization.py":329:24)
#loc26 = loc("/home/scratch.egaburov_sw/oai-triton/triton-src/triton-solid-01.git/python/test/unit/language/test_warp_specialization.py":330:25)
#loc27 = loc("/home/scratch.egaburov_sw/oai-triton/triton-src/triton-solid-01.git/python/test/unit/language/test_warp_specialization.py":331:28)
#loc28 = loc("/home/scratch.egaburov_sw/oai-triton/triton-src/triton-solid-01.git/python/test/unit/language/test_warp_specialization.py":332:28)
#loc29 = loc("/home/scratch.egaburov_sw/oai-triton/triton-src/triton-solid-01.git/python/test/unit/language/test_warp_specialization.py":333:36)
#loc30 = loc("/home/scratch.egaburov_sw/oai-triton/triton-src/triton-solid-01.git/python/test/unit/language/test_warp_specialization.py":333:41)
#loc31 = loc("/home/scratch.egaburov_sw/oai-triton/triton-src/triton-solid-01.git/python/test/unit/language/test_warp_specialization.py":333:12)
#loc32 = loc("/home/scratch.egaburov_sw/oai-triton/triton-src/triton-solid-01.git/python/test/unit/language/test_warp_specialization.py":335:27)
#loc33 = loc("/home/scratch.egaburov_sw/oai-triton/triton-src/triton-solid-01.git/python/test/unit/language/test_warp_specialization.py":336:39)
#loc34 = loc("/home/scratch.egaburov_sw/oai-triton/triton-src/triton-solid-01.git/python/test/unit/language/test_warp_specialization.py":322:4)
#loc44 = loc("a_desc"(#loc3))
#loc45 = loc("b_desc"(#loc4))
#loc46 = loc("c_desc"(#loc5))
#loc47 = loc("start_pid"(#loc6))
#loc48 = loc("num_pid_m"(#loc8))
#loc49 = loc("num_pid_n"(#loc10))
#loc50 = loc("k_tiles"(#loc11))
#loc51 = loc("num_tiles"(#loc12))
#loc52 = loc("num_pid_in_group"(#loc13))
#loc53 = loc("group_id"(#loc15))
#loc54 = loc("first_pid_m"(#loc16))
#loc55 = loc("group_size_m"(#loc17))
#loc56 = loc("group_size_m"(#loc18))
#loc57 = loc("pid_m"(#loc19))
#loc58 = loc("pid_m"(#loc20))
#loc59 = loc("pid_n"(#loc21))
#loc60 = loc("pid_n"(#loc22))
#loc61 = loc("off_am"(#loc23))
#loc62 = loc("off_bn"(#loc24))
#loc63 = loc("accumulator"(#loc25))
#loc64 = loc("off_k"(#loc26))
#loc65 = loc("a"(#loc27))
#loc66 = loc("b"(#loc28))
#loc67 = loc("accumulator"(#loc29))
#loc68 = loc("accumulator"(#loc30))
#loc69 = loc("c"(#loc32))
#loc70 = loc(callsite(#loc7 at #loc48))
#loc71 = loc(callsite(#loc9 at #loc48))
#loc72 = loc(callsite(#loc7 at #loc49))
#loc73 = loc(callsite(#loc9 at #loc49))
#loc74 = loc(callsite(#loc7 at #loc50))
#loc75 = loc(callsite(#loc9 at #loc50))
#loc76 = loc(callsite(#loc52 at #loc14))
#loc77 = loc(callsite(#loc53 at #loc14))
#loc78 = loc(callsite(#loc54 at #loc14))
#loc79 = loc(callsite(#loc55 at #loc14))
#loc80 = loc(callsite(#loc56 at #loc14))
#loc81 = loc(callsite(#loc57 at #loc14))
#loc82 = loc(callsite(#loc58 at #loc14))
#loc83 = loc(callsite(#loc59 at #loc14))
#loc84 = loc(callsite(#loc60 at #loc14))


// -----// IR Dump Before TritonNvidiaGPUOptimizeDescriptorEncodingPass (triton-nvidia-optimize-descriptor-encoding) ('builtin.module' operation) //----- //
#blocked = #ttg.blocked<{sizePerThread = [1, 8], threadsPerWarp = [2, 16], warpsPerCTA = [8, 1], order = [1, 0]}>
#linear = #ttg.linear<{register = [[0, 1], [0, 2], [0, 4], [0, 8], [0, 16], [0, 32]], lane = [[1, 0], [2, 0], [4, 0], [8, 0], [16, 0]], warp = [[32, 0], [64, 0], [0, 64]], block = []}>
#loc = loc("/home/scratch.egaburov_sw/oai-triton/triton-src/triton-solid-01.git/python/test/unit/language/test_warp_specialization.py":294:0)
#shared = #ttg.nvmma_shared<{swizzlingByteWidth = 128, transposed = false, elementBitWidth = 16}>
#shared1 = #ttg.nvmma_shared<{swizzlingByteWidth = 128, transposed = true, elementBitWidth = 16}>
#smem = #ttg.shared_memory
#tmem = #ttng.tensor_memory_encoding<blockM = 128, blockN = 128, colStride = 1>
#loc35 = loc("a_ptr"(#loc))
#loc36 = loc("b_ptr"(#loc))
#loc37 = loc("c_ptr"(#loc))
#loc38 = loc("a_stride0"(#loc))
#loc39 = loc("b_stride0"(#loc))
#loc40 = loc("c_stride0"(#loc))
#loc41 = loc("M"(#loc))
#loc42 = loc("N"(#loc))
#loc43 = loc("K"(#loc))
module attributes {"ttg.cluster-dim-x" = 1 : i32, "ttg.cluster-dim-y" = 1 : i32, "ttg.cluster-dim-z" = 1 : i32, ttg.max_reg_auto_ws = 152 : i32, ttg.min_reg_auto_ws = 24 : i32, "ttg.num-ctas" = 1 : i32, "ttg.num-warps" = 8 : i32, ttg.target = "cuda:103", "ttg.threads-per-warp" = 32 : i32} {
  tt.func public @matmul_tma_persistent_ws_kernel(%a_ptr: !tt.ptr<f16> {tt.divisibility = 16 : i32} loc("a_ptr"(#loc)), %b_ptr: !tt.ptr<f16> {tt.divisibility = 16 : i32} loc("b_ptr"(#loc)), %c_ptr: !tt.ptr<f16> {tt.divisibility = 16 : i32} loc("c_ptr"(#loc)), %a_stride0: i32 {tt.divisibility = 16 : i32} loc("a_stride0"(#loc)), %b_stride0: i32 {tt.divisibility = 16 : i32} loc("b_stride0"(#loc)), %c_stride0: i32 {tt.divisibility = 16 : i32} loc("c_stride0"(#loc)), %M: i32 {tt.divisibility = 16 : i32} loc("M"(#loc)), %N: i32 {tt.divisibility = 16 : i32} loc("N"(#loc)), %K: i32 {tt.divisibility = 16 : i32} loc("K"(#loc))) attributes {noinline = false} {
    %true = arith.constant true loc(#loc1)
    %c1_i64 = arith.constant 1 : i64 loc(#loc1)
    %c128_i32 = arith.constant 128 : i32 loc(#loc1)
    %c150_i32 = arith.constant 150 : i32 loc(#loc2)
    %c0_i32 = arith.constant 0 : i32 loc(#loc1)
    %c1_i32 = arith.constant 1 : i32 loc(#loc1)
    %c127_i32 = arith.constant 127 : i32 loc(#loc1)
    %c8_i32 = arith.constant 8 : i32 loc(#loc1)
    %cst = arith.constant dense<0.000000e+00> : tensor<128x128xf32, #linear> loc(#loc1)
    %a_desc = arith.extsi %a_stride0 : i32 to i64 loc(#loc44)
    %a_desc_0 = tt.make_tensor_descriptor %a_ptr, [%M, %K], [%a_desc, %c1_i64] : !tt.ptr<f16>, !tt.tensordesc<tensor<128x128xf16>> loc(#loc44)
    %b_desc = arith.extsi %b_stride0 : i32 to i64 loc(#loc45)
    %b_desc_1 = tt.make_tensor_descriptor %b_ptr, [%N, %K], [%b_desc, %c1_i64] : !tt.ptr<f16>, !tt.tensordesc<tensor<128x128xf16>> loc(#loc45)
    %c_desc = arith.extsi %c_stride0 : i32 to i64 loc(#loc46)
    %c_desc_2 = tt.make_tensor_descriptor %c_ptr, [%M, %N], [%c_desc, %c1_i64] : !tt.ptr<f16>, !tt.tensordesc<tensor<128x128xf16>> loc(#loc46)
    %start_pid = tt.get_program_id x : i32 loc(#loc47)
    %num_pid_m = arith.addi %M, %c127_i32 : i32 loc(#loc70)
    %num_pid_m_3 = arith.divsi %num_pid_m, %c128_i32 : i32 loc(#loc71)
    %num_pid_n = arith.addi %N, %c127_i32 : i32 loc(#loc72)
    %num_pid_n_4 = arith.divsi %num_pid_n, %c128_i32 : i32 loc(#loc73)
    %k_tiles = arith.addi %K, %c127_i32 : i32 loc(#loc74)
    %k_tiles_5 = arith.divsi %k_tiles, %c128_i32 : i32 loc(#loc75)
    %num_tiles = arith.muli %num_pid_m_3, %num_pid_n_4 : i32 loc(#loc51)
    scf.for %tile_id = %start_pid to %num_tiles step %c150_i32  : i32 {
      %num_pid_in_group = arith.muli %num_pid_n_4, %c8_i32 : i32 loc(#loc76)
      %group_id = arith.divsi %tile_id, %num_pid_in_group : i32 loc(#loc77)
      %first_pid_m = arith.muli %group_id, %c8_i32 : i32 loc(#loc78)
      %group_size_m = arith.subi %num_pid_m_3, %first_pid_m : i32 loc(#loc79)
      %group_size_m_6 = arith.minsi %group_size_m, %c8_i32 : i32 loc(#loc80)
      %pid_m = arith.remsi %tile_id, %group_size_m_6 : i32 loc(#loc81)
      %pid_m_7 = arith.addi %first_pid_m, %pid_m : i32 loc(#loc82)
      %pid_n = arith.remsi %tile_id, %num_pid_in_group : i32 loc(#loc83)
      %pid_n_8 = arith.divsi %pid_n, %group_size_m_6 : i32 loc(#loc84)
      %off_am = arith.muli %pid_m_7, %c128_i32 : i32 loc(#loc61)
      %off_bn = arith.muli %pid_n_8, %c128_i32 : i32 loc(#loc62)
      %accumulator = scf.for %accumulator_9 = %c0_i32 to %k_tiles_5 step %c1_i32 iter_args(%arg11 = %cst) -> (tensor<128x128xf32, #linear>)  : i32 {
        %off_k = arith.muli %accumulator_9, %c128_i32 : i32 loc(#loc64)
        %a = tt.descriptor_load %a_desc_0[%off_am, %off_k] : !tt.tensordesc<tensor<128x128xf16>> -> tensor<128x128xf16, #blocked> loc(#loc65)
        %a_10 = ttg.local_alloc %a : (tensor<128x128xf16, #blocked>) -> !ttg.memdesc<128x128xf16, #shared, #smem> loc(#loc65)
        %b = tt.descriptor_load %b_desc_1[%off_bn, %off_k] : !tt.tensordesc<tensor<128x128xf16>> -> tensor<128x128xf16, #blocked> loc(#loc66)
        %accumulator_11 = ttg.local_alloc %b : (tensor<128x128xf16, #blocked>) -> !ttg.memdesc<128x128xf16, #shared, #smem> loc(#loc67)
        %accumulator_12 = ttg.memdesc_trans %accumulator_11 {order = array<i32: 1, 0>} : !ttg.memdesc<128x128xf16, #shared, #smem> -> !ttg.memdesc<128x128xf16, #shared1, #smem> loc(#loc67)
        %accumulator_13, %accumulator_14 = ttng.tmem_alloc %arg11 : (tensor<128x128xf32, #linear>) -> (!ttg.memdesc<128x128xf32, #tmem, #ttng.tensor_memory, mutable>, !ttg.async.token) loc(#loc68)
        %accumulator_15 = ttng.tc_gen5_mma %a_10, %accumulator_12, %accumulator_13[%accumulator_14], %true, %true : !ttg.memdesc<128x128xf16, #shared, #smem>, !ttg.memdesc<128x128xf16, #shared1, #smem>, !ttg.memdesc<128x128xf32, #tmem, #ttng.tensor_memory, mutable> loc(#loc68)
        %accumulator_16, %accumulator_17 = ttng.tmem_load %accumulator_13[%accumulator_15] : !ttg.memdesc<128x128xf32, #tmem, #ttng.tensor_memory, mutable> -> tensor<128x128xf32, #linear> loc(#loc68)
        scf.yield %accumulator_16 : tensor<128x128xf32, #linear> loc(#loc31)
      } loc(#loc63)
      %c = arith.truncf %accumulator : tensor<128x128xf32, #linear> to tensor<128x128xf16, #linear> loc(#loc69)
      %0 = ttg.convert_layout %c : tensor<128x128xf16, #linear> -> tensor<128x128xf16, #blocked> loc(#loc33)
      tt.descriptor_store %c_desc_2[%off_am, %off_bn], %0 : !tt.tensordesc<tensor<128x128xf16>>, tensor<128x128xf16, #blocked> loc(#loc33)
    } {tt.flatten, tt.num_stages = 2 : i32, tt.warp_specialize} loc(#loc2)
    tt.return loc(#loc34)
  } loc(#loc)
} loc(#loc)
#loc1 = loc(unknown)
#loc2 = loc("/home/scratch.egaburov_sw/oai-triton/triton-src/triton-solid-01.git/python/test/unit/language/test_warp_specialization.py":323:28)
#loc3 = loc("/home/scratch.egaburov_sw/oai-triton/triton-src/triton-solid-01.git/python/test/unit/language/test_warp_specialization.py":309:39)
#loc4 = loc("/home/scratch.egaburov_sw/oai-triton/triton-src/triton-solid-01.git/python/test/unit/language/test_warp_specialization.py":311:39)
#loc5 = loc("/home/scratch.egaburov_sw/oai-triton/triton-src/triton-solid-01.git/python/test/unit/language/test_warp_specialization.py":313:39)
#loc6 = loc("/home/scratch.egaburov_sw/oai-triton/triton-src/triton-solid-01.git/python/test/unit/language/test_warp_specialization.py":316:30)
#loc7 = loc("/home/scratch.egaburov_sw/oai-triton/triton-src/triton-solid-01.git/python/triton/language/standard.py":43:17)
#loc8 = loc("/home/scratch.egaburov_sw/oai-triton/triton-src/triton-solid-01.git/python/test/unit/language/test_warp_specialization.py":317:27)
#loc9 = loc("/home/scratch.egaburov_sw/oai-triton/triton-src/triton-solid-01.git/python/triton/language/standard.py":43:30)
#loc10 = loc("/home/scratch.egaburov_sw/oai-triton/triton-src/triton-solid-01.git/python/test/unit/language/test_warp_specialization.py":318:27)
#loc11 = loc("/home/scratch.egaburov_sw/oai-triton/triton-src/triton-solid-01.git/python/test/unit/language/test_warp_specialization.py":319:25)
#loc12 = loc("/home/scratch.egaburov_sw/oai-triton/triton-src/triton-solid-01.git/python/test/unit/language/test_warp_specialization.py":320:28)
#loc13 = loc("/home/scratch.egaburov_sw/oai-triton/triton-src/triton-solid-01.git/python/test/unit/language/test_warp_specialization.py":191:38)
#loc14 = loc("/home/scratch.egaburov_sw/oai-triton/triton-src/triton-solid-01.git/python/test/unit/language/test_warp_specialization.py":324:67)
#loc15 = loc("/home/scratch.egaburov_sw/oai-triton/triton-src/triton-solid-01.git/python/test/unit/language/test_warp_specialization.py":192:26)
#loc16 = loc("/home/scratch.egaburov_sw/oai-triton/triton-src/triton-solid-01.git/python/test/unit/language/test_warp_specialization.py":193:29)
#loc17 = loc("/home/scratch.egaburov_sw/oai-triton/triton-src/triton-solid-01.git/python/test/unit/language/test_warp_specialization.py":194:35)
#loc18 = loc("/home/scratch.egaburov_sw/oai-triton/triton-src/triton-solid-01.git/python/test/unit/language/test_warp_specialization.py":194:48)
#loc19 = loc("/home/scratch.egaburov_sw/oai-triton/triton-src/triton-solid-01.git/python/test/unit/language/test_warp_specialization.py":195:37)
#loc20 = loc("/home/scratch.egaburov_sw/oai-triton/triton-src/triton-solid-01.git/python/test/unit/language/test_warp_specialization.py":195:27)
#loc21 = loc("/home/scratch.egaburov_sw/oai-triton/triton-src/triton-solid-01.git/python/test/unit/language/test_warp_specialization.py":196:23)
#loc22 = loc("/home/scratch.egaburov_sw/oai-triton/triton-src/triton-solid-01.git/python/test/unit/language/test_warp_specialization.py":196:44)
#loc23 = loc("/home/scratch.egaburov_sw/oai-triton/triton-src/triton-solid-01.git/python/test/unit/language/test_warp_specialization.py":326:25)
#loc24 = loc("/home/scratch.egaburov_sw/oai-triton/triton-src/triton-solid-01.git/python/test/unit/language/test_warp_specialization.py":327:25)
#loc25 = loc("/home/scratch.egaburov_sw/oai-triton/triton-src/triton-solid-01.git/python/test/unit/language/test_warp_specialization.py":329:24)
#loc26 = loc("/home/scratch.egaburov_sw/oai-triton/triton-src/triton-solid-01.git/python/test/unit/language/test_warp_specialization.py":330:25)
#loc27 = loc("/home/scratch.egaburov_sw/oai-triton/triton-src/triton-solid-01.git/python/test/unit/language/test_warp_specialization.py":331:28)
#loc28 = loc("/home/scratch.egaburov_sw/oai-triton/triton-src/triton-solid-01.git/python/test/unit/language/test_warp_specialization.py":332:28)
#loc29 = loc("/home/scratch.egaburov_sw/oai-triton/triton-src/triton-solid-01.git/python/test/unit/language/test_warp_specialization.py":333:36)
#loc30 = loc("/home/scratch.egaburov_sw/oai-triton/triton-src/triton-solid-01.git/python/test/unit/language/test_warp_specialization.py":333:41)
#loc31 = loc("/home/scratch.egaburov_sw/oai-triton/triton-src/triton-solid-01.git/python/test/unit/language/test_warp_specialization.py":333:12)
#loc32 = loc("/home/scratch.egaburov_sw/oai-triton/triton-src/triton-solid-01.git/python/test/unit/language/test_warp_specialization.py":335:27)
#loc33 = loc("/home/scratch.egaburov_sw/oai-triton/triton-src/triton-solid-01.git/python/test/unit/language/test_warp_specialization.py":336:39)
#loc34 = loc("/home/scratch.egaburov_sw/oai-triton/triton-src/triton-solid-01.git/python/test/unit/language/test_warp_specialization.py":322:4)
#loc44 = loc("a_desc"(#loc3))
#loc45 = loc("b_desc"(#loc4))
#loc46 = loc("c_desc"(#loc5))
#loc47 = loc("start_pid"(#loc6))
#loc48 = loc("num_pid_m"(#loc8))
#loc49 = loc("num_pid_n"(#loc10))
#loc50 = loc("k_tiles"(#loc11))
#loc51 = loc("num_tiles"(#loc12))
#loc52 = loc("num_pid_in_group"(#loc13))
#loc53 = loc("group_id"(#loc15))
#loc54 = loc("first_pid_m"(#loc16))
#loc55 = loc("group_size_m"(#loc17))
#loc56 = loc("group_size_m"(#loc18))
#loc57 = loc("pid_m"(#loc19))
#loc58 = loc("pid_m"(#loc20))
#loc59 = loc("pid_n"(#loc21))
#loc60 = loc("pid_n"(#loc22))
#loc61 = loc("off_am"(#loc23))
#loc62 = loc("off_bn"(#loc24))
#loc63 = loc("accumulator"(#loc25))
#loc64 = loc("off_k"(#loc26))
#loc65 = loc("a"(#loc27))
#loc66 = loc("b"(#loc28))
#loc67 = loc("accumulator"(#loc29))
#loc68 = loc("accumulator"(#loc30))
#loc69 = loc("c"(#loc32))
#loc70 = loc(callsite(#loc7 at #loc48))
#loc71 = loc(callsite(#loc9 at #loc48))
#loc72 = loc(callsite(#loc7 at #loc49))
#loc73 = loc(callsite(#loc9 at #loc49))
#loc74 = loc(callsite(#loc7 at #loc50))
#loc75 = loc(callsite(#loc9 at #loc50))
#loc76 = loc(callsite(#loc52 at #loc14))
#loc77 = loc(callsite(#loc53 at #loc14))
#loc78 = loc(callsite(#loc54 at #loc14))
#loc79 = loc(callsite(#loc55 at #loc14))
#loc80 = loc(callsite(#loc56 at #loc14))
#loc81 = loc(callsite(#loc57 at #loc14))
#loc82 = loc(callsite(#loc58 at #loc14))
#loc83 = loc(callsite(#loc59 at #loc14))
#loc84 = loc(callsite(#loc60 at #loc14))


// -----// IR Dump Before TritonLoopAwareCSE (triton-loop-aware-cse) ('builtin.module' operation) //----- //
#blocked = #ttg.blocked<{sizePerThread = [1, 8], threadsPerWarp = [2, 16], warpsPerCTA = [8, 1], order = [1, 0]}>
#linear = #ttg.linear<{register = [[0, 1], [0, 2], [0, 4], [0, 8], [0, 16], [0, 32]], lane = [[1, 0], [2, 0], [4, 0], [8, 0], [16, 0]], warp = [[32, 0], [64, 0], [0, 64]], block = []}>
#loc = loc("/home/scratch.egaburov_sw/oai-triton/triton-src/triton-solid-01.git/python/test/unit/language/test_warp_specialization.py":294:0)
#shared = #ttg.nvmma_shared<{swizzlingByteWidth = 128, transposed = false, elementBitWidth = 16}>
#shared1 = #ttg.nvmma_shared<{swizzlingByteWidth = 128, transposed = true, elementBitWidth = 16}>
#smem = #ttg.shared_memory
#tmem = #ttng.tensor_memory_encoding<blockM = 128, blockN = 128, colStride = 1>
#loc35 = loc("a_ptr"(#loc))
#loc36 = loc("b_ptr"(#loc))
#loc37 = loc("c_ptr"(#loc))
#loc38 = loc("a_stride0"(#loc))
#loc39 = loc("b_stride0"(#loc))
#loc40 = loc("c_stride0"(#loc))
#loc41 = loc("M"(#loc))
#loc42 = loc("N"(#loc))
#loc43 = loc("K"(#loc))
module attributes {"ttg.cluster-dim-x" = 1 : i32, "ttg.cluster-dim-y" = 1 : i32, "ttg.cluster-dim-z" = 1 : i32, ttg.max_reg_auto_ws = 152 : i32, ttg.min_reg_auto_ws = 24 : i32, "ttg.num-ctas" = 1 : i32, "ttg.num-warps" = 8 : i32, ttg.target = "cuda:103", "ttg.threads-per-warp" = 32 : i32} {
  tt.func public @matmul_tma_persistent_ws_kernel(%a_ptr: !tt.ptr<f16> {tt.divisibility = 16 : i32} loc("a_ptr"(#loc)), %b_ptr: !tt.ptr<f16> {tt.divisibility = 16 : i32} loc("b_ptr"(#loc)), %c_ptr: !tt.ptr<f16> {tt.divisibility = 16 : i32} loc("c_ptr"(#loc)), %a_stride0: i32 {tt.divisibility = 16 : i32} loc("a_stride0"(#loc)), %b_stride0: i32 {tt.divisibility = 16 : i32} loc("b_stride0"(#loc)), %c_stride0: i32 {tt.divisibility = 16 : i32} loc("c_stride0"(#loc)), %M: i32 {tt.divisibility = 16 : i32} loc("M"(#loc)), %N: i32 {tt.divisibility = 16 : i32} loc("N"(#loc)), %K: i32 {tt.divisibility = 16 : i32} loc("K"(#loc))) attributes {noinline = false} {
    %true = arith.constant true loc(#loc1)
    %c1_i64 = arith.constant 1 : i64 loc(#loc1)
    %c128_i32 = arith.constant 128 : i32 loc(#loc1)
    %c150_i32 = arith.constant 150 : i32 loc(#loc2)
    %c0_i32 = arith.constant 0 : i32 loc(#loc1)
    %c1_i32 = arith.constant 1 : i32 loc(#loc1)
    %c127_i32 = arith.constant 127 : i32 loc(#loc1)
    %c8_i32 = arith.constant 8 : i32 loc(#loc1)
    %cst = arith.constant dense<0.000000e+00> : tensor<128x128xf32, #linear> loc(#loc1)
    %a_desc = arith.extsi %a_stride0 : i32 to i64 loc(#loc44)
    %a_desc_0 = tt.make_tensor_descriptor %a_ptr, [%M, %K], [%a_desc, %c1_i64] : !tt.ptr<f16>, !tt.tensordesc<tensor<128x128xf16, #shared>> loc(#loc44)
    %b_desc = arith.extsi %b_stride0 : i32 to i64 loc(#loc45)
    %b_desc_1 = tt.make_tensor_descriptor %b_ptr, [%N, %K], [%b_desc, %c1_i64] : !tt.ptr<f16>, !tt.tensordesc<tensor<128x128xf16, #shared>> loc(#loc45)
    %c_desc = arith.extsi %c_stride0 : i32 to i64 loc(#loc46)
    %c_desc_2 = tt.make_tensor_descriptor %c_ptr, [%M, %N], [%c_desc, %c1_i64] : !tt.ptr<f16>, !tt.tensordesc<tensor<128x128xf16, #shared>> loc(#loc46)
    %start_pid = tt.get_program_id x : i32 loc(#loc47)
    %num_pid_m = arith.addi %M, %c127_i32 : i32 loc(#loc70)
    %num_pid_m_3 = arith.divsi %num_pid_m, %c128_i32 : i32 loc(#loc71)
    %num_pid_n = arith.addi %N, %c127_i32 : i32 loc(#loc72)
    %num_pid_n_4 = arith.divsi %num_pid_n, %c128_i32 : i32 loc(#loc73)
    %k_tiles = arith.addi %K, %c127_i32 : i32 loc(#loc74)
    %k_tiles_5 = arith.divsi %k_tiles, %c128_i32 : i32 loc(#loc75)
    %num_tiles = arith.muli %num_pid_m_3, %num_pid_n_4 : i32 loc(#loc51)
    scf.for %tile_id = %start_pid to %num_tiles step %c150_i32  : i32 {
      %num_pid_in_group = arith.muli %num_pid_n_4, %c8_i32 : i32 loc(#loc76)
      %group_id = arith.divsi %tile_id, %num_pid_in_group : i32 loc(#loc77)
      %first_pid_m = arith.muli %group_id, %c8_i32 : i32 loc(#loc78)
      %group_size_m = arith.subi %num_pid_m_3, %first_pid_m : i32 loc(#loc79)
      %group_size_m_6 = arith.minsi %group_size_m, %c8_i32 : i32 loc(#loc80)
      %pid_m = arith.remsi %tile_id, %group_size_m_6 : i32 loc(#loc81)
      %pid_m_7 = arith.addi %first_pid_m, %pid_m : i32 loc(#loc82)
      %pid_n = arith.remsi %tile_id, %num_pid_in_group : i32 loc(#loc83)
      %pid_n_8 = arith.divsi %pid_n, %group_size_m_6 : i32 loc(#loc84)
      %off_am = arith.muli %pid_m_7, %c128_i32 : i32 loc(#loc61)
      %off_bn = arith.muli %pid_n_8, %c128_i32 : i32 loc(#loc62)
      %accumulator = scf.for %accumulator_9 = %c0_i32 to %k_tiles_5 step %c1_i32 iter_args(%arg11 = %cst) -> (tensor<128x128xf32, #linear>)  : i32 {
        %off_k = arith.muli %accumulator_9, %c128_i32 : i32 loc(#loc64)
        %a = tt.descriptor_load %a_desc_0[%off_am, %off_k] : !tt.tensordesc<tensor<128x128xf16, #shared>> -> tensor<128x128xf16, #blocked> loc(#loc65)
        %a_10 = ttg.local_alloc %a : (tensor<128x128xf16, #blocked>) -> !ttg.memdesc<128x128xf16, #shared, #smem> loc(#loc65)
        %b = tt.descriptor_load %b_desc_1[%off_bn, %off_k] : !tt.tensordesc<tensor<128x128xf16, #shared>> -> tensor<128x128xf16, #blocked> loc(#loc66)
        %accumulator_11 = ttg.local_alloc %b : (tensor<128x128xf16, #blocked>) -> !ttg.memdesc<128x128xf16, #shared, #smem> loc(#loc67)
        %accumulator_12 = ttg.memdesc_trans %accumulator_11 {order = array<i32: 1, 0>} : !ttg.memdesc<128x128xf16, #shared, #smem> -> !ttg.memdesc<128x128xf16, #shared1, #smem> loc(#loc67)
        %accumulator_13, %accumulator_14 = ttng.tmem_alloc %arg11 : (tensor<128x128xf32, #linear>) -> (!ttg.memdesc<128x128xf32, #tmem, #ttng.tensor_memory, mutable>, !ttg.async.token) loc(#loc68)
        %accumulator_15 = ttng.tc_gen5_mma %a_10, %accumulator_12, %accumulator_13[%accumulator_14], %true, %true : !ttg.memdesc<128x128xf16, #shared, #smem>, !ttg.memdesc<128x128xf16, #shared1, #smem>, !ttg.memdesc<128x128xf32, #tmem, #ttng.tensor_memory, mutable> loc(#loc68)
        %accumulator_16, %accumulator_17 = ttng.tmem_load %accumulator_13[%accumulator_15] : !ttg.memdesc<128x128xf32, #tmem, #ttng.tensor_memory, mutable> -> tensor<128x128xf32, #linear> loc(#loc68)
        scf.yield %accumulator_16 : tensor<128x128xf32, #linear> loc(#loc31)
      } loc(#loc63)
      %c = arith.truncf %accumulator : tensor<128x128xf32, #linear> to tensor<128x128xf16, #linear> loc(#loc69)
      %0 = ttg.convert_layout %c : tensor<128x128xf16, #linear> -> tensor<128x128xf16, #blocked> loc(#loc33)
      tt.descriptor_store %c_desc_2[%off_am, %off_bn], %0 : !tt.tensordesc<tensor<128x128xf16, #shared>>, tensor<128x128xf16, #blocked> loc(#loc33)
    } {tt.flatten, tt.num_stages = 2 : i32, tt.warp_specialize} loc(#loc2)
    tt.return loc(#loc34)
  } loc(#loc)
} loc(#loc)
#loc1 = loc(unknown)
#loc2 = loc("/home/scratch.egaburov_sw/oai-triton/triton-src/triton-solid-01.git/python/test/unit/language/test_warp_specialization.py":323:28)
#loc3 = loc("/home/scratch.egaburov_sw/oai-triton/triton-src/triton-solid-01.git/python/test/unit/language/test_warp_specialization.py":309:39)
#loc4 = loc("/home/scratch.egaburov_sw/oai-triton/triton-src/triton-solid-01.git/python/test/unit/language/test_warp_specialization.py":311:39)
#loc5 = loc("/home/scratch.egaburov_sw/oai-triton/triton-src/triton-solid-01.git/python/test/unit/language/test_warp_specialization.py":313:39)
#loc6 = loc("/home/scratch.egaburov_sw/oai-triton/triton-src/triton-solid-01.git/python/test/unit/language/test_warp_specialization.py":316:30)
#loc7 = loc("/home/scratch.egaburov_sw/oai-triton/triton-src/triton-solid-01.git/python/triton/language/standard.py":43:17)
#loc8 = loc("/home/scratch.egaburov_sw/oai-triton/triton-src/triton-solid-01.git/python/test/unit/language/test_warp_specialization.py":317:27)
#loc9 = loc("/home/scratch.egaburov_sw/oai-triton/triton-src/triton-solid-01.git/python/triton/language/standard.py":43:30)
#loc10 = loc("/home/scratch.egaburov_sw/oai-triton/triton-src/triton-solid-01.git/python/test/unit/language/test_warp_specialization.py":318:27)
#loc11 = loc("/home/scratch.egaburov_sw/oai-triton/triton-src/triton-solid-01.git/python/test/unit/language/test_warp_specialization.py":319:25)
#loc12 = loc("/home/scratch.egaburov_sw/oai-triton/triton-src/triton-solid-01.git/python/test/unit/language/test_warp_specialization.py":320:28)
#loc13 = loc("/home/scratch.egaburov_sw/oai-triton/triton-src/triton-solid-01.git/python/test/unit/language/test_warp_specialization.py":191:38)
#loc14 = loc("/home/scratch.egaburov_sw/oai-triton/triton-src/triton-solid-01.git/python/test/unit/language/test_warp_specialization.py":324:67)
#loc15 = loc("/home/scratch.egaburov_sw/oai-triton/triton-src/triton-solid-01.git/python/test/unit/language/test_warp_specialization.py":192:26)
#loc16 = loc("/home/scratch.egaburov_sw/oai-triton/triton-src/triton-solid-01.git/python/test/unit/language/test_warp_specialization.py":193:29)
#loc17 = loc("/home/scratch.egaburov_sw/oai-triton/triton-src/triton-solid-01.git/python/test/unit/language/test_warp_specialization.py":194:35)
#loc18 = loc("/home/scratch.egaburov_sw/oai-triton/triton-src/triton-solid-01.git/python/test/unit/language/test_warp_specialization.py":194:48)
#loc19 = loc("/home/scratch.egaburov_sw/oai-triton/triton-src/triton-solid-01.git/python/test/unit/language/test_warp_specialization.py":195:37)
#loc20 = loc("/home/scratch.egaburov_sw/oai-triton/triton-src/triton-solid-01.git/python/test/unit/language/test_warp_specialization.py":195:27)
#loc21 = loc("/home/scratch.egaburov_sw/oai-triton/triton-src/triton-solid-01.git/python/test/unit/language/test_warp_specialization.py":196:23)
#loc22 = loc("/home/scratch.egaburov_sw/oai-triton/triton-src/triton-solid-01.git/python/test/unit/language/test_warp_specialization.py":196:44)
#loc23 = loc("/home/scratch.egaburov_sw/oai-triton/triton-src/triton-solid-01.git/python/test/unit/language/test_warp_specialization.py":326:25)
#loc24 = loc("/home/scratch.egaburov_sw/oai-triton/triton-src/triton-solid-01.git/python/test/unit/language/test_warp_specialization.py":327:25)
#loc25 = loc("/home/scratch.egaburov_sw/oai-triton/triton-src/triton-solid-01.git/python/test/unit/language/test_warp_specialization.py":329:24)
#loc26 = loc("/home/scratch.egaburov_sw/oai-triton/triton-src/triton-solid-01.git/python/test/unit/language/test_warp_specialization.py":330:25)
#loc27 = loc("/home/scratch.egaburov_sw/oai-triton/triton-src/triton-solid-01.git/python/test/unit/language/test_warp_specialization.py":331:28)
#loc28 = loc("/home/scratch.egaburov_sw/oai-triton/triton-src/triton-solid-01.git/python/test/unit/language/test_warp_specialization.py":332:28)
#loc29 = loc("/home/scratch.egaburov_sw/oai-triton/triton-src/triton-solid-01.git/python/test/unit/language/test_warp_specialization.py":333:36)
#loc30 = loc("/home/scratch.egaburov_sw/oai-triton/triton-src/triton-solid-01.git/python/test/unit/language/test_warp_specialization.py":333:41)
#loc31 = loc("/home/scratch.egaburov_sw/oai-triton/triton-src/triton-solid-01.git/python/test/unit/language/test_warp_specialization.py":333:12)
#loc32 = loc("/home/scratch.egaburov_sw/oai-triton/triton-src/triton-solid-01.git/python/test/unit/language/test_warp_specialization.py":335:27)
#loc33 = loc("/home/scratch.egaburov_sw/oai-triton/triton-src/triton-solid-01.git/python/test/unit/language/test_warp_specialization.py":336:39)
#loc34 = loc("/home/scratch.egaburov_sw/oai-triton/triton-src/triton-solid-01.git/python/test/unit/language/test_warp_specialization.py":322:4)
#loc44 = loc("a_desc"(#loc3))
#loc45 = loc("b_desc"(#loc4))
#loc46 = loc("c_desc"(#loc5))
#loc47 = loc("start_pid"(#loc6))
#loc48 = loc("num_pid_m"(#loc8))
#loc49 = loc("num_pid_n"(#loc10))
#loc50 = loc("k_tiles"(#loc11))
#loc51 = loc("num_tiles"(#loc12))
#loc52 = loc("num_pid_in_group"(#loc13))
#loc53 = loc("group_id"(#loc15))
#loc54 = loc("first_pid_m"(#loc16))
#loc55 = loc("group_size_m"(#loc17))
#loc56 = loc("group_size_m"(#loc18))
#loc57 = loc("pid_m"(#loc19))
#loc58 = loc("pid_m"(#loc20))
#loc59 = loc("pid_n"(#loc21))
#loc60 = loc("pid_n"(#loc22))
#loc61 = loc("off_am"(#loc23))
#loc62 = loc("off_bn"(#loc24))
#loc63 = loc("accumulator"(#loc25))
#loc64 = loc("off_k"(#loc26))
#loc65 = loc("a"(#loc27))
#loc66 = loc("b"(#loc28))
#loc67 = loc("accumulator"(#loc29))
#loc68 = loc("accumulator"(#loc30))
#loc69 = loc("c"(#loc32))
#loc70 = loc(callsite(#loc7 at #loc48))
#loc71 = loc(callsite(#loc9 at #loc48))
#loc72 = loc(callsite(#loc7 at #loc49))
#loc73 = loc(callsite(#loc9 at #loc49))
#loc74 = loc(callsite(#loc7 at #loc50))
#loc75 = loc(callsite(#loc9 at #loc50))
#loc76 = loc(callsite(#loc52 at #loc14))
#loc77 = loc(callsite(#loc53 at #loc14))
#loc78 = loc(callsite(#loc54 at #loc14))
#loc79 = loc(callsite(#loc55 at #loc14))
#loc80 = loc(callsite(#loc56 at #loc14))
#loc81 = loc(callsite(#loc57 at #loc14))
#loc82 = loc(callsite(#loc58 at #loc14))
#loc83 = loc(callsite(#loc59 at #loc14))
#loc84 = loc(callsite(#loc60 at #loc14))


// -----// IR Dump Before TritonGPUFuseNestedLoops (tritongpu-fuse-nested-loops) ('builtin.module' operation) //----- //
#blocked = #ttg.blocked<{sizePerThread = [1, 8], threadsPerWarp = [2, 16], warpsPerCTA = [8, 1], order = [1, 0]}>
#linear = #ttg.linear<{register = [[0, 1], [0, 2], [0, 4], [0, 8], [0, 16], [0, 32]], lane = [[1, 0], [2, 0], [4, 0], [8, 0], [16, 0]], warp = [[32, 0], [64, 0], [0, 64]], block = []}>
#loc = loc("/home/scratch.egaburov_sw/oai-triton/triton-src/triton-solid-01.git/python/test/unit/language/test_warp_specialization.py":294:0)
#shared = #ttg.nvmma_shared<{swizzlingByteWidth = 128, transposed = false, elementBitWidth = 16}>
#shared1 = #ttg.nvmma_shared<{swizzlingByteWidth = 128, transposed = true, elementBitWidth = 16}>
#smem = #ttg.shared_memory
#tmem = #ttng.tensor_memory_encoding<blockM = 128, blockN = 128, colStride = 1>
#loc35 = loc("a_ptr"(#loc))
#loc36 = loc("b_ptr"(#loc))
#loc37 = loc("c_ptr"(#loc))
#loc38 = loc("a_stride0"(#loc))
#loc39 = loc("b_stride0"(#loc))
#loc40 = loc("c_stride0"(#loc))
#loc41 = loc("M"(#loc))
#loc42 = loc("N"(#loc))
#loc43 = loc("K"(#loc))
module attributes {"ttg.cluster-dim-x" = 1 : i32, "ttg.cluster-dim-y" = 1 : i32, "ttg.cluster-dim-z" = 1 : i32, ttg.max_reg_auto_ws = 152 : i32, ttg.min_reg_auto_ws = 24 : i32, "ttg.num-ctas" = 1 : i32, "ttg.num-warps" = 8 : i32, ttg.target = "cuda:103", "ttg.threads-per-warp" = 32 : i32} {
  tt.func public @matmul_tma_persistent_ws_kernel(%a_ptr: !tt.ptr<f16> {tt.divisibility = 16 : i32} loc("a_ptr"(#loc)), %b_ptr: !tt.ptr<f16> {tt.divisibility = 16 : i32} loc("b_ptr"(#loc)), %c_ptr: !tt.ptr<f16> {tt.divisibility = 16 : i32} loc("c_ptr"(#loc)), %a_stride0: i32 {tt.divisibility = 16 : i32} loc("a_stride0"(#loc)), %b_stride0: i32 {tt.divisibility = 16 : i32} loc("b_stride0"(#loc)), %c_stride0: i32 {tt.divisibility = 16 : i32} loc("c_stride0"(#loc)), %M: i32 {tt.divisibility = 16 : i32} loc("M"(#loc)), %N: i32 {tt.divisibility = 16 : i32} loc("N"(#loc)), %K: i32 {tt.divisibility = 16 : i32} loc("K"(#loc))) attributes {noinline = false} {
    %true = arith.constant true loc(#loc1)
    %c1_i64 = arith.constant 1 : i64 loc(#loc1)
    %c128_i32 = arith.constant 128 : i32 loc(#loc1)
    %c150_i32 = arith.constant 150 : i32 loc(#loc2)
    %c0_i32 = arith.constant 0 : i32 loc(#loc1)
    %c1_i32 = arith.constant 1 : i32 loc(#loc1)
    %c127_i32 = arith.constant 127 : i32 loc(#loc1)
    %c8_i32 = arith.constant 8 : i32 loc(#loc1)
    %cst = arith.constant dense<0.000000e+00> : tensor<128x128xf32, #linear> loc(#loc1)
    %a_desc = arith.extsi %a_stride0 : i32 to i64 loc(#loc44)
    %a_desc_0 = tt.make_tensor_descriptor %a_ptr, [%M, %K], [%a_desc, %c1_i64] : !tt.ptr<f16>, !tt.tensordesc<tensor<128x128xf16, #shared>> loc(#loc44)
    %b_desc = arith.extsi %b_stride0 : i32 to i64 loc(#loc45)
    %b_desc_1 = tt.make_tensor_descriptor %b_ptr, [%N, %K], [%b_desc, %c1_i64] : !tt.ptr<f16>, !tt.tensordesc<tensor<128x128xf16, #shared>> loc(#loc45)
    %c_desc = arith.extsi %c_stride0 : i32 to i64 loc(#loc46)
    %c_desc_2 = tt.make_tensor_descriptor %c_ptr, [%M, %N], [%c_desc, %c1_i64] : !tt.ptr<f16>, !tt.tensordesc<tensor<128x128xf16, #shared>> loc(#loc46)
    %start_pid = tt.get_program_id x : i32 loc(#loc47)
    %num_pid_m = arith.addi %M, %c127_i32 : i32 loc(#loc70)
    %num_pid_m_3 = arith.divsi %num_pid_m, %c128_i32 : i32 loc(#loc71)
    %num_pid_n = arith.addi %N, %c127_i32 : i32 loc(#loc72)
    %num_pid_n_4 = arith.divsi %num_pid_n, %c128_i32 : i32 loc(#loc73)
    %k_tiles = arith.addi %K, %c127_i32 : i32 loc(#loc74)
    %k_tiles_5 = arith.divsi %k_tiles, %c128_i32 : i32 loc(#loc75)
    %num_tiles = arith.muli %num_pid_m_3, %num_pid_n_4 : i32 loc(#loc51)
    scf.for %tile_id = %start_pid to %num_tiles step %c150_i32  : i32 {
      %num_pid_in_group = arith.muli %num_pid_n_4, %c8_i32 : i32 loc(#loc76)
      %group_id = arith.divsi %tile_id, %num_pid_in_group : i32 loc(#loc77)
      %first_pid_m = arith.muli %group_id, %c8_i32 : i32 loc(#loc78)
      %group_size_m = arith.subi %num_pid_m_3, %first_pid_m : i32 loc(#loc79)
      %group_size_m_6 = arith.minsi %group_size_m, %c8_i32 : i32 loc(#loc80)
      %pid_m = arith.remsi %tile_id, %group_size_m_6 : i32 loc(#loc81)
      %pid_m_7 = arith.addi %first_pid_m, %pid_m : i32 loc(#loc82)
      %pid_n = arith.remsi %tile_id, %num_pid_in_group : i32 loc(#loc83)
      %pid_n_8 = arith.divsi %pid_n, %group_size_m_6 : i32 loc(#loc84)
      %off_am = arith.muli %pid_m_7, %c128_i32 : i32 loc(#loc61)
      %off_bn = arith.muli %pid_n_8, %c128_i32 : i32 loc(#loc62)
      %accumulator = scf.for %accumulator_9 = %c0_i32 to %k_tiles_5 step %c1_i32 iter_args(%arg11 = %cst) -> (tensor<128x128xf32, #linear>)  : i32 {
        %off_k = arith.muli %accumulator_9, %c128_i32 : i32 loc(#loc64)
        %a = tt.descriptor_load %a_desc_0[%off_am, %off_k] : !tt.tensordesc<tensor<128x128xf16, #shared>> -> tensor<128x128xf16, #blocked> loc(#loc65)
        %a_10 = ttg.local_alloc %a : (tensor<128x128xf16, #blocked>) -> !ttg.memdesc<128x128xf16, #shared, #smem> loc(#loc65)
        %b = tt.descriptor_load %b_desc_1[%off_bn, %off_k] : !tt.tensordesc<tensor<128x128xf16, #shared>> -> tensor<128x128xf16, #blocked> loc(#loc66)
        %accumulator_11 = ttg.local_alloc %b : (tensor<128x128xf16, #blocked>) -> !ttg.memdesc<128x128xf16, #shared, #smem> loc(#loc67)
        %accumulator_12 = ttg.memdesc_trans %accumulator_11 {order = array<i32: 1, 0>} : !ttg.memdesc<128x128xf16, #shared, #smem> -> !ttg.memdesc<128x128xf16, #shared1, #smem> loc(#loc67)
        %accumulator_13, %accumulator_14 = ttng.tmem_alloc %arg11 : (tensor<128x128xf32, #linear>) -> (!ttg.memdesc<128x128xf32, #tmem, #ttng.tensor_memory, mutable>, !ttg.async.token) loc(#loc68)
        %accumulator_15 = ttng.tc_gen5_mma %a_10, %accumulator_12, %accumulator_13[%accumulator_14], %true, %true : !ttg.memdesc<128x128xf16, #shared, #smem>, !ttg.memdesc<128x128xf16, #shared1, #smem>, !ttg.memdesc<128x128xf32, #tmem, #ttng.tensor_memory, mutable> loc(#loc68)
        %accumulator_16, %accumulator_17 = ttng.tmem_load %accumulator_13[%accumulator_15] : !ttg.memdesc<128x128xf32, #tmem, #ttng.tensor_memory, mutable> -> tensor<128x128xf32, #linear> loc(#loc68)
        scf.yield %accumulator_16 : tensor<128x128xf32, #linear> loc(#loc31)
      } loc(#loc63)
      %c = arith.truncf %accumulator : tensor<128x128xf32, #linear> to tensor<128x128xf16, #linear> loc(#loc69)
      %0 = ttg.convert_layout %c : tensor<128x128xf16, #linear> -> tensor<128x128xf16, #blocked> loc(#loc33)
      tt.descriptor_store %c_desc_2[%off_am, %off_bn], %0 : !tt.tensordesc<tensor<128x128xf16, #shared>>, tensor<128x128xf16, #blocked> loc(#loc33)
    } {tt.flatten, tt.num_stages = 2 : i32, tt.warp_specialize} loc(#loc2)
    tt.return loc(#loc34)
  } loc(#loc)
} loc(#loc)
#loc1 = loc(unknown)
#loc2 = loc("/home/scratch.egaburov_sw/oai-triton/triton-src/triton-solid-01.git/python/test/unit/language/test_warp_specialization.py":323:28)
#loc3 = loc("/home/scratch.egaburov_sw/oai-triton/triton-src/triton-solid-01.git/python/test/unit/language/test_warp_specialization.py":309:39)
#loc4 = loc("/home/scratch.egaburov_sw/oai-triton/triton-src/triton-solid-01.git/python/test/unit/language/test_warp_specialization.py":311:39)
#loc5 = loc("/home/scratch.egaburov_sw/oai-triton/triton-src/triton-solid-01.git/python/test/unit/language/test_warp_specialization.py":313:39)
#loc6 = loc("/home/scratch.egaburov_sw/oai-triton/triton-src/triton-solid-01.git/python/test/unit/language/test_warp_specialization.py":316:30)
#loc7 = loc("/home/scratch.egaburov_sw/oai-triton/triton-src/triton-solid-01.git/python/triton/language/standard.py":43:17)
#loc8 = loc("/home/scratch.egaburov_sw/oai-triton/triton-src/triton-solid-01.git/python/test/unit/language/test_warp_specialization.py":317:27)
#loc9 = loc("/home/scratch.egaburov_sw/oai-triton/triton-src/triton-solid-01.git/python/triton/language/standard.py":43:30)
#loc10 = loc("/home/scratch.egaburov_sw/oai-triton/triton-src/triton-solid-01.git/python/test/unit/language/test_warp_specialization.py":318:27)
#loc11 = loc("/home/scratch.egaburov_sw/oai-triton/triton-src/triton-solid-01.git/python/test/unit/language/test_warp_specialization.py":319:25)
#loc12 = loc("/home/scratch.egaburov_sw/oai-triton/triton-src/triton-solid-01.git/python/test/unit/language/test_warp_specialization.py":320:28)
#loc13 = loc("/home/scratch.egaburov_sw/oai-triton/triton-src/triton-solid-01.git/python/test/unit/language/test_warp_specialization.py":191:38)
#loc14 = loc("/home/scratch.egaburov_sw/oai-triton/triton-src/triton-solid-01.git/python/test/unit/language/test_warp_specialization.py":324:67)
#loc15 = loc("/home/scratch.egaburov_sw/oai-triton/triton-src/triton-solid-01.git/python/test/unit/language/test_warp_specialization.py":192:26)
#loc16 = loc("/home/scratch.egaburov_sw/oai-triton/triton-src/triton-solid-01.git/python/test/unit/language/test_warp_specialization.py":193:29)
#loc17 = loc("/home/scratch.egaburov_sw/oai-triton/triton-src/triton-solid-01.git/python/test/unit/language/test_warp_specialization.py":194:35)
#loc18 = loc("/home/scratch.egaburov_sw/oai-triton/triton-src/triton-solid-01.git/python/test/unit/language/test_warp_specialization.py":194:48)
#loc19 = loc("/home/scratch.egaburov_sw/oai-triton/triton-src/triton-solid-01.git/python/test/unit/language/test_warp_specialization.py":195:37)
#loc20 = loc("/home/scratch.egaburov_sw/oai-triton/triton-src/triton-solid-01.git/python/test/unit/language/test_warp_specialization.py":195:27)
#loc21 = loc("/home/scratch.egaburov_sw/oai-triton/triton-src/triton-solid-01.git/python/test/unit/language/test_warp_specialization.py":196:23)
#loc22 = loc("/home/scratch.egaburov_sw/oai-triton/triton-src/triton-solid-01.git/python/test/unit/language/test_warp_specialization.py":196:44)
#loc23 = loc("/home/scratch.egaburov_sw/oai-triton/triton-src/triton-solid-01.git/python/test/unit/language/test_warp_specialization.py":326:25)
#loc24 = loc("/home/scratch.egaburov_sw/oai-triton/triton-src/triton-solid-01.git/python/test/unit/language/test_warp_specialization.py":327:25)
#loc25 = loc("/home/scratch.egaburov_sw/oai-triton/triton-src/triton-solid-01.git/python/test/unit/language/test_warp_specialization.py":329:24)
#loc26 = loc("/home/scratch.egaburov_sw/oai-triton/triton-src/triton-solid-01.git/python/test/unit/language/test_warp_specialization.py":330:25)
#loc27 = loc("/home/scratch.egaburov_sw/oai-triton/triton-src/triton-solid-01.git/python/test/unit/language/test_warp_specialization.py":331:28)
#loc28 = loc("/home/scratch.egaburov_sw/oai-triton/triton-src/triton-solid-01.git/python/test/unit/language/test_warp_specialization.py":332:28)
#loc29 = loc("/home/scratch.egaburov_sw/oai-triton/triton-src/triton-solid-01.git/python/test/unit/language/test_warp_specialization.py":333:36)
#loc30 = loc("/home/scratch.egaburov_sw/oai-triton/triton-src/triton-solid-01.git/python/test/unit/language/test_warp_specialization.py":333:41)
#loc31 = loc("/home/scratch.egaburov_sw/oai-triton/triton-src/triton-solid-01.git/python/test/unit/language/test_warp_specialization.py":333:12)
#loc32 = loc("/home/scratch.egaburov_sw/oai-triton/triton-src/triton-solid-01.git/python/test/unit/language/test_warp_specialization.py":335:27)
#loc33 = loc("/home/scratch.egaburov_sw/oai-triton/triton-src/triton-solid-01.git/python/test/unit/language/test_warp_specialization.py":336:39)
#loc34 = loc("/home/scratch.egaburov_sw/oai-triton/triton-src/triton-solid-01.git/python/test/unit/language/test_warp_specialization.py":322:4)
#loc44 = loc("a_desc"(#loc3))
#loc45 = loc("b_desc"(#loc4))
#loc46 = loc("c_desc"(#loc5))
#loc47 = loc("start_pid"(#loc6))
#loc48 = loc("num_pid_m"(#loc8))
#loc49 = loc("num_pid_n"(#loc10))
#loc50 = loc("k_tiles"(#loc11))
#loc51 = loc("num_tiles"(#loc12))
#loc52 = loc("num_pid_in_group"(#loc13))
#loc53 = loc("group_id"(#loc15))
#loc54 = loc("first_pid_m"(#loc16))
#loc55 = loc("group_size_m"(#loc17))
#loc56 = loc("group_size_m"(#loc18))
#loc57 = loc("pid_m"(#loc19))
#loc58 = loc("pid_m"(#loc20))
#loc59 = loc("pid_n"(#loc21))
#loc60 = loc("pid_n"(#loc22))
#loc61 = loc("off_am"(#loc23))
#loc62 = loc("off_bn"(#loc24))
#loc63 = loc("accumulator"(#loc25))
#loc64 = loc("off_k"(#loc26))
#loc65 = loc("a"(#loc27))
#loc66 = loc("b"(#loc28))
#loc67 = loc("accumulator"(#loc29))
#loc68 = loc("accumulator"(#loc30))
#loc69 = loc("c"(#loc32))
#loc70 = loc(callsite(#loc7 at #loc48))
#loc71 = loc(callsite(#loc9 at #loc48))
#loc72 = loc(callsite(#loc7 at #loc49))
#loc73 = loc(callsite(#loc9 at #loc49))
#loc74 = loc(callsite(#loc7 at #loc50))
#loc75 = loc(callsite(#loc9 at #loc50))
#loc76 = loc(callsite(#loc52 at #loc14))
#loc77 = loc(callsite(#loc53 at #loc14))
#loc78 = loc(callsite(#loc54 at #loc14))
#loc79 = loc(callsite(#loc55 at #loc14))
#loc80 = loc(callsite(#loc56 at #loc14))
#loc81 = loc(callsite(#loc57 at #loc14))
#loc82 = loc(callsite(#loc58 at #loc14))
#loc83 = loc(callsite(#loc59 at #loc14))
#loc84 = loc(callsite(#loc60 at #loc14))


// -----// IR Dump Before Canonicalizer (canonicalize) ('builtin.module' operation) //----- //
#blocked = #ttg.blocked<{sizePerThread = [1, 8], threadsPerWarp = [2, 16], warpsPerCTA = [8, 1], order = [1, 0]}>
#linear = #ttg.linear<{register = [[0, 1], [0, 2], [0, 4], [0, 8], [0, 16], [0, 32]], lane = [[1, 0], [2, 0], [4, 0], [8, 0], [16, 0]], warp = [[32, 0], [64, 0], [0, 64]], block = []}>
#loc = loc("/home/scratch.egaburov_sw/oai-triton/triton-src/triton-solid-01.git/python/test/unit/language/test_warp_specialization.py":294:0)
#shared = #ttg.nvmma_shared<{swizzlingByteWidth = 128, transposed = false, elementBitWidth = 16}>
#shared1 = #ttg.nvmma_shared<{swizzlingByteWidth = 128, transposed = true, elementBitWidth = 16}>
#smem = #ttg.shared_memory
#tmem = #ttng.tensor_memory_encoding<blockM = 128, blockN = 128, colStride = 1>
#loc35 = loc("a_ptr"(#loc))
#loc36 = loc("b_ptr"(#loc))
#loc37 = loc("c_ptr"(#loc))
#loc38 = loc("a_stride0"(#loc))
#loc39 = loc("b_stride0"(#loc))
#loc40 = loc("c_stride0"(#loc))
#loc41 = loc("M"(#loc))
#loc42 = loc("N"(#loc))
#loc43 = loc("K"(#loc))
module attributes {"ttg.cluster-dim-x" = 1 : i32, "ttg.cluster-dim-y" = 1 : i32, "ttg.cluster-dim-z" = 1 : i32, ttg.max_reg_auto_ws = 152 : i32, ttg.min_reg_auto_ws = 24 : i32, "ttg.num-ctas" = 1 : i32, "ttg.num-warps" = 8 : i32, ttg.target = "cuda:103", "ttg.threads-per-warp" = 32 : i32} {
  tt.func public @matmul_tma_persistent_ws_kernel(%a_ptr: !tt.ptr<f16> {tt.divisibility = 16 : i32} loc("a_ptr"(#loc)), %b_ptr: !tt.ptr<f16> {tt.divisibility = 16 : i32} loc("b_ptr"(#loc)), %c_ptr: !tt.ptr<f16> {tt.divisibility = 16 : i32} loc("c_ptr"(#loc)), %a_stride0: i32 {tt.divisibility = 16 : i32} loc("a_stride0"(#loc)), %b_stride0: i32 {tt.divisibility = 16 : i32} loc("b_stride0"(#loc)), %c_stride0: i32 {tt.divisibility = 16 : i32} loc("c_stride0"(#loc)), %M: i32 {tt.divisibility = 16 : i32} loc("M"(#loc)), %N: i32 {tt.divisibility = 16 : i32} loc("N"(#loc)), %K: i32 {tt.divisibility = 16 : i32} loc("K"(#loc))) attributes {noinline = false} {
    %true = arith.constant true loc(#loc1)
    %c1_i64 = arith.constant 1 : i64 loc(#loc1)
    %c128_i32 = arith.constant 128 : i32 loc(#loc1)
    %c150_i32 = arith.constant 150 : i32 loc(#loc2)
    %c0_i32 = arith.constant 0 : i32 loc(#loc1)
    %c1_i32 = arith.constant 1 : i32 loc(#loc1)
    %c127_i32 = arith.constant 127 : i32 loc(#loc1)
    %c8_i32 = arith.constant 8 : i32 loc(#loc1)
    %cst = arith.constant dense<0.000000e+00> : tensor<128x128xf32, #linear> loc(#loc1)
    %a_desc = arith.extsi %a_stride0 : i32 to i64 loc(#loc44)
    %a_desc_0 = tt.make_tensor_descriptor %a_ptr, [%M, %K], [%a_desc, %c1_i64] : !tt.ptr<f16>, !tt.tensordesc<tensor<128x128xf16, #shared>> loc(#loc44)
    %b_desc = arith.extsi %b_stride0 : i32 to i64 loc(#loc45)
    %b_desc_1 = tt.make_tensor_descriptor %b_ptr, [%N, %K], [%b_desc, %c1_i64] : !tt.ptr<f16>, !tt.tensordesc<tensor<128x128xf16, #shared>> loc(#loc45)
    %c_desc = arith.extsi %c_stride0 : i32 to i64 loc(#loc46)
    %c_desc_2 = tt.make_tensor_descriptor %c_ptr, [%M, %N], [%c_desc, %c1_i64] : !tt.ptr<f16>, !tt.tensordesc<tensor<128x128xf16, #shared>> loc(#loc46)
    %start_pid = tt.get_program_id x : i32 loc(#loc47)
    %num_pid_m = arith.addi %M, %c127_i32 : i32 loc(#loc70)
    %num_pid_m_3 = arith.divsi %num_pid_m, %c128_i32 : i32 loc(#loc71)
    %num_pid_n = arith.addi %N, %c127_i32 : i32 loc(#loc72)
    %num_pid_n_4 = arith.divsi %num_pid_n, %c128_i32 : i32 loc(#loc73)
    %k_tiles = arith.addi %K, %c127_i32 : i32 loc(#loc74)
    %k_tiles_5 = arith.divsi %k_tiles, %c128_i32 : i32 loc(#loc75)
    %num_tiles = arith.muli %num_pid_m_3, %num_pid_n_4 : i32 loc(#loc51)
    %num_pid_in_group = arith.muli %num_pid_n_4, %c8_i32 : i32 loc(#loc76)
    %accumulator = arith.subi %k_tiles_5, %c0_i32 : i32 loc(#loc53)
    %accumulator_6 = arith.ceildivsi %accumulator, %c1_i32 : i32 loc(#loc53)
    %accumulator_7 = arith.constant 0 : i32 loc(#loc53)
    %accumulator_8 = arith.cmpi eq, %accumulator_6, %accumulator_7 : i32 loc(#loc53)
    scf.if %accumulator_8 {
      scf.for %tile_id = %start_pid to %num_tiles step %c150_i32  : i32 {
        %group_id = arith.divsi %tile_id, %num_pid_in_group : i32 loc(#loc77)
        %first_pid_m = arith.muli %group_id, %c8_i32 : i32 loc(#loc78)
        %group_size_m = arith.subi %num_pid_m_3, %first_pid_m : i32 loc(#loc79)
        %group_size_m_9 = arith.minsi %group_size_m, %c8_i32 : i32 loc(#loc80)
        %pid_m = arith.remsi %tile_id, %group_size_m_9 : i32 loc(#loc81)
        %pid_m_10 = arith.addi %first_pid_m, %pid_m : i32 loc(#loc82)
        %pid_n = arith.remsi %tile_id, %num_pid_in_group : i32 loc(#loc83)
        %pid_n_11 = arith.divsi %pid_n, %group_size_m_9 : i32 loc(#loc84)
        %off_am = arith.muli %pid_m_10, %c128_i32 : i32 loc(#loc62)
        %off_bn = arith.muli %pid_n_11, %c128_i32 : i32 loc(#loc63)
        %c = arith.truncf %cst : tensor<128x128xf32, #linear> to tensor<128x128xf16, #linear> loc(#loc64)
        %0 = ttg.convert_layout %c : tensor<128x128xf16, #linear> -> tensor<128x128xf16, #blocked> loc(#loc27)
        tt.descriptor_store %c_desc_2[%off_am, %off_bn], %0 : !tt.tensordesc<tensor<128x128xf16, #shared>>, tensor<128x128xf16, #blocked> loc(#loc27)
      } {tt.flatten, tt.num_stages = 2 : i32} loc(#loc2)
    } else {
      %0 = arith.subi %num_tiles, %start_pid : i32 loc(#loc2)
      %1 = arith.ceildivsi %0, %c150_i32 : i32 loc(#loc2)
      %2 = arith.subi %k_tiles_5, %c0_i32 : i32 loc(#loc2)
      %3 = arith.ceildivsi %2, %c1_i32 : i32 loc(#loc2)
      %c0_i32_9 = arith.constant 0 : i32 loc(#loc2)
      %c1_i32_10 = arith.constant 1 : i32 loc(#loc2)
      %4 = arith.maxsi %c1_i32_10, %3 : i32 loc(#loc2)
      %5 = arith.addi %c0_i32_9, %4 : i32 loc(#loc2)
      %c0_i32_11 = arith.constant 0 : i32 loc(#loc2)
      %6 = arith.subi %5, %c0_i32_11 : i32 loc(#loc2)
      %7 = arith.muli %1, %6 : i32 loc(#loc2)
      %8 = scf.for %arg9 = %start_pid to %num_tiles step %c150_i32 iter_args(%arg10 = %7) -> (i32)  : i32 {
        scf.yield %arg10 : i32 loc(#loc2)
      } loc(#loc2)
      %c0_i32_12 = arith.constant 0 : i32 loc(#loc2)
      %9 = arith.subi %start_pid, %c150_i32 : i32 loc(#loc2)
      %c0_i32_13 = arith.constant 0 : i32 loc(#loc2)
      %cst_14 = arith.constant dense<0.000000e+00> : tensor<128x128xf32, #linear> loc(#loc2)
      %c0_i32_15 = arith.constant 0 : i32 loc(#loc2)
      %c0_i32_16 = arith.constant 0 : i32 loc(#loc2)
      %c1_i32_17 = arith.constant 1 : i32 loc(#loc2)
      %c0_i32_18 = arith.constant 0 : i32 loc(#loc2)
      %10:8 = scf.for %arg9 = %c0_i32_18 to %8 step %c1_i32_17 iter_args(%arg10 = %c0_i32_12, %arg11 = %9, %arg12 = %3, %arg13 = %6, %arg14 = %c0_i32_13, %arg15 = %cst, %arg16 = %c0_i32_15, %arg17 = %c0_i32_16) -> (i32, i32, i32, i32, i32, tensor<128x128xf32, #linear>, i32, i32)  : i32 {
        %c0_i32_19 = arith.constant 0 : i32 loc(#loc2)
        %c0_i32_20 = arith.constant 0 : i32 loc(#loc2)
        %11 = arith.subi %c0_i32_19, %c0_i32_20 : i32 loc(#loc2)
        %12 = arith.cmpi eq, %arg10, %11 : i32 loc(#loc2)
        %13:6 = scf.if %12 -> (i32, i32, i32, i32, i32, i32) {
          %26 = arith.addi %arg11, %c150_i32 : i32 loc(#loc2)
          %group_id = arith.divsi %26, %num_pid_in_group : i32 loc(#loc77)
          %first_pid_m = arith.muli %group_id, %c8_i32 : i32 loc(#loc78)
          %group_size_m = arith.subi %num_pid_m_3, %first_pid_m : i32 loc(#loc79)
          %group_size_m_26 = arith.minsi %group_size_m, %c8_i32 : i32 loc(#loc80)
          %pid_m = arith.remsi %26, %group_size_m_26 : i32 loc(#loc81)
          %pid_m_27 = arith.addi %first_pid_m, %pid_m : i32 loc(#loc82)
          %pid_n = arith.remsi %26, %num_pid_in_group : i32 loc(#loc83)
          %pid_n_28 = arith.divsi %pid_n, %group_size_m_26 : i32 loc(#loc84)
          %off_am = arith.muli %pid_m_27, %c128_i32 : i32 loc(#loc62)
          %off_bn = arith.muli %pid_n_28, %c128_i32 : i32 loc(#loc63)
          scf.yield %c0_i32, %off_am, %off_bn, %26, %arg12, %6 : i32, i32, i32, i32, i32, i32 loc(#loc2)
        } else {
          scf.yield %arg14, %arg16, %arg17, %arg11, %arg12, %6 : i32, i32, i32, i32, i32, i32 loc(#loc2)
        } loc(#loc2)
        %14 = arith.addi %11, %13#4 : i32 loc(#loc2)
        %15 = arith.cmpi sge, %arg10, %11 : i32 loc(#loc2)
        %16 = arith.cmpi slt, %arg10, %14 : i32 loc(#loc2)
        %17 = arith.andi %15, %16 : i1 loc(#loc2)
        %true_21 = arith.constant true loc(#loc2)
        %18:2 = scf.if %true_21 -> (i32, tensor<128x128xf32, #linear>) {
          %off_k = arith.muli %13#0, %c128_i32 : i32 loc(#loc65)
          %a = tt.descriptor_load %a_desc_0[%13#1, %off_k] : !tt.tensordesc<tensor<128x128xf16, #shared>> -> tensor<128x128xf16, #blocked> loc(#loc66)
          %a_26 = ttg.local_alloc %a : (tensor<128x128xf16, #blocked>) -> !ttg.memdesc<128x128xf16, #shared, #smem> loc(#loc66)
          %b = tt.descriptor_load %b_desc_1[%13#2, %off_k] : !tt.tensordesc<tensor<128x128xf16, #shared>> -> tensor<128x128xf16, #blocked> loc(#loc67)
          %accumulator_27 = ttg.local_alloc %b : (tensor<128x128xf16, #blocked>) -> !ttg.memdesc<128x128xf16, #shared, #smem> loc(#loc68)
          %accumulator_28 = ttg.memdesc_trans %accumulator_27 {order = array<i32: 1, 0>} : !ttg.memdesc<128x128xf16, #shared, #smem> -> !ttg.memdesc<128x128xf16, #shared1, #smem> loc(#loc68)
          %accumulator_29, %accumulator_30 = ttng.tmem_alloc %arg15 : (tensor<128x128xf32, #linear>) -> (!ttg.memdesc<128x128xf32, #tmem, #ttng.tensor_memory, mutable>, !ttg.async.token) loc(#loc69)
          %accumulator_31 = ttng.tc_gen5_mma %a_26, %accumulator_28, %accumulator_29[%accumulator_30], %true, %true : !ttg.memdesc<128x128xf16, #shared, #smem>, !ttg.memdesc<128x128xf16, #shared1, #smem>, !ttg.memdesc<128x128xf32, #tmem, #ttng.tensor_memory, mutable> loc(#loc69)
          %accumulator_32, %accumulator_33 = ttng.tmem_load %accumulator_29[%accumulator_31] : !ttg.memdesc<128x128xf32, #tmem, #ttng.tensor_memory, mutable> -> tensor<128x128xf32, #linear> loc(#loc69)
          %26 = arith.addi %13#0, %c1_i32 : i32 loc(#loc2)
          scf.yield %26, %accumulator_32 : i32, tensor<128x128xf32, #linear> loc(#loc33)
        } else {
          scf.yield %13#0, %arg15 : i32, tensor<128x128xf32, #linear> loc(#loc2)
        } loc(#loc2)
        %c1_i32_22 = arith.constant 1 : i32 loc(#loc2)
        %19 = arith.subi %13#5, %c1_i32_22 : i32 loc(#loc2)
        %20 = arith.cmpi eq, %arg10, %19 : i32 loc(#loc2)
        %21 = scf.if %20 -> (tensor<128x128xf32, #linear>) {
          %c = arith.truncf %18#1 : tensor<128x128xf32, #linear> to tensor<128x128xf16, #linear> loc(#loc64)
          %26 = ttg.convert_layout %c : tensor<128x128xf16, #linear> -> tensor<128x128xf16, #blocked> loc(#loc27)
          tt.descriptor_store %c_desc_2[%13#1, %13#2], %26 : !tt.tensordesc<tensor<128x128xf16, #shared>>, tensor<128x128xf16, #blocked> loc(#loc27)
          scf.yield %cst : tensor<128x128xf32, #linear> loc(#loc2)
        } else {
          scf.yield %18#1 : tensor<128x128xf32, #linear> loc(#loc2)
        } loc(#loc2)
        %c1_i32_23 = arith.constant 1 : i32 loc(#loc2)
        %22 = arith.addi %arg10, %c1_i32_23 : i32 loc(#loc2)
        %c1_i32_24 = arith.constant 1 : i32 loc(#loc2)
        %23 = arith.subi %13#5, %c1_i32_24 : i32 loc(#loc2)
        %24 = arith.cmpi eq, %arg10, %23 : i32 loc(#loc2)
        %c0_i32_25 = arith.constant 0 : i32 loc(#loc2)
        %25 = arith.select %24, %c0_i32_25, %22 : i32 loc(#loc2)
        scf.yield %25, %13#3, %13#4, %13#5, %18#0, %21, %13#1, %13#2 : i32, i32, i32, i32, i32, tensor<128x128xf32, #linear>, i32, i32 loc(#loc2)
      } {tt.num_stages = 2 : i32, tt.warp_specialize} loc(#loc2)
    } loc(#loc53)
    tt.return loc(#loc34)
  } loc(#loc)
} loc(#loc)
#loc1 = loc(unknown)
#loc2 = loc("/home/scratch.egaburov_sw/oai-triton/triton-src/triton-solid-01.git/python/test/unit/language/test_warp_specialization.py":323:28)
#loc3 = loc("/home/scratch.egaburov_sw/oai-triton/triton-src/triton-solid-01.git/python/test/unit/language/test_warp_specialization.py":309:39)
#loc4 = loc("/home/scratch.egaburov_sw/oai-triton/triton-src/triton-solid-01.git/python/test/unit/language/test_warp_specialization.py":311:39)
#loc5 = loc("/home/scratch.egaburov_sw/oai-triton/triton-src/triton-solid-01.git/python/test/unit/language/test_warp_specialization.py":313:39)
#loc6 = loc("/home/scratch.egaburov_sw/oai-triton/triton-src/triton-solid-01.git/python/test/unit/language/test_warp_specialization.py":316:30)
#loc7 = loc("/home/scratch.egaburov_sw/oai-triton/triton-src/triton-solid-01.git/python/triton/language/standard.py":43:17)
#loc8 = loc("/home/scratch.egaburov_sw/oai-triton/triton-src/triton-solid-01.git/python/test/unit/language/test_warp_specialization.py":317:27)
#loc9 = loc("/home/scratch.egaburov_sw/oai-triton/triton-src/triton-solid-01.git/python/triton/language/standard.py":43:30)
#loc10 = loc("/home/scratch.egaburov_sw/oai-triton/triton-src/triton-solid-01.git/python/test/unit/language/test_warp_specialization.py":318:27)
#loc11 = loc("/home/scratch.egaburov_sw/oai-triton/triton-src/triton-solid-01.git/python/test/unit/language/test_warp_specialization.py":319:25)
#loc12 = loc("/home/scratch.egaburov_sw/oai-triton/triton-src/triton-solid-01.git/python/test/unit/language/test_warp_specialization.py":320:28)
#loc13 = loc("/home/scratch.egaburov_sw/oai-triton/triton-src/triton-solid-01.git/python/test/unit/language/test_warp_specialization.py":191:38)
#loc14 = loc("/home/scratch.egaburov_sw/oai-triton/triton-src/triton-solid-01.git/python/test/unit/language/test_warp_specialization.py":324:67)
#loc15 = loc("/home/scratch.egaburov_sw/oai-triton/triton-src/triton-solid-01.git/python/test/unit/language/test_warp_specialization.py":329:24)
#loc16 = loc("/home/scratch.egaburov_sw/oai-triton/triton-src/triton-solid-01.git/python/test/unit/language/test_warp_specialization.py":192:26)
#loc17 = loc("/home/scratch.egaburov_sw/oai-triton/triton-src/triton-solid-01.git/python/test/unit/language/test_warp_specialization.py":193:29)
#loc18 = loc("/home/scratch.egaburov_sw/oai-triton/triton-src/triton-solid-01.git/python/test/unit/language/test_warp_specialization.py":194:35)
#loc19 = loc("/home/scratch.egaburov_sw/oai-triton/triton-src/triton-solid-01.git/python/test/unit/language/test_warp_specialization.py":194:48)
#loc20 = loc("/home/scratch.egaburov_sw/oai-triton/triton-src/triton-solid-01.git/python/test/unit/language/test_warp_specialization.py":195:37)
#loc21 = loc("/home/scratch.egaburov_sw/oai-triton/triton-src/triton-solid-01.git/python/test/unit/language/test_warp_specialization.py":195:27)
#loc22 = loc("/home/scratch.egaburov_sw/oai-triton/triton-src/triton-solid-01.git/python/test/unit/language/test_warp_specialization.py":196:23)
#loc23 = loc("/home/scratch.egaburov_sw/oai-triton/triton-src/triton-solid-01.git/python/test/unit/language/test_warp_specialization.py":196:44)
#loc24 = loc("/home/scratch.egaburov_sw/oai-triton/triton-src/triton-solid-01.git/python/test/unit/language/test_warp_specialization.py":326:25)
#loc25 = loc("/home/scratch.egaburov_sw/oai-triton/triton-src/triton-solid-01.git/python/test/unit/language/test_warp_specialization.py":327:25)
#loc26 = loc("/home/scratch.egaburov_sw/oai-triton/triton-src/triton-solid-01.git/python/test/unit/language/test_warp_specialization.py":335:27)
#loc27 = loc("/home/scratch.egaburov_sw/oai-triton/triton-src/triton-solid-01.git/python/test/unit/language/test_warp_specialization.py":336:39)
#loc28 = loc("/home/scratch.egaburov_sw/oai-triton/triton-src/triton-solid-01.git/python/test/unit/language/test_warp_specialization.py":330:25)
#loc29 = loc("/home/scratch.egaburov_sw/oai-triton/triton-src/triton-solid-01.git/python/test/unit/language/test_warp_specialization.py":331:28)
#loc30 = loc("/home/scratch.egaburov_sw/oai-triton/triton-src/triton-solid-01.git/python/test/unit/language/test_warp_specialization.py":332:28)
#loc31 = loc("/home/scratch.egaburov_sw/oai-triton/triton-src/triton-solid-01.git/python/test/unit/language/test_warp_specialization.py":333:36)
#loc32 = loc("/home/scratch.egaburov_sw/oai-triton/triton-src/triton-solid-01.git/python/test/unit/language/test_warp_specialization.py":333:41)
#loc33 = loc("/home/scratch.egaburov_sw/oai-triton/triton-src/triton-solid-01.git/python/test/unit/language/test_warp_specialization.py":333:12)
#loc34 = loc("/home/scratch.egaburov_sw/oai-triton/triton-src/triton-solid-01.git/python/test/unit/language/test_warp_specialization.py":322:4)
#loc44 = loc("a_desc"(#loc3))
#loc45 = loc("b_desc"(#loc4))
#loc46 = loc("c_desc"(#loc5))
#loc47 = loc("start_pid"(#loc6))
#loc48 = loc("num_pid_m"(#loc8))
#loc49 = loc("num_pid_n"(#loc10))
#loc50 = loc("k_tiles"(#loc11))
#loc51 = loc("num_tiles"(#loc12))
#loc52 = loc("num_pid_in_group"(#loc13))
#loc53 = loc("accumulator"(#loc15))
#loc54 = loc("group_id"(#loc16))
#loc55 = loc("first_pid_m"(#loc17))
#loc56 = loc("group_size_m"(#loc18))
#loc57 = loc("group_size_m"(#loc19))
#loc58 = loc("pid_m"(#loc20))
#loc59 = loc("pid_m"(#loc21))
#loc60 = loc("pid_n"(#loc22))
#loc61 = loc("pid_n"(#loc23))
#loc62 = loc("off_am"(#loc24))
#loc63 = loc("off_bn"(#loc25))
#loc64 = loc("c"(#loc26))
#loc65 = loc("off_k"(#loc28))
#loc66 = loc("a"(#loc29))
#loc67 = loc("b"(#loc30))
#loc68 = loc("accumulator"(#loc31))
#loc69 = loc("accumulator"(#loc32))
#loc70 = loc(callsite(#loc7 at #loc48))
#loc71 = loc(callsite(#loc9 at #loc48))
#loc72 = loc(callsite(#loc7 at #loc49))
#loc73 = loc(callsite(#loc9 at #loc49))
#loc74 = loc(callsite(#loc7 at #loc50))
#loc75 = loc(callsite(#loc9 at #loc50))
#loc76 = loc(callsite(#loc52 at #loc14))
#loc77 = loc(callsite(#loc54 at #loc14))
#loc78 = loc(callsite(#loc55 at #loc14))
#loc79 = loc(callsite(#loc56 at #loc14))
#loc80 = loc(callsite(#loc57 at #loc14))
#loc81 = loc(callsite(#loc58 at #loc14))
#loc82 = loc(callsite(#loc59 at #loc14))
#loc83 = loc(callsite(#loc60 at #loc14))
#loc84 = loc(callsite(#loc61 at #loc14))


// -----// IR Dump Before TritonLoopInvariantCodeMotion (triton-licm) ('builtin.module' operation) //----- //
#blocked = #ttg.blocked<{sizePerThread = [1, 8], threadsPerWarp = [2, 16], warpsPerCTA = [8, 1], order = [1, 0]}>
#linear = #ttg.linear<{register = [[0, 1], [0, 2], [0, 4], [0, 8], [0, 16], [0, 32]], lane = [[1, 0], [2, 0], [4, 0], [8, 0], [16, 0]], warp = [[32, 0], [64, 0], [0, 64]], block = []}>
#loc = loc("/home/scratch.egaburov_sw/oai-triton/triton-src/triton-solid-01.git/python/test/unit/language/test_warp_specialization.py":294:0)
#shared = #ttg.nvmma_shared<{swizzlingByteWidth = 128, transposed = false, elementBitWidth = 16}>
#shared1 = #ttg.nvmma_shared<{swizzlingByteWidth = 128, transposed = true, elementBitWidth = 16}>
#smem = #ttg.shared_memory
#tmem = #ttng.tensor_memory_encoding<blockM = 128, blockN = 128, colStride = 1>
#loc34 = loc("a_ptr"(#loc))
#loc35 = loc("b_ptr"(#loc))
#loc36 = loc("c_ptr"(#loc))
#loc37 = loc("a_stride0"(#loc))
#loc38 = loc("b_stride0"(#loc))
#loc39 = loc("c_stride0"(#loc))
#loc40 = loc("M"(#loc))
#loc41 = loc("N"(#loc))
#loc42 = loc("K"(#loc))
module attributes {"ttg.cluster-dim-x" = 1 : i32, "ttg.cluster-dim-y" = 1 : i32, "ttg.cluster-dim-z" = 1 : i32, ttg.max_reg_auto_ws = 152 : i32, ttg.min_reg_auto_ws = 24 : i32, "ttg.num-ctas" = 1 : i32, "ttg.num-warps" = 8 : i32, ttg.target = "cuda:103", "ttg.threads-per-warp" = 32 : i32} {
  tt.func public @matmul_tma_persistent_ws_kernel(%a_ptr: !tt.ptr<f16> {tt.divisibility = 16 : i32} loc("a_ptr"(#loc)), %b_ptr: !tt.ptr<f16> {tt.divisibility = 16 : i32} loc("b_ptr"(#loc)), %c_ptr: !tt.ptr<f16> {tt.divisibility = 16 : i32} loc("c_ptr"(#loc)), %a_stride0: i32 {tt.divisibility = 16 : i32} loc("a_stride0"(#loc)), %b_stride0: i32 {tt.divisibility = 16 : i32} loc("b_stride0"(#loc)), %c_stride0: i32 {tt.divisibility = 16 : i32} loc("c_stride0"(#loc)), %M: i32 {tt.divisibility = 16 : i32} loc("M"(#loc)), %N: i32 {tt.divisibility = 16 : i32} loc("N"(#loc)), %K: i32 {tt.divisibility = 16 : i32} loc("K"(#loc))) attributes {noinline = false} {
    %cst = arith.constant dense<0.000000e+00> : tensor<128x128xf16, #blocked> loc(#loc1)
    %true = arith.constant true loc(#loc1)
    %c1_i64 = arith.constant 1 : i64 loc(#loc1)
    %c128_i32 = arith.constant 128 : i32 loc(#loc1)
    %c150_i32 = arith.constant 150 : i32 loc(#loc2)
    %c0_i32 = arith.constant 0 : i32 loc(#loc1)
    %c1_i32 = arith.constant 1 : i32 loc(#loc1)
    %c127_i32 = arith.constant 127 : i32 loc(#loc1)
    %c8_i32 = arith.constant 8 : i32 loc(#loc1)
    %cst_0 = arith.constant dense<0.000000e+00> : tensor<128x128xf32, #linear> loc(#loc1)
    %a_desc = arith.extsi %a_stride0 : i32 to i64 loc(#loc43)
    %a_desc_1 = tt.make_tensor_descriptor %a_ptr, [%M, %K], [%a_desc, %c1_i64] : !tt.ptr<f16>, !tt.tensordesc<tensor<128x128xf16, #shared>> loc(#loc43)
    %b_desc = arith.extsi %b_stride0 : i32 to i64 loc(#loc44)
    %b_desc_2 = tt.make_tensor_descriptor %b_ptr, [%N, %K], [%b_desc, %c1_i64] : !tt.ptr<f16>, !tt.tensordesc<tensor<128x128xf16, #shared>> loc(#loc44)
    %c_desc = arith.extsi %c_stride0 : i32 to i64 loc(#loc45)
    %c_desc_3 = tt.make_tensor_descriptor %c_ptr, [%M, %N], [%c_desc, %c1_i64] : !tt.ptr<f16>, !tt.tensordesc<tensor<128x128xf16, #shared>> loc(#loc45)
    %start_pid = tt.get_program_id x : i32 loc(#loc46)
    %num_pid_m = arith.addi %M, %c127_i32 : i32 loc(#loc69)
    %num_pid_m_4 = arith.divsi %num_pid_m, %c128_i32 : i32 loc(#loc70)
    %num_pid_n = arith.addi %N, %c127_i32 : i32 loc(#loc71)
    %num_pid_n_5 = arith.divsi %num_pid_n, %c128_i32 : i32 loc(#loc72)
    %k_tiles = arith.addi %K, %c127_i32 : i32 loc(#loc73)
    %k_tiles_6 = arith.divsi %k_tiles, %c128_i32 : i32 loc(#loc74)
    %num_tiles = arith.muli %num_pid_m_4, %num_pid_n_5 : i32 loc(#loc50)
    %num_pid_in_group = arith.muli %num_pid_n_5, %c8_i32 : i32 loc(#loc75)
    %accumulator = arith.cmpi eq, %k_tiles_6, %c0_i32 : i32 loc(#loc52)
    scf.if %accumulator {
      scf.for %tile_id = %start_pid to %num_tiles step %c150_i32  : i32 {
        %group_id = arith.divsi %tile_id, %num_pid_in_group : i32 loc(#loc76)
        %first_pid_m = arith.muli %group_id, %c8_i32 : i32 loc(#loc77)
        %group_size_m = arith.subi %num_pid_m_4, %first_pid_m : i32 loc(#loc78)
        %group_size_m_7 = arith.minsi %group_size_m, %c8_i32 : i32 loc(#loc79)
        %pid_m = arith.remsi %tile_id, %group_size_m_7 : i32 loc(#loc80)
        %pid_m_8 = arith.addi %first_pid_m, %pid_m : i32 loc(#loc81)
        %pid_n = arith.remsi %tile_id, %num_pid_in_group : i32 loc(#loc82)
        %pid_n_9 = arith.divsi %pid_n, %group_size_m_7 : i32 loc(#loc83)
        %off_am = arith.muli %pid_m_8, %c128_i32 : i32 loc(#loc61)
        %off_bn = arith.muli %pid_n_9, %c128_i32 : i32 loc(#loc62)
        tt.descriptor_store %c_desc_3[%off_am, %off_bn], %cst : !tt.tensordesc<tensor<128x128xf16, #shared>>, tensor<128x128xf16, #blocked> loc(#loc26)
      } {tt.flatten, tt.num_stages = 2 : i32} loc(#loc2)
    } else {
      %0 = arith.subi %num_tiles, %start_pid : i32 loc(#loc2)
      %1 = arith.ceildivsi %0, %c150_i32 : i32 loc(#loc2)
      %2 = arith.maxsi %k_tiles_6, %c1_i32 : i32 loc(#loc2)
      %3 = arith.muli %1, %2 : i32 loc(#loc2)
      %4 = arith.subi %start_pid, %c150_i32 : i32 loc(#loc2)
      %5:6 = scf.for %arg9 = %c0_i32 to %3 step %c1_i32 iter_args(%arg10 = %c0_i32, %arg11 = %4, %arg12 = %c0_i32, %arg13 = %cst_0, %arg14 = %c0_i32, %arg15 = %c0_i32) -> (i32, i32, i32, tensor<128x128xf32, #linear>, i32, i32)  : i32 {
        %6 = arith.cmpi eq, %arg10, %c0_i32 : i32 loc(#loc2)
        %7 = arith.select %6, %c0_i32, %arg12 : i32 loc(#loc2)
        %8:3 = scf.if %6 -> (i32, i32, i32) {
          %17 = arith.addi %arg11, %c150_i32 : i32 loc(#loc2)
          %group_id = arith.divsi %17, %num_pid_in_group : i32 loc(#loc76)
          %first_pid_m = arith.muli %group_id, %c8_i32 : i32 loc(#loc77)
          %group_size_m = arith.subi %num_pid_m_4, %first_pid_m : i32 loc(#loc78)
          %group_size_m_15 = arith.minsi %group_size_m, %c8_i32 : i32 loc(#loc79)
          %pid_m = arith.remsi %17, %group_size_m_15 : i32 loc(#loc80)
          %pid_m_16 = arith.addi %first_pid_m, %pid_m : i32 loc(#loc81)
          %pid_n = arith.remsi %17, %num_pid_in_group : i32 loc(#loc82)
          %pid_n_17 = arith.divsi %pid_n, %group_size_m_15 : i32 loc(#loc83)
          %off_am = arith.muli %pid_m_16, %c128_i32 : i32 loc(#loc61)
          %off_bn = arith.muli %pid_n_17, %c128_i32 : i32 loc(#loc62)
          scf.yield %off_am, %off_bn, %17 : i32, i32, i32 loc(#loc2)
        } else {
          scf.yield %arg14, %arg15, %arg11 : i32, i32, i32 loc(#loc2)
        } loc(#loc2)
        %off_k = arith.muli %7, %c128_i32 : i32 loc(#loc63)
        %a = tt.descriptor_load %a_desc_1[%8#0, %off_k] : !tt.tensordesc<tensor<128x128xf16, #shared>> -> tensor<128x128xf16, #blocked> loc(#loc64)
        %a_7 = ttg.local_alloc %a : (tensor<128x128xf16, #blocked>) -> !ttg.memdesc<128x128xf16, #shared, #smem> loc(#loc64)
        %b = tt.descriptor_load %b_desc_2[%8#1, %off_k] : !tt.tensordesc<tensor<128x128xf16, #shared>> -> tensor<128x128xf16, #blocked> loc(#loc65)
        %accumulator_8 = ttg.local_alloc %b : (tensor<128x128xf16, #blocked>) -> !ttg.memdesc<128x128xf16, #shared, #smem> loc(#loc66)
        %accumulator_9 = ttg.memdesc_trans %accumulator_8 {order = array<i32: 1, 0>} : !ttg.memdesc<128x128xf16, #shared, #smem> -> !ttg.memdesc<128x128xf16, #shared1, #smem> loc(#loc66)
        %accumulator_10, %accumulator_11 = ttng.tmem_alloc %arg13 : (tensor<128x128xf32, #linear>) -> (!ttg.memdesc<128x128xf32, #tmem, #ttng.tensor_memory, mutable>, !ttg.async.token) loc(#loc67)
        %accumulator_12 = ttng.tc_gen5_mma %a_7, %accumulator_9, %accumulator_10[%accumulator_11], %true, %true : !ttg.memdesc<128x128xf16, #shared, #smem>, !ttg.memdesc<128x128xf16, #shared1, #smem>, !ttg.memdesc<128x128xf32, #tmem, #ttng.tensor_memory, mutable> loc(#loc67)
        %accumulator_13, %accumulator_14 = ttng.tmem_load %accumulator_10[%accumulator_12] : !ttg.memdesc<128x128xf32, #tmem, #ttng.tensor_memory, mutable> -> tensor<128x128xf32, #linear> loc(#loc67)
        %9 = arith.addi %7, %c1_i32 : i32 loc(#loc2)
        %10 = arith.subi %2, %c1_i32 : i32 loc(#loc2)
        %11 = arith.cmpi eq, %arg10, %10 : i32 loc(#loc2)
        %12 = arith.select %11, %cst_0, %accumulator_13 : tensor<128x128xf32, #linear> loc(#loc2)
        scf.if %11 {
          %c = arith.truncf %accumulator_13 : tensor<128x128xf32, #linear> to tensor<128x128xf16, #linear> loc(#loc68)
          %17 = ttg.convert_layout %c : tensor<128x128xf16, #linear> -> tensor<128x128xf16, #blocked> loc(#loc26)
          tt.descriptor_store %c_desc_3[%8#0, %8#1], %17 : !tt.tensordesc<tensor<128x128xf16, #shared>>, tensor<128x128xf16, #blocked> loc(#loc26)
        } loc(#loc2)
        %13 = arith.addi %arg10, %c1_i32 : i32 loc(#loc2)
        %14 = arith.subi %2, %c1_i32 : i32 loc(#loc2)
        %15 = arith.cmpi eq, %arg10, %14 : i32 loc(#loc2)
        %16 = arith.select %15, %c0_i32, %13 : i32 loc(#loc2)
        scf.yield %16, %8#2, %9, %12, %8#0, %8#1 : i32, i32, i32, tensor<128x128xf32, #linear>, i32, i32 loc(#loc2)
      } {tt.num_stages = 2 : i32, tt.warp_specialize} loc(#loc2)
    } loc(#loc52)
    tt.return loc(#loc33)
  } loc(#loc)
} loc(#loc)
#loc1 = loc(unknown)
#loc2 = loc("/home/scratch.egaburov_sw/oai-triton/triton-src/triton-solid-01.git/python/test/unit/language/test_warp_specialization.py":323:28)
#loc3 = loc("/home/scratch.egaburov_sw/oai-triton/triton-src/triton-solid-01.git/python/test/unit/language/test_warp_specialization.py":309:39)
#loc4 = loc("/home/scratch.egaburov_sw/oai-triton/triton-src/triton-solid-01.git/python/test/unit/language/test_warp_specialization.py":311:39)
#loc5 = loc("/home/scratch.egaburov_sw/oai-triton/triton-src/triton-solid-01.git/python/test/unit/language/test_warp_specialization.py":313:39)
#loc6 = loc("/home/scratch.egaburov_sw/oai-triton/triton-src/triton-solid-01.git/python/test/unit/language/test_warp_specialization.py":316:30)
#loc7 = loc("/home/scratch.egaburov_sw/oai-triton/triton-src/triton-solid-01.git/python/triton/language/standard.py":43:17)
#loc8 = loc("/home/scratch.egaburov_sw/oai-triton/triton-src/triton-solid-01.git/python/test/unit/language/test_warp_specialization.py":317:27)
#loc9 = loc("/home/scratch.egaburov_sw/oai-triton/triton-src/triton-solid-01.git/python/triton/language/standard.py":43:30)
#loc10 = loc("/home/scratch.egaburov_sw/oai-triton/triton-src/triton-solid-01.git/python/test/unit/language/test_warp_specialization.py":318:27)
#loc11 = loc("/home/scratch.egaburov_sw/oai-triton/triton-src/triton-solid-01.git/python/test/unit/language/test_warp_specialization.py":319:25)
#loc12 = loc("/home/scratch.egaburov_sw/oai-triton/triton-src/triton-solid-01.git/python/test/unit/language/test_warp_specialization.py":320:28)
#loc13 = loc("/home/scratch.egaburov_sw/oai-triton/triton-src/triton-solid-01.git/python/test/unit/language/test_warp_specialization.py":191:38)
#loc14 = loc("/home/scratch.egaburov_sw/oai-triton/triton-src/triton-solid-01.git/python/test/unit/language/test_warp_specialization.py":324:67)
#loc15 = loc("/home/scratch.egaburov_sw/oai-triton/triton-src/triton-solid-01.git/python/test/unit/language/test_warp_specialization.py":329:24)
#loc16 = loc("/home/scratch.egaburov_sw/oai-triton/triton-src/triton-solid-01.git/python/test/unit/language/test_warp_specialization.py":192:26)
#loc17 = loc("/home/scratch.egaburov_sw/oai-triton/triton-src/triton-solid-01.git/python/test/unit/language/test_warp_specialization.py":193:29)
#loc18 = loc("/home/scratch.egaburov_sw/oai-triton/triton-src/triton-solid-01.git/python/test/unit/language/test_warp_specialization.py":194:35)
#loc19 = loc("/home/scratch.egaburov_sw/oai-triton/triton-src/triton-solid-01.git/python/test/unit/language/test_warp_specialization.py":194:48)
#loc20 = loc("/home/scratch.egaburov_sw/oai-triton/triton-src/triton-solid-01.git/python/test/unit/language/test_warp_specialization.py":195:37)
#loc21 = loc("/home/scratch.egaburov_sw/oai-triton/triton-src/triton-solid-01.git/python/test/unit/language/test_warp_specialization.py":195:27)
#loc22 = loc("/home/scratch.egaburov_sw/oai-triton/triton-src/triton-solid-01.git/python/test/unit/language/test_warp_specialization.py":196:23)
#loc23 = loc("/home/scratch.egaburov_sw/oai-triton/triton-src/triton-solid-01.git/python/test/unit/language/test_warp_specialization.py":196:44)
#loc24 = loc("/home/scratch.egaburov_sw/oai-triton/triton-src/triton-solid-01.git/python/test/unit/language/test_warp_specialization.py":326:25)
#loc25 = loc("/home/scratch.egaburov_sw/oai-triton/triton-src/triton-solid-01.git/python/test/unit/language/test_warp_specialization.py":327:25)
#loc26 = loc("/home/scratch.egaburov_sw/oai-triton/triton-src/triton-solid-01.git/python/test/unit/language/test_warp_specialization.py":336:39)
#loc27 = loc("/home/scratch.egaburov_sw/oai-triton/triton-src/triton-solid-01.git/python/test/unit/language/test_warp_specialization.py":330:25)
#loc28 = loc("/home/scratch.egaburov_sw/oai-triton/triton-src/triton-solid-01.git/python/test/unit/language/test_warp_specialization.py":331:28)
#loc29 = loc("/home/scratch.egaburov_sw/oai-triton/triton-src/triton-solid-01.git/python/test/unit/language/test_warp_specialization.py":332:28)
#loc30 = loc("/home/scratch.egaburov_sw/oai-triton/triton-src/triton-solid-01.git/python/test/unit/language/test_warp_specialization.py":333:36)
#loc31 = loc("/home/scratch.egaburov_sw/oai-triton/triton-src/triton-solid-01.git/python/test/unit/language/test_warp_specialization.py":333:41)
#loc32 = loc("/home/scratch.egaburov_sw/oai-triton/triton-src/triton-solid-01.git/python/test/unit/language/test_warp_specialization.py":335:27)
#loc33 = loc("/home/scratch.egaburov_sw/oai-triton/triton-src/triton-solid-01.git/python/test/unit/language/test_warp_specialization.py":322:4)
#loc43 = loc("a_desc"(#loc3))
#loc44 = loc("b_desc"(#loc4))
#loc45 = loc("c_desc"(#loc5))
#loc46 = loc("start_pid"(#loc6))
#loc47 = loc("num_pid_m"(#loc8))
#loc48 = loc("num_pid_n"(#loc10))
#loc49 = loc("k_tiles"(#loc11))
#loc50 = loc("num_tiles"(#loc12))
#loc51 = loc("num_pid_in_group"(#loc13))
#loc52 = loc("accumulator"(#loc15))
#loc53 = loc("group_id"(#loc16))
#loc54 = loc("first_pid_m"(#loc17))
#loc55 = loc("group_size_m"(#loc18))
#loc56 = loc("group_size_m"(#loc19))
#loc57 = loc("pid_m"(#loc20))
#loc58 = loc("pid_m"(#loc21))
#loc59 = loc("pid_n"(#loc22))
#loc60 = loc("pid_n"(#loc23))
#loc61 = loc("off_am"(#loc24))
#loc62 = loc("off_bn"(#loc25))
#loc63 = loc("off_k"(#loc27))
#loc64 = loc("a"(#loc28))
#loc65 = loc("b"(#loc29))
#loc66 = loc("accumulator"(#loc30))
#loc67 = loc("accumulator"(#loc31))
#loc68 = loc("c"(#loc32))
#loc69 = loc(callsite(#loc7 at #loc47))
#loc70 = loc(callsite(#loc9 at #loc47))
#loc71 = loc(callsite(#loc7 at #loc48))
#loc72 = loc(callsite(#loc9 at #loc48))
#loc73 = loc(callsite(#loc7 at #loc49))
#loc74 = loc(callsite(#loc9 at #loc49))
#loc75 = loc(callsite(#loc51 at #loc14))
#loc76 = loc(callsite(#loc53 at #loc14))
#loc77 = loc(callsite(#loc54 at #loc14))
#loc78 = loc(callsite(#loc55 at #loc14))
#loc79 = loc(callsite(#loc56 at #loc14))
#loc80 = loc(callsite(#loc57 at #loc14))
#loc81 = loc(callsite(#loc58 at #loc14))
#loc82 = loc(callsite(#loc59 at #loc14))
#loc83 = loc(callsite(#loc60 at #loc14))


// -----// IR Dump Before TritonGPUOptimizeAccumulatorInit (tritongpu-optimize-accumulator-init) ('builtin.module' operation) //----- //
#blocked = #ttg.blocked<{sizePerThread = [1, 8], threadsPerWarp = [2, 16], warpsPerCTA = [8, 1], order = [1, 0]}>
#linear = #ttg.linear<{register = [[0, 1], [0, 2], [0, 4], [0, 8], [0, 16], [0, 32]], lane = [[1, 0], [2, 0], [4, 0], [8, 0], [16, 0]], warp = [[32, 0], [64, 0], [0, 64]], block = []}>
#loc = loc("/home/scratch.egaburov_sw/oai-triton/triton-src/triton-solid-01.git/python/test/unit/language/test_warp_specialization.py":294:0)
#shared = #ttg.nvmma_shared<{swizzlingByteWidth = 128, transposed = false, elementBitWidth = 16}>
#shared1 = #ttg.nvmma_shared<{swizzlingByteWidth = 128, transposed = true, elementBitWidth = 16}>
#smem = #ttg.shared_memory
#tmem = #ttng.tensor_memory_encoding<blockM = 128, blockN = 128, colStride = 1>
#loc34 = loc("a_ptr"(#loc))
#loc35 = loc("b_ptr"(#loc))
#loc36 = loc("c_ptr"(#loc))
#loc37 = loc("a_stride0"(#loc))
#loc38 = loc("b_stride0"(#loc))
#loc39 = loc("c_stride0"(#loc))
#loc40 = loc("M"(#loc))
#loc41 = loc("N"(#loc))
#loc42 = loc("K"(#loc))
module attributes {"ttg.cluster-dim-x" = 1 : i32, "ttg.cluster-dim-y" = 1 : i32, "ttg.cluster-dim-z" = 1 : i32, ttg.max_reg_auto_ws = 152 : i32, ttg.min_reg_auto_ws = 24 : i32, "ttg.num-ctas" = 1 : i32, "ttg.num-warps" = 8 : i32, ttg.target = "cuda:103", "ttg.threads-per-warp" = 32 : i32} {
  tt.func public @matmul_tma_persistent_ws_kernel(%a_ptr: !tt.ptr<f16> {tt.divisibility = 16 : i32} loc("a_ptr"(#loc)), %b_ptr: !tt.ptr<f16> {tt.divisibility = 16 : i32} loc("b_ptr"(#loc)), %c_ptr: !tt.ptr<f16> {tt.divisibility = 16 : i32} loc("c_ptr"(#loc)), %a_stride0: i32 {tt.divisibility = 16 : i32} loc("a_stride0"(#loc)), %b_stride0: i32 {tt.divisibility = 16 : i32} loc("b_stride0"(#loc)), %c_stride0: i32 {tt.divisibility = 16 : i32} loc("c_stride0"(#loc)), %M: i32 {tt.divisibility = 16 : i32} loc("M"(#loc)), %N: i32 {tt.divisibility = 16 : i32} loc("N"(#loc)), %K: i32 {tt.divisibility = 16 : i32} loc("K"(#loc))) attributes {noinline = false} {
    %cst = arith.constant dense<0.000000e+00> : tensor<128x128xf16, #blocked> loc(#loc1)
    %true = arith.constant true loc(#loc1)
    %c1_i64 = arith.constant 1 : i64 loc(#loc1)
    %c128_i32 = arith.constant 128 : i32 loc(#loc1)
    %c150_i32 = arith.constant 150 : i32 loc(#loc2)
    %c0_i32 = arith.constant 0 : i32 loc(#loc1)
    %c1_i32 = arith.constant 1 : i32 loc(#loc1)
    %c127_i32 = arith.constant 127 : i32 loc(#loc1)
    %c8_i32 = arith.constant 8 : i32 loc(#loc1)
    %cst_0 = arith.constant dense<0.000000e+00> : tensor<128x128xf32, #linear> loc(#loc1)
    %a_desc = arith.extsi %a_stride0 : i32 to i64 loc(#loc43)
    %a_desc_1 = tt.make_tensor_descriptor %a_ptr, [%M, %K], [%a_desc, %c1_i64] : !tt.ptr<f16>, !tt.tensordesc<tensor<128x128xf16, #shared>> loc(#loc43)
    %b_desc = arith.extsi %b_stride0 : i32 to i64 loc(#loc44)
    %b_desc_2 = tt.make_tensor_descriptor %b_ptr, [%N, %K], [%b_desc, %c1_i64] : !tt.ptr<f16>, !tt.tensordesc<tensor<128x128xf16, #shared>> loc(#loc44)
    %c_desc = arith.extsi %c_stride0 : i32 to i64 loc(#loc45)
    %c_desc_3 = tt.make_tensor_descriptor %c_ptr, [%M, %N], [%c_desc, %c1_i64] : !tt.ptr<f16>, !tt.tensordesc<tensor<128x128xf16, #shared>> loc(#loc45)
    %start_pid = tt.get_program_id x : i32 loc(#loc46)
    %num_pid_m = arith.addi %M, %c127_i32 : i32 loc(#loc69)
    %num_pid_m_4 = arith.divsi %num_pid_m, %c128_i32 : i32 loc(#loc70)
    %num_pid_n = arith.addi %N, %c127_i32 : i32 loc(#loc71)
    %num_pid_n_5 = arith.divsi %num_pid_n, %c128_i32 : i32 loc(#loc72)
    %k_tiles = arith.addi %K, %c127_i32 : i32 loc(#loc73)
    %k_tiles_6 = arith.divsi %k_tiles, %c128_i32 : i32 loc(#loc74)
    %num_tiles = arith.muli %num_pid_m_4, %num_pid_n_5 : i32 loc(#loc50)
    %num_pid_in_group = arith.muli %num_pid_n_5, %c8_i32 : i32 loc(#loc75)
    %accumulator = arith.cmpi eq, %k_tiles_6, %c0_i32 : i32 loc(#loc52)
    scf.if %accumulator {
      scf.for %tile_id = %start_pid to %num_tiles step %c150_i32  : i32 {
        %group_id = arith.divsi %tile_id, %num_pid_in_group : i32 loc(#loc76)
        %first_pid_m = arith.muli %group_id, %c8_i32 : i32 loc(#loc77)
        %group_size_m = arith.subi %num_pid_m_4, %first_pid_m : i32 loc(#loc78)
        %group_size_m_7 = arith.minsi %group_size_m, %c8_i32 : i32 loc(#loc79)
        %pid_m = arith.remsi %tile_id, %group_size_m_7 : i32 loc(#loc80)
        %pid_m_8 = arith.addi %first_pid_m, %pid_m : i32 loc(#loc81)
        %pid_n = arith.remsi %tile_id, %num_pid_in_group : i32 loc(#loc82)
        %pid_n_9 = arith.divsi %pid_n, %group_size_m_7 : i32 loc(#loc83)
        %off_am = arith.muli %pid_m_8, %c128_i32 : i32 loc(#loc61)
        %off_bn = arith.muli %pid_n_9, %c128_i32 : i32 loc(#loc62)
        tt.descriptor_store %c_desc_3[%off_am, %off_bn], %cst : !tt.tensordesc<tensor<128x128xf16, #shared>>, tensor<128x128xf16, #blocked> loc(#loc26)
      } {tt.flatten, tt.num_stages = 2 : i32} loc(#loc2)
    } else {
      %0 = arith.subi %num_tiles, %start_pid : i32 loc(#loc2)
      %1 = arith.ceildivsi %0, %c150_i32 : i32 loc(#loc2)
      %2 = arith.maxsi %k_tiles_6, %c1_i32 : i32 loc(#loc2)
      %3 = arith.muli %1, %2 : i32 loc(#loc2)
      %4 = arith.subi %start_pid, %c150_i32 : i32 loc(#loc2)
      %5 = arith.subi %2, %c1_i32 : i32 loc(#loc2)
      %6 = arith.subi %2, %c1_i32 : i32 loc(#loc2)
      %7:6 = scf.for %arg9 = %c0_i32 to %3 step %c1_i32 iter_args(%arg10 = %c0_i32, %arg11 = %4, %arg12 = %c0_i32, %arg13 = %cst_0, %arg14 = %c0_i32, %arg15 = %c0_i32) -> (i32, i32, i32, tensor<128x128xf32, #linear>, i32, i32)  : i32 {
        %8 = arith.cmpi eq, %arg10, %c0_i32 : i32 loc(#loc2)
        %9 = arith.select %8, %c0_i32, %arg12 : i32 loc(#loc2)
        %10:3 = scf.if %8 -> (i32, i32, i32) {
          %17 = arith.addi %arg11, %c150_i32 : i32 loc(#loc2)
          %group_id = arith.divsi %17, %num_pid_in_group : i32 loc(#loc76)
          %first_pid_m = arith.muli %group_id, %c8_i32 : i32 loc(#loc77)
          %group_size_m = arith.subi %num_pid_m_4, %first_pid_m : i32 loc(#loc78)
          %group_size_m_15 = arith.minsi %group_size_m, %c8_i32 : i32 loc(#loc79)
          %pid_m = arith.remsi %17, %group_size_m_15 : i32 loc(#loc80)
          %pid_m_16 = arith.addi %first_pid_m, %pid_m : i32 loc(#loc81)
          %pid_n = arith.remsi %17, %num_pid_in_group : i32 loc(#loc82)
          %pid_n_17 = arith.divsi %pid_n, %group_size_m_15 : i32 loc(#loc83)
          %off_am = arith.muli %pid_m_16, %c128_i32 : i32 loc(#loc61)
          %off_bn = arith.muli %pid_n_17, %c128_i32 : i32 loc(#loc62)
          scf.yield %off_am, %off_bn, %17 : i32, i32, i32 loc(#loc2)
        } else {
          scf.yield %arg14, %arg15, %arg11 : i32, i32, i32 loc(#loc2)
        } loc(#loc2)
        %off_k = arith.muli %9, %c128_i32 : i32 loc(#loc63)
        %a = tt.descriptor_load %a_desc_1[%10#0, %off_k] : !tt.tensordesc<tensor<128x128xf16, #shared>> -> tensor<128x128xf16, #blocked> loc(#loc64)
        %a_7 = ttg.local_alloc %a : (tensor<128x128xf16, #blocked>) -> !ttg.memdesc<128x128xf16, #shared, #smem> loc(#loc64)
        %b = tt.descriptor_load %b_desc_2[%10#1, %off_k] : !tt.tensordesc<tensor<128x128xf16, #shared>> -> tensor<128x128xf16, #blocked> loc(#loc65)
        %accumulator_8 = ttg.local_alloc %b : (tensor<128x128xf16, #blocked>) -> !ttg.memdesc<128x128xf16, #shared, #smem> loc(#loc66)
        %accumulator_9 = ttg.memdesc_trans %accumulator_8 {order = array<i32: 1, 0>} : !ttg.memdesc<128x128xf16, #shared, #smem> -> !ttg.memdesc<128x128xf16, #shared1, #smem> loc(#loc66)
        %accumulator_10, %accumulator_11 = ttng.tmem_alloc %arg13 : (tensor<128x128xf32, #linear>) -> (!ttg.memdesc<128x128xf32, #tmem, #ttng.tensor_memory, mutable>, !ttg.async.token) loc(#loc67)
        %accumulator_12 = ttng.tc_gen5_mma %a_7, %accumulator_9, %accumulator_10[%accumulator_11], %true, %true : !ttg.memdesc<128x128xf16, #shared, #smem>, !ttg.memdesc<128x128xf16, #shared1, #smem>, !ttg.memdesc<128x128xf32, #tmem, #ttng.tensor_memory, mutable> loc(#loc67)
        %accumulator_13, %accumulator_14 = ttng.tmem_load %accumulator_10[%accumulator_12] : !ttg.memdesc<128x128xf32, #tmem, #ttng.tensor_memory, mutable> -> tensor<128x128xf32, #linear> loc(#loc67)
        %11 = arith.addi %9, %c1_i32 : i32 loc(#loc2)
        %12 = arith.cmpi eq, %arg10, %5 : i32 loc(#loc2)
        %13 = arith.select %12, %cst_0, %accumulator_13 : tensor<128x128xf32, #linear> loc(#loc2)
        scf.if %12 {
          %c = arith.truncf %accumulator_13 : tensor<128x128xf32, #linear> to tensor<128x128xf16, #linear> loc(#loc68)
          %17 = ttg.convert_layout %c : tensor<128x128xf16, #linear> -> tensor<128x128xf16, #blocked> loc(#loc26)
          tt.descriptor_store %c_desc_3[%10#0, %10#1], %17 : !tt.tensordesc<tensor<128x128xf16, #shared>>, tensor<128x128xf16, #blocked> loc(#loc26)
        } loc(#loc2)
        %14 = arith.addi %arg10, %c1_i32 : i32 loc(#loc2)
        %15 = arith.cmpi eq, %arg10, %6 : i32 loc(#loc2)
        %16 = arith.select %15, %c0_i32, %14 : i32 loc(#loc2)
        scf.yield %16, %10#2, %11, %13, %10#0, %10#1 : i32, i32, i32, tensor<128x128xf32, #linear>, i32, i32 loc(#loc2)
      } {tt.num_stages = 2 : i32, tt.warp_specialize} loc(#loc2)
    } loc(#loc52)
    tt.return loc(#loc33)
  } loc(#loc)
} loc(#loc)
#loc1 = loc(unknown)
#loc2 = loc("/home/scratch.egaburov_sw/oai-triton/triton-src/triton-solid-01.git/python/test/unit/language/test_warp_specialization.py":323:28)
#loc3 = loc("/home/scratch.egaburov_sw/oai-triton/triton-src/triton-solid-01.git/python/test/unit/language/test_warp_specialization.py":309:39)
#loc4 = loc("/home/scratch.egaburov_sw/oai-triton/triton-src/triton-solid-01.git/python/test/unit/language/test_warp_specialization.py":311:39)
#loc5 = loc("/home/scratch.egaburov_sw/oai-triton/triton-src/triton-solid-01.git/python/test/unit/language/test_warp_specialization.py":313:39)
#loc6 = loc("/home/scratch.egaburov_sw/oai-triton/triton-src/triton-solid-01.git/python/test/unit/language/test_warp_specialization.py":316:30)
#loc7 = loc("/home/scratch.egaburov_sw/oai-triton/triton-src/triton-solid-01.git/python/triton/language/standard.py":43:17)
#loc8 = loc("/home/scratch.egaburov_sw/oai-triton/triton-src/triton-solid-01.git/python/test/unit/language/test_warp_specialization.py":317:27)
#loc9 = loc("/home/scratch.egaburov_sw/oai-triton/triton-src/triton-solid-01.git/python/triton/language/standard.py":43:30)
#loc10 = loc("/home/scratch.egaburov_sw/oai-triton/triton-src/triton-solid-01.git/python/test/unit/language/test_warp_specialization.py":318:27)
#loc11 = loc("/home/scratch.egaburov_sw/oai-triton/triton-src/triton-solid-01.git/python/test/unit/language/test_warp_specialization.py":319:25)
#loc12 = loc("/home/scratch.egaburov_sw/oai-triton/triton-src/triton-solid-01.git/python/test/unit/language/test_warp_specialization.py":320:28)
#loc13 = loc("/home/scratch.egaburov_sw/oai-triton/triton-src/triton-solid-01.git/python/test/unit/language/test_warp_specialization.py":191:38)
#loc14 = loc("/home/scratch.egaburov_sw/oai-triton/triton-src/triton-solid-01.git/python/test/unit/language/test_warp_specialization.py":324:67)
#loc15 = loc("/home/scratch.egaburov_sw/oai-triton/triton-src/triton-solid-01.git/python/test/unit/language/test_warp_specialization.py":329:24)
#loc16 = loc("/home/scratch.egaburov_sw/oai-triton/triton-src/triton-solid-01.git/python/test/unit/language/test_warp_specialization.py":192:26)
#loc17 = loc("/home/scratch.egaburov_sw/oai-triton/triton-src/triton-solid-01.git/python/test/unit/language/test_warp_specialization.py":193:29)
#loc18 = loc("/home/scratch.egaburov_sw/oai-triton/triton-src/triton-solid-01.git/python/test/unit/language/test_warp_specialization.py":194:35)
#loc19 = loc("/home/scratch.egaburov_sw/oai-triton/triton-src/triton-solid-01.git/python/test/unit/language/test_warp_specialization.py":194:48)
#loc20 = loc("/home/scratch.egaburov_sw/oai-triton/triton-src/triton-solid-01.git/python/test/unit/language/test_warp_specialization.py":195:37)
#loc21 = loc("/home/scratch.egaburov_sw/oai-triton/triton-src/triton-solid-01.git/python/test/unit/language/test_warp_specialization.py":195:27)
#loc22 = loc("/home/scratch.egaburov_sw/oai-triton/triton-src/triton-solid-01.git/python/test/unit/language/test_warp_specialization.py":196:23)
#loc23 = loc("/home/scratch.egaburov_sw/oai-triton/triton-src/triton-solid-01.git/python/test/unit/language/test_warp_specialization.py":196:44)
#loc24 = loc("/home/scratch.egaburov_sw/oai-triton/triton-src/triton-solid-01.git/python/test/unit/language/test_warp_specialization.py":326:25)
#loc25 = loc("/home/scratch.egaburov_sw/oai-triton/triton-src/triton-solid-01.git/python/test/unit/language/test_warp_specialization.py":327:25)
#loc26 = loc("/home/scratch.egaburov_sw/oai-triton/triton-src/triton-solid-01.git/python/test/unit/language/test_warp_specialization.py":336:39)
#loc27 = loc("/home/scratch.egaburov_sw/oai-triton/triton-src/triton-solid-01.git/python/test/unit/language/test_warp_specialization.py":330:25)
#loc28 = loc("/home/scratch.egaburov_sw/oai-triton/triton-src/triton-solid-01.git/python/test/unit/language/test_warp_specialization.py":331:28)
#loc29 = loc("/home/scratch.egaburov_sw/oai-triton/triton-src/triton-solid-01.git/python/test/unit/language/test_warp_specialization.py":332:28)
#loc30 = loc("/home/scratch.egaburov_sw/oai-triton/triton-src/triton-solid-01.git/python/test/unit/language/test_warp_specialization.py":333:36)
#loc31 = loc("/home/scratch.egaburov_sw/oai-triton/triton-src/triton-solid-01.git/python/test/unit/language/test_warp_specialization.py":333:41)
#loc32 = loc("/home/scratch.egaburov_sw/oai-triton/triton-src/triton-solid-01.git/python/test/unit/language/test_warp_specialization.py":335:27)
#loc33 = loc("/home/scratch.egaburov_sw/oai-triton/triton-src/triton-solid-01.git/python/test/unit/language/test_warp_specialization.py":322:4)
#loc43 = loc("a_desc"(#loc3))
#loc44 = loc("b_desc"(#loc4))
#loc45 = loc("c_desc"(#loc5))
#loc46 = loc("start_pid"(#loc6))
#loc47 = loc("num_pid_m"(#loc8))
#loc48 = loc("num_pid_n"(#loc10))
#loc49 = loc("k_tiles"(#loc11))
#loc50 = loc("num_tiles"(#loc12))
#loc51 = loc("num_pid_in_group"(#loc13))
#loc52 = loc("accumulator"(#loc15))
#loc53 = loc("group_id"(#loc16))
#loc54 = loc("first_pid_m"(#loc17))
#loc55 = loc("group_size_m"(#loc18))
#loc56 = loc("group_size_m"(#loc19))
#loc57 = loc("pid_m"(#loc20))
#loc58 = loc("pid_m"(#loc21))
#loc59 = loc("pid_n"(#loc22))
#loc60 = loc("pid_n"(#loc23))
#loc61 = loc("off_am"(#loc24))
#loc62 = loc("off_bn"(#loc25))
#loc63 = loc("off_k"(#loc27))
#loc64 = loc("a"(#loc28))
#loc65 = loc("b"(#loc29))
#loc66 = loc("accumulator"(#loc30))
#loc67 = loc("accumulator"(#loc31))
#loc68 = loc("c"(#loc32))
#loc69 = loc(callsite(#loc7 at #loc47))
#loc70 = loc(callsite(#loc9 at #loc47))
#loc71 = loc(callsite(#loc7 at #loc48))
#loc72 = loc(callsite(#loc9 at #loc48))
#loc73 = loc(callsite(#loc7 at #loc49))
#loc74 = loc(callsite(#loc9 at #loc49))
#loc75 = loc(callsite(#loc51 at #loc14))
#loc76 = loc(callsite(#loc53 at #loc14))
#loc77 = loc(callsite(#loc54 at #loc14))
#loc78 = loc(callsite(#loc55 at #loc14))
#loc79 = loc(callsite(#loc56 at #loc14))
#loc80 = loc(callsite(#loc57 at #loc14))
#loc81 = loc(callsite(#loc58 at #loc14))
#loc82 = loc(callsite(#loc59 at #loc14))
#loc83 = loc(callsite(#loc60 at #loc14))


// -----// IR Dump Before TritonGPUHoistTMEMAlloc (tritongpu-hoist-tmem-alloc) ('builtin.module' operation) //----- //
#blocked = #ttg.blocked<{sizePerThread = [1, 8], threadsPerWarp = [2, 16], warpsPerCTA = [8, 1], order = [1, 0]}>
#linear = #ttg.linear<{register = [[0, 1], [0, 2], [0, 4], [0, 8], [0, 16], [0, 32]], lane = [[1, 0], [2, 0], [4, 0], [8, 0], [16, 0]], warp = [[32, 0], [64, 0], [0, 64]], block = []}>
#loc = loc("/home/scratch.egaburov_sw/oai-triton/triton-src/triton-solid-01.git/python/test/unit/language/test_warp_specialization.py":294:0)
#shared = #ttg.nvmma_shared<{swizzlingByteWidth = 128, transposed = false, elementBitWidth = 16}>
#shared1 = #ttg.nvmma_shared<{swizzlingByteWidth = 128, transposed = true, elementBitWidth = 16}>
#smem = #ttg.shared_memory
#tmem = #ttng.tensor_memory_encoding<blockM = 128, blockN = 128, colStride = 1>
#loc34 = loc("a_ptr"(#loc))
#loc35 = loc("b_ptr"(#loc))
#loc36 = loc("c_ptr"(#loc))
#loc37 = loc("a_stride0"(#loc))
#loc38 = loc("b_stride0"(#loc))
#loc39 = loc("c_stride0"(#loc))
#loc40 = loc("M"(#loc))
#loc41 = loc("N"(#loc))
#loc42 = loc("K"(#loc))
module attributes {"ttg.cluster-dim-x" = 1 : i32, "ttg.cluster-dim-y" = 1 : i32, "ttg.cluster-dim-z" = 1 : i32, ttg.max_reg_auto_ws = 152 : i32, ttg.min_reg_auto_ws = 24 : i32, "ttg.num-ctas" = 1 : i32, "ttg.num-warps" = 8 : i32, ttg.target = "cuda:103", "ttg.threads-per-warp" = 32 : i32} {
  tt.func public @matmul_tma_persistent_ws_kernel(%a_ptr: !tt.ptr<f16> {tt.divisibility = 16 : i32} loc("a_ptr"(#loc)), %b_ptr: !tt.ptr<f16> {tt.divisibility = 16 : i32} loc("b_ptr"(#loc)), %c_ptr: !tt.ptr<f16> {tt.divisibility = 16 : i32} loc("c_ptr"(#loc)), %a_stride0: i32 {tt.divisibility = 16 : i32} loc("a_stride0"(#loc)), %b_stride0: i32 {tt.divisibility = 16 : i32} loc("b_stride0"(#loc)), %c_stride0: i32 {tt.divisibility = 16 : i32} loc("c_stride0"(#loc)), %M: i32 {tt.divisibility = 16 : i32} loc("M"(#loc)), %N: i32 {tt.divisibility = 16 : i32} loc("N"(#loc)), %K: i32 {tt.divisibility = 16 : i32} loc("K"(#loc))) attributes {noinline = false} {
    %false = arith.constant false loc(#loc1)
    %cst = arith.constant dense<0.000000e+00> : tensor<128x128xf16, #blocked> loc(#loc1)
    %true = arith.constant true loc(#loc1)
    %c1_i64 = arith.constant 1 : i64 loc(#loc1)
    %c128_i32 = arith.constant 128 : i32 loc(#loc1)
    %c150_i32 = arith.constant 150 : i32 loc(#loc2)
    %c0_i32 = arith.constant 0 : i32 loc(#loc1)
    %c1_i32 = arith.constant 1 : i32 loc(#loc1)
    %c127_i32 = arith.constant 127 : i32 loc(#loc1)
    %c8_i32 = arith.constant 8 : i32 loc(#loc1)
    %cst_0 = arith.constant dense<0.000000e+00> : tensor<128x128xf32, #linear> loc(#loc1)
    %a_desc = arith.extsi %a_stride0 : i32 to i64 loc(#loc43)
    %a_desc_1 = tt.make_tensor_descriptor %a_ptr, [%M, %K], [%a_desc, %c1_i64] : !tt.ptr<f16>, !tt.tensordesc<tensor<128x128xf16, #shared>> loc(#loc43)
    %b_desc = arith.extsi %b_stride0 : i32 to i64 loc(#loc44)
    %b_desc_2 = tt.make_tensor_descriptor %b_ptr, [%N, %K], [%b_desc, %c1_i64] : !tt.ptr<f16>, !tt.tensordesc<tensor<128x128xf16, #shared>> loc(#loc44)
    %c_desc = arith.extsi %c_stride0 : i32 to i64 loc(#loc45)
    %c_desc_3 = tt.make_tensor_descriptor %c_ptr, [%M, %N], [%c_desc, %c1_i64] : !tt.ptr<f16>, !tt.tensordesc<tensor<128x128xf16, #shared>> loc(#loc45)
    %start_pid = tt.get_program_id x : i32 loc(#loc46)
    %num_pid_m = arith.addi %M, %c127_i32 : i32 loc(#loc69)
    %num_pid_m_4 = arith.divsi %num_pid_m, %c128_i32 : i32 loc(#loc70)
    %num_pid_n = arith.addi %N, %c127_i32 : i32 loc(#loc71)
    %num_pid_n_5 = arith.divsi %num_pid_n, %c128_i32 : i32 loc(#loc72)
    %k_tiles = arith.addi %K, %c127_i32 : i32 loc(#loc73)
    %k_tiles_6 = arith.divsi %k_tiles, %c128_i32 : i32 loc(#loc74)
    %num_tiles = arith.muli %num_pid_m_4, %num_pid_n_5 : i32 loc(#loc50)
    %num_pid_in_group = arith.muli %num_pid_n_5, %c8_i32 : i32 loc(#loc75)
    %accumulator = arith.cmpi eq, %k_tiles_6, %c0_i32 : i32 loc(#loc52)
    scf.if %accumulator {
      scf.for %tile_id = %start_pid to %num_tiles step %c150_i32  : i32 {
        %group_id = arith.divsi %tile_id, %num_pid_in_group : i32 loc(#loc76)
        %first_pid_m = arith.muli %group_id, %c8_i32 : i32 loc(#loc77)
        %group_size_m = arith.subi %num_pid_m_4, %first_pid_m : i32 loc(#loc78)
        %group_size_m_7 = arith.minsi %group_size_m, %c8_i32 : i32 loc(#loc79)
        %pid_m = arith.remsi %tile_id, %group_size_m_7 : i32 loc(#loc80)
        %pid_m_8 = arith.addi %first_pid_m, %pid_m : i32 loc(#loc81)
        %pid_n = arith.remsi %tile_id, %num_pid_in_group : i32 loc(#loc82)
        %pid_n_9 = arith.divsi %pid_n, %group_size_m_7 : i32 loc(#loc83)
        %off_am = arith.muli %pid_m_8, %c128_i32 : i32 loc(#loc61)
        %off_bn = arith.muli %pid_n_9, %c128_i32 : i32 loc(#loc62)
        tt.descriptor_store %c_desc_3[%off_am, %off_bn], %cst : !tt.tensordesc<tensor<128x128xf16, #shared>>, tensor<128x128xf16, #blocked> loc(#loc26)
      } {tt.flatten, tt.num_stages = 2 : i32} loc(#loc2)
    } else {
      %0 = arith.subi %num_tiles, %start_pid : i32 loc(#loc2)
      %1 = arith.ceildivsi %0, %c150_i32 : i32 loc(#loc2)
      %2 = arith.maxsi %k_tiles_6, %c1_i32 : i32 loc(#loc2)
      %3 = arith.muli %1, %2 : i32 loc(#loc2)
      %4 = arith.subi %start_pid, %c150_i32 : i32 loc(#loc2)
      %5 = arith.subi %2, %c1_i32 : i32 loc(#loc2)
      %6 = arith.subi %2, %c1_i32 : i32 loc(#loc2)
      %7:7 = scf.for %arg9 = %c0_i32 to %3 step %c1_i32 iter_args(%arg10 = %c0_i32, %arg11 = %4, %arg12 = %c0_i32, %arg13 = %cst_0, %arg14 = %c0_i32, %arg15 = %c0_i32, %accumulator_7 = %false) -> (i32, i32, i32, tensor<128x128xf32, #linear>, i32, i32, i1)  : i32 {
        %8 = arith.cmpi eq, %arg10, %c0_i32 : i32 loc(#loc2)
        %9 = arith.select %8, %c0_i32, %arg12 : i32 loc(#loc2)
        %10:3 = scf.if %8 -> (i32, i32, i32) {
          %16 = arith.addi %arg11, %c150_i32 : i32 loc(#loc2)
          %group_id = arith.divsi %16, %num_pid_in_group : i32 loc(#loc76)
          %first_pid_m = arith.muli %group_id, %c8_i32 : i32 loc(#loc77)
          %group_size_m = arith.subi %num_pid_m_4, %first_pid_m : i32 loc(#loc78)
          %group_size_m_17 = arith.minsi %group_size_m, %c8_i32 : i32 loc(#loc79)
          %pid_m = arith.remsi %16, %group_size_m_17 : i32 loc(#loc80)
          %pid_m_18 = arith.addi %first_pid_m, %pid_m : i32 loc(#loc81)
          %pid_n = arith.remsi %16, %num_pid_in_group : i32 loc(#loc82)
          %pid_n_19 = arith.divsi %pid_n, %group_size_m_17 : i32 loc(#loc83)
          %off_am = arith.muli %pid_m_18, %c128_i32 : i32 loc(#loc61)
          %off_bn = arith.muli %pid_n_19, %c128_i32 : i32 loc(#loc62)
          scf.yield %off_am, %off_bn, %16 : i32, i32, i32 loc(#loc2)
        } else {
          scf.yield %arg14, %arg15, %arg11 : i32, i32, i32 loc(#loc2)
        } loc(#loc2)
        %off_k = arith.muli %9, %c128_i32 : i32 loc(#loc63)
        %a = tt.descriptor_load %a_desc_1[%10#0, %off_k] : !tt.tensordesc<tensor<128x128xf16, #shared>> -> tensor<128x128xf16, #blocked> loc(#loc64)
        %a_8 = ttg.local_alloc %a : (tensor<128x128xf16, #blocked>) -> !ttg.memdesc<128x128xf16, #shared, #smem> loc(#loc64)
        %b = tt.descriptor_load %b_desc_2[%10#1, %off_k] : !tt.tensordesc<tensor<128x128xf16, #shared>> -> tensor<128x128xf16, #blocked> loc(#loc65)
        %accumulator_9 = ttg.local_alloc %b : (tensor<128x128xf16, #blocked>) -> !ttg.memdesc<128x128xf16, #shared, #smem> loc(#loc66)
        %accumulator_10 = ttg.memdesc_trans %accumulator_9 {order = array<i32: 1, 0>} : !ttg.memdesc<128x128xf16, #shared, #smem> -> !ttg.memdesc<128x128xf16, #shared1, #smem> loc(#loc66)
        %accumulator_11, %accumulator_12 = ttng.tmem_alloc %arg13 : (tensor<128x128xf32, #linear>) -> (!ttg.memdesc<128x128xf32, #tmem, #ttng.tensor_memory, mutable>, !ttg.async.token) loc(#loc67)
        %accumulator_13 = ttng.tc_gen5_mma %a_8, %accumulator_10, %accumulator_11[%accumulator_12], %accumulator_7, %true : !ttg.memdesc<128x128xf16, #shared, #smem>, !ttg.memdesc<128x128xf16, #shared1, #smem>, !ttg.memdesc<128x128xf32, #tmem, #ttng.tensor_memory, mutable> loc(#loc67)
        %accumulator_14, %accumulator_15 = ttng.tmem_load %accumulator_11[%accumulator_13] : !ttg.memdesc<128x128xf32, #tmem, #ttng.tensor_memory, mutable> -> tensor<128x128xf32, #linear> loc(#loc67)
        %11 = arith.addi %9, %c1_i32 : i32 loc(#loc2)
        %12 = arith.cmpi eq, %arg10, %5 : i32 loc(#loc2)
        %accumulator_16 = arith.select %12, %false, %true : i1 loc(#loc67)
        scf.if %12 {
          %c = arith.truncf %accumulator_14 : tensor<128x128xf32, #linear> to tensor<128x128xf16, #linear> loc(#loc68)
          %16 = ttg.convert_layout %c : tensor<128x128xf16, #linear> -> tensor<128x128xf16, #blocked> loc(#loc26)
          tt.descriptor_store %c_desc_3[%10#0, %10#1], %16 : !tt.tensordesc<tensor<128x128xf16, #shared>>, tensor<128x128xf16, #blocked> loc(#loc26)
        } loc(#loc2)
        %13 = arith.addi %arg10, %c1_i32 : i32 loc(#loc2)
        %14 = arith.cmpi eq, %arg10, %6 : i32 loc(#loc2)
        %15 = arith.select %14, %c0_i32, %13 : i32 loc(#loc2)
        scf.yield %15, %10#2, %11, %accumulator_14, %10#0, %10#1, %accumulator_16 : i32, i32, i32, tensor<128x128xf32, #linear>, i32, i32, i1 loc(#loc2)
      } {tt.num_stages = 2 : i32, tt.warp_specialize} loc(#loc2)
    } loc(#loc52)
    tt.return loc(#loc33)
  } loc(#loc)
} loc(#loc)
#loc1 = loc(unknown)
#loc2 = loc("/home/scratch.egaburov_sw/oai-triton/triton-src/triton-solid-01.git/python/test/unit/language/test_warp_specialization.py":323:28)
#loc3 = loc("/home/scratch.egaburov_sw/oai-triton/triton-src/triton-solid-01.git/python/test/unit/language/test_warp_specialization.py":309:39)
#loc4 = loc("/home/scratch.egaburov_sw/oai-triton/triton-src/triton-solid-01.git/python/test/unit/language/test_warp_specialization.py":311:39)
#loc5 = loc("/home/scratch.egaburov_sw/oai-triton/triton-src/triton-solid-01.git/python/test/unit/language/test_warp_specialization.py":313:39)
#loc6 = loc("/home/scratch.egaburov_sw/oai-triton/triton-src/triton-solid-01.git/python/test/unit/language/test_warp_specialization.py":316:30)
#loc7 = loc("/home/scratch.egaburov_sw/oai-triton/triton-src/triton-solid-01.git/python/triton/language/standard.py":43:17)
#loc8 = loc("/home/scratch.egaburov_sw/oai-triton/triton-src/triton-solid-01.git/python/test/unit/language/test_warp_specialization.py":317:27)
#loc9 = loc("/home/scratch.egaburov_sw/oai-triton/triton-src/triton-solid-01.git/python/triton/language/standard.py":43:30)
#loc10 = loc("/home/scratch.egaburov_sw/oai-triton/triton-src/triton-solid-01.git/python/test/unit/language/test_warp_specialization.py":318:27)
#loc11 = loc("/home/scratch.egaburov_sw/oai-triton/triton-src/triton-solid-01.git/python/test/unit/language/test_warp_specialization.py":319:25)
#loc12 = loc("/home/scratch.egaburov_sw/oai-triton/triton-src/triton-solid-01.git/python/test/unit/language/test_warp_specialization.py":320:28)
#loc13 = loc("/home/scratch.egaburov_sw/oai-triton/triton-src/triton-solid-01.git/python/test/unit/language/test_warp_specialization.py":191:38)
#loc14 = loc("/home/scratch.egaburov_sw/oai-triton/triton-src/triton-solid-01.git/python/test/unit/language/test_warp_specialization.py":324:67)
#loc15 = loc("/home/scratch.egaburov_sw/oai-triton/triton-src/triton-solid-01.git/python/test/unit/language/test_warp_specialization.py":329:24)
#loc16 = loc("/home/scratch.egaburov_sw/oai-triton/triton-src/triton-solid-01.git/python/test/unit/language/test_warp_specialization.py":192:26)
#loc17 = loc("/home/scratch.egaburov_sw/oai-triton/triton-src/triton-solid-01.git/python/test/unit/language/test_warp_specialization.py":193:29)
#loc18 = loc("/home/scratch.egaburov_sw/oai-triton/triton-src/triton-solid-01.git/python/test/unit/language/test_warp_specialization.py":194:35)
#loc19 = loc("/home/scratch.egaburov_sw/oai-triton/triton-src/triton-solid-01.git/python/test/unit/language/test_warp_specialization.py":194:48)
#loc20 = loc("/home/scratch.egaburov_sw/oai-triton/triton-src/triton-solid-01.git/python/test/unit/language/test_warp_specialization.py":195:37)
#loc21 = loc("/home/scratch.egaburov_sw/oai-triton/triton-src/triton-solid-01.git/python/test/unit/language/test_warp_specialization.py":195:27)
#loc22 = loc("/home/scratch.egaburov_sw/oai-triton/triton-src/triton-solid-01.git/python/test/unit/language/test_warp_specialization.py":196:23)
#loc23 = loc("/home/scratch.egaburov_sw/oai-triton/triton-src/triton-solid-01.git/python/test/unit/language/test_warp_specialization.py":196:44)
#loc24 = loc("/home/scratch.egaburov_sw/oai-triton/triton-src/triton-solid-01.git/python/test/unit/language/test_warp_specialization.py":326:25)
#loc25 = loc("/home/scratch.egaburov_sw/oai-triton/triton-src/triton-solid-01.git/python/test/unit/language/test_warp_specialization.py":327:25)
#loc26 = loc("/home/scratch.egaburov_sw/oai-triton/triton-src/triton-solid-01.git/python/test/unit/language/test_warp_specialization.py":336:39)
#loc27 = loc("/home/scratch.egaburov_sw/oai-triton/triton-src/triton-solid-01.git/python/test/unit/language/test_warp_specialization.py":330:25)
#loc28 = loc("/home/scratch.egaburov_sw/oai-triton/triton-src/triton-solid-01.git/python/test/unit/language/test_warp_specialization.py":331:28)
#loc29 = loc("/home/scratch.egaburov_sw/oai-triton/triton-src/triton-solid-01.git/python/test/unit/language/test_warp_specialization.py":332:28)
#loc30 = loc("/home/scratch.egaburov_sw/oai-triton/triton-src/triton-solid-01.git/python/test/unit/language/test_warp_specialization.py":333:36)
#loc31 = loc("/home/scratch.egaburov_sw/oai-triton/triton-src/triton-solid-01.git/python/test/unit/language/test_warp_specialization.py":333:41)
#loc32 = loc("/home/scratch.egaburov_sw/oai-triton/triton-src/triton-solid-01.git/python/test/unit/language/test_warp_specialization.py":335:27)
#loc33 = loc("/home/scratch.egaburov_sw/oai-triton/triton-src/triton-solid-01.git/python/test/unit/language/test_warp_specialization.py":322:4)
#loc43 = loc("a_desc"(#loc3))
#loc44 = loc("b_desc"(#loc4))
#loc45 = loc("c_desc"(#loc5))
#loc46 = loc("start_pid"(#loc6))
#loc47 = loc("num_pid_m"(#loc8))
#loc48 = loc("num_pid_n"(#loc10))
#loc49 = loc("k_tiles"(#loc11))
#loc50 = loc("num_tiles"(#loc12))
#loc51 = loc("num_pid_in_group"(#loc13))
#loc52 = loc("accumulator"(#loc15))
#loc53 = loc("group_id"(#loc16))
#loc54 = loc("first_pid_m"(#loc17))
#loc55 = loc("group_size_m"(#loc18))
#loc56 = loc("group_size_m"(#loc19))
#loc57 = loc("pid_m"(#loc20))
#loc58 = loc("pid_m"(#loc21))
#loc59 = loc("pid_n"(#loc22))
#loc60 = loc("pid_n"(#loc23))
#loc61 = loc("off_am"(#loc24))
#loc62 = loc("off_bn"(#loc25))
#loc63 = loc("off_k"(#loc27))
#loc64 = loc("a"(#loc28))
#loc65 = loc("b"(#loc29))
#loc66 = loc("accumulator"(#loc30))
#loc67 = loc("accumulator"(#loc31))
#loc68 = loc("c"(#loc32))
#loc69 = loc(callsite(#loc7 at #loc47))
#loc70 = loc(callsite(#loc9 at #loc47))
#loc71 = loc(callsite(#loc7 at #loc48))
#loc72 = loc(callsite(#loc9 at #loc48))
#loc73 = loc(callsite(#loc7 at #loc49))
#loc74 = loc(callsite(#loc9 at #loc49))
#loc75 = loc(callsite(#loc51 at #loc14))
#loc76 = loc(callsite(#loc53 at #loc14))
#loc77 = loc(callsite(#loc54 at #loc14))
#loc78 = loc(callsite(#loc55 at #loc14))
#loc79 = loc(callsite(#loc56 at #loc14))
#loc80 = loc(callsite(#loc57 at #loc14))
#loc81 = loc(callsite(#loc58 at #loc14))
#loc82 = loc(callsite(#loc59 at #loc14))
#loc83 = loc(callsite(#loc60 at #loc14))


// -----// IR Dump Before TritonNvidiaGPUPromoteLHSToTMemPass (tritongpu-promote-lhs-to-tmem) ('builtin.module' operation) //----- //
#blocked = #ttg.blocked<{sizePerThread = [1, 8], threadsPerWarp = [2, 16], warpsPerCTA = [8, 1], order = [1, 0]}>
#linear = #ttg.linear<{register = [[0, 1], [0, 2], [0, 4], [0, 8], [0, 16], [0, 32]], lane = [[1, 0], [2, 0], [4, 0], [8, 0], [16, 0]], warp = [[32, 0], [64, 0], [0, 64]], block = []}>
#loc = loc("/home/scratch.egaburov_sw/oai-triton/triton-src/triton-solid-01.git/python/test/unit/language/test_warp_specialization.py":294:0)
#shared = #ttg.nvmma_shared<{swizzlingByteWidth = 128, transposed = false, elementBitWidth = 16}>
#shared1 = #ttg.nvmma_shared<{swizzlingByteWidth = 128, transposed = true, elementBitWidth = 16}>
#smem = #ttg.shared_memory
#tmem = #ttng.tensor_memory_encoding<blockM = 128, blockN = 128, colStride = 1>
#loc34 = loc("a_ptr"(#loc))
#loc35 = loc("b_ptr"(#loc))
#loc36 = loc("c_ptr"(#loc))
#loc37 = loc("a_stride0"(#loc))
#loc38 = loc("b_stride0"(#loc))
#loc39 = loc("c_stride0"(#loc))
#loc40 = loc("M"(#loc))
#loc41 = loc("N"(#loc))
#loc42 = loc("K"(#loc))
module attributes {"ttg.cluster-dim-x" = 1 : i32, "ttg.cluster-dim-y" = 1 : i32, "ttg.cluster-dim-z" = 1 : i32, ttg.max_reg_auto_ws = 152 : i32, ttg.min_reg_auto_ws = 24 : i32, "ttg.num-ctas" = 1 : i32, "ttg.num-warps" = 8 : i32, ttg.target = "cuda:103", "ttg.threads-per-warp" = 32 : i32} {
  tt.func public @matmul_tma_persistent_ws_kernel(%a_ptr: !tt.ptr<f16> {tt.divisibility = 16 : i32} loc("a_ptr"(#loc)), %b_ptr: !tt.ptr<f16> {tt.divisibility = 16 : i32} loc("b_ptr"(#loc)), %c_ptr: !tt.ptr<f16> {tt.divisibility = 16 : i32} loc("c_ptr"(#loc)), %a_stride0: i32 {tt.divisibility = 16 : i32} loc("a_stride0"(#loc)), %b_stride0: i32 {tt.divisibility = 16 : i32} loc("b_stride0"(#loc)), %c_stride0: i32 {tt.divisibility = 16 : i32} loc("c_stride0"(#loc)), %M: i32 {tt.divisibility = 16 : i32} loc("M"(#loc)), %N: i32 {tt.divisibility = 16 : i32} loc("N"(#loc)), %K: i32 {tt.divisibility = 16 : i32} loc("K"(#loc))) attributes {noinline = false} {
    %false = arith.constant false loc(#loc1)
    %cst = arith.constant dense<0.000000e+00> : tensor<128x128xf16, #blocked> loc(#loc1)
    %true = arith.constant true loc(#loc1)
    %c1_i64 = arith.constant 1 : i64 loc(#loc1)
    %c128_i32 = arith.constant 128 : i32 loc(#loc1)
    %c150_i32 = arith.constant 150 : i32 loc(#loc2)
    %c0_i32 = arith.constant 0 : i32 loc(#loc1)
    %c1_i32 = arith.constant 1 : i32 loc(#loc1)
    %c127_i32 = arith.constant 127 : i32 loc(#loc1)
    %c8_i32 = arith.constant 8 : i32 loc(#loc1)
    %cst_0 = arith.constant dense<0.000000e+00> : tensor<128x128xf32, #linear> loc(#loc1)
    %a_desc = arith.extsi %a_stride0 : i32 to i64 loc(#loc43)
    %a_desc_1 = tt.make_tensor_descriptor %a_ptr, [%M, %K], [%a_desc, %c1_i64] : !tt.ptr<f16>, !tt.tensordesc<tensor<128x128xf16, #shared>> loc(#loc43)
    %b_desc = arith.extsi %b_stride0 : i32 to i64 loc(#loc44)
    %b_desc_2 = tt.make_tensor_descriptor %b_ptr, [%N, %K], [%b_desc, %c1_i64] : !tt.ptr<f16>, !tt.tensordesc<tensor<128x128xf16, #shared>> loc(#loc44)
    %c_desc = arith.extsi %c_stride0 : i32 to i64 loc(#loc45)
    %c_desc_3 = tt.make_tensor_descriptor %c_ptr, [%M, %N], [%c_desc, %c1_i64] : !tt.ptr<f16>, !tt.tensordesc<tensor<128x128xf16, #shared>> loc(#loc45)
    %start_pid = tt.get_program_id x : i32 loc(#loc46)
    %num_pid_m = arith.addi %M, %c127_i32 : i32 loc(#loc69)
    %num_pid_m_4 = arith.divsi %num_pid_m, %c128_i32 : i32 loc(#loc70)
    %num_pid_n = arith.addi %N, %c127_i32 : i32 loc(#loc71)
    %num_pid_n_5 = arith.divsi %num_pid_n, %c128_i32 : i32 loc(#loc72)
    %k_tiles = arith.addi %K, %c127_i32 : i32 loc(#loc73)
    %k_tiles_6 = arith.divsi %k_tiles, %c128_i32 : i32 loc(#loc74)
    %num_tiles = arith.muli %num_pid_m_4, %num_pid_n_5 : i32 loc(#loc50)
    %num_pid_in_group = arith.muli %num_pid_n_5, %c8_i32 : i32 loc(#loc75)
    %accumulator = arith.cmpi eq, %k_tiles_6, %c0_i32 : i32 loc(#loc52)
    scf.if %accumulator {
      scf.for %tile_id = %start_pid to %num_tiles step %c150_i32  : i32 {
        %group_id = arith.divsi %tile_id, %num_pid_in_group : i32 loc(#loc76)
        %first_pid_m = arith.muli %group_id, %c8_i32 : i32 loc(#loc77)
        %group_size_m = arith.subi %num_pid_m_4, %first_pid_m : i32 loc(#loc78)
        %group_size_m_7 = arith.minsi %group_size_m, %c8_i32 : i32 loc(#loc79)
        %pid_m = arith.remsi %tile_id, %group_size_m_7 : i32 loc(#loc80)
        %pid_m_8 = arith.addi %first_pid_m, %pid_m : i32 loc(#loc81)
        %pid_n = arith.remsi %tile_id, %num_pid_in_group : i32 loc(#loc82)
        %pid_n_9 = arith.divsi %pid_n, %group_size_m_7 : i32 loc(#loc83)
        %off_am = arith.muli %pid_m_8, %c128_i32 : i32 loc(#loc61)
        %off_bn = arith.muli %pid_n_9, %c128_i32 : i32 loc(#loc62)
        tt.descriptor_store %c_desc_3[%off_am, %off_bn], %cst : !tt.tensordesc<tensor<128x128xf16, #shared>>, tensor<128x128xf16, #blocked> loc(#loc26)
      } {tt.flatten, tt.num_stages = 2 : i32} loc(#loc2)
    } else {
      %0 = arith.subi %num_tiles, %start_pid : i32 loc(#loc2)
      %1 = arith.ceildivsi %0, %c150_i32 : i32 loc(#loc2)
      %2 = arith.maxsi %k_tiles_6, %c1_i32 : i32 loc(#loc2)
      %3 = arith.muli %1, %2 : i32 loc(#loc2)
      %4 = arith.subi %start_pid, %c150_i32 : i32 loc(#loc2)
      %5 = arith.subi %2, %c1_i32 : i32 loc(#loc2)
      %6 = arith.subi %2, %c1_i32 : i32 loc(#loc2)
      %accumulator_7, %accumulator_8 = ttng.tmem_alloc : () -> (!ttg.memdesc<128x128xf32, #tmem, #ttng.tensor_memory, mutable>, !ttg.async.token) loc(#loc63)
      %accumulator_9 = ttng.tmem_store %cst_0, %accumulator_7[%accumulator_8], %true : tensor<128x128xf32, #linear> -> !ttg.memdesc<128x128xf32, #tmem, #ttng.tensor_memory, mutable> loc(#loc63)
      %7:7 = scf.for %arg9 = %c0_i32 to %3 step %c1_i32 iter_args(%arg10 = %c0_i32, %arg11 = %4, %arg12 = %c0_i32, %arg13 = %c0_i32, %arg14 = %c0_i32, %arg15 = %false, %accumulator_10 = %accumulator_9) -> (i32, i32, i32, i32, i32, i1, !ttg.async.token)  : i32 {
        %8 = arith.cmpi eq, %arg10, %c0_i32 : i32 loc(#loc2)
        %9 = arith.select %8, %c0_i32, %arg12 : i32 loc(#loc2)
        %10:3 = scf.if %8 -> (i32, i32, i32) {
          %17 = arith.addi %arg11, %c150_i32 : i32 loc(#loc2)
          %group_id = arith.divsi %17, %num_pid_in_group : i32 loc(#loc76)
          %first_pid_m = arith.muli %group_id, %c8_i32 : i32 loc(#loc77)
          %group_size_m = arith.subi %num_pid_m_4, %first_pid_m : i32 loc(#loc78)
          %group_size_m_16 = arith.minsi %group_size_m, %c8_i32 : i32 loc(#loc79)
          %pid_m = arith.remsi %17, %group_size_m_16 : i32 loc(#loc80)
          %pid_m_17 = arith.addi %first_pid_m, %pid_m : i32 loc(#loc81)
          %pid_n = arith.remsi %17, %num_pid_in_group : i32 loc(#loc82)
          %pid_n_18 = arith.divsi %pid_n, %group_size_m_16 : i32 loc(#loc83)
          %off_am = arith.muli %pid_m_17, %c128_i32 : i32 loc(#loc61)
          %off_bn = arith.muli %pid_n_18, %c128_i32 : i32 loc(#loc62)
          scf.yield %off_am, %off_bn, %17 : i32, i32, i32 loc(#loc2)
        } else {
          scf.yield %arg13, %arg14, %arg11 : i32, i32, i32 loc(#loc2)
        } loc(#loc2)
        %off_k = arith.muli %9, %c128_i32 : i32 loc(#loc64)
        %a = tt.descriptor_load %a_desc_1[%10#0, %off_k] : !tt.tensordesc<tensor<128x128xf16, #shared>> -> tensor<128x128xf16, #blocked> loc(#loc65)
        %a_11 = ttg.local_alloc %a : (tensor<128x128xf16, #blocked>) -> !ttg.memdesc<128x128xf16, #shared, #smem> loc(#loc65)
        %b = tt.descriptor_load %b_desc_2[%10#1, %off_k] : !tt.tensordesc<tensor<128x128xf16, #shared>> -> tensor<128x128xf16, #blocked> loc(#loc66)
        %accumulator_12 = ttg.local_alloc %b : (tensor<128x128xf16, #blocked>) -> !ttg.memdesc<128x128xf16, #shared, #smem> loc(#loc67)
        %accumulator_13 = ttg.memdesc_trans %accumulator_12 {order = array<i32: 1, 0>} : !ttg.memdesc<128x128xf16, #shared, #smem> -> !ttg.memdesc<128x128xf16, #shared1, #smem> loc(#loc67)
        %accumulator_14 = ttng.tc_gen5_mma %a_11, %accumulator_13, %accumulator_7[%accumulator_10], %arg15, %true : !ttg.memdesc<128x128xf16, #shared, #smem>, !ttg.memdesc<128x128xf16, #shared1, #smem>, !ttg.memdesc<128x128xf32, #tmem, #ttng.tensor_memory, mutable> loc(#loc63)
        %11 = arith.addi %9, %c1_i32 : i32 loc(#loc2)
        %12 = arith.cmpi eq, %arg10, %5 : i32 loc(#loc2)
        %accumulator_15 = arith.select %12, %false, %true : i1 loc(#loc63)
        %13 = scf.if %12 -> (!ttg.async.token) {
          %accumulator_16, %accumulator_17 = ttng.tmem_load %accumulator_7[%accumulator_14] : !ttg.memdesc<128x128xf32, #tmem, #ttng.tensor_memory, mutable> -> tensor<128x128xf32, #linear> loc(#loc63)
          %c = arith.truncf %accumulator_16 : tensor<128x128xf32, #linear> to tensor<128x128xf16, #linear> loc(#loc68)
          %17 = ttg.convert_layout %c : tensor<128x128xf16, #linear> -> tensor<128x128xf16, #blocked> loc(#loc26)
          tt.descriptor_store %c_desc_3[%10#0, %10#1], %17 : !tt.tensordesc<tensor<128x128xf16, #shared>>, tensor<128x128xf16, #blocked> loc(#loc26)
          scf.yield %accumulator_17 : !ttg.async.token loc(#loc2)
        } else {
          scf.yield %accumulator_14 : !ttg.async.token loc(#loc2)
        } loc(#loc2)
        %14 = arith.addi %arg10, %c1_i32 : i32 loc(#loc2)
        %15 = arith.cmpi eq, %arg10, %6 : i32 loc(#loc2)
        %16 = arith.select %15, %c0_i32, %14 : i32 loc(#loc2)
        scf.yield %16, %10#2, %11, %10#0, %10#1, %accumulator_15, %13 : i32, i32, i32, i32, i32, i1, !ttg.async.token loc(#loc2)
      } {tt.num_stages = 2 : i32, tt.warp_specialize} loc(#loc2)
    } loc(#loc52)
    tt.return loc(#loc33)
  } loc(#loc)
} loc(#loc)
#loc1 = loc(unknown)
#loc2 = loc("/home/scratch.egaburov_sw/oai-triton/triton-src/triton-solid-01.git/python/test/unit/language/test_warp_specialization.py":323:28)
#loc3 = loc("/home/scratch.egaburov_sw/oai-triton/triton-src/triton-solid-01.git/python/test/unit/language/test_warp_specialization.py":309:39)
#loc4 = loc("/home/scratch.egaburov_sw/oai-triton/triton-src/triton-solid-01.git/python/test/unit/language/test_warp_specialization.py":311:39)
#loc5 = loc("/home/scratch.egaburov_sw/oai-triton/triton-src/triton-solid-01.git/python/test/unit/language/test_warp_specialization.py":313:39)
#loc6 = loc("/home/scratch.egaburov_sw/oai-triton/triton-src/triton-solid-01.git/python/test/unit/language/test_warp_specialization.py":316:30)
#loc7 = loc("/home/scratch.egaburov_sw/oai-triton/triton-src/triton-solid-01.git/python/triton/language/standard.py":43:17)
#loc8 = loc("/home/scratch.egaburov_sw/oai-triton/triton-src/triton-solid-01.git/python/test/unit/language/test_warp_specialization.py":317:27)
#loc9 = loc("/home/scratch.egaburov_sw/oai-triton/triton-src/triton-solid-01.git/python/triton/language/standard.py":43:30)
#loc10 = loc("/home/scratch.egaburov_sw/oai-triton/triton-src/triton-solid-01.git/python/test/unit/language/test_warp_specialization.py":318:27)
#loc11 = loc("/home/scratch.egaburov_sw/oai-triton/triton-src/triton-solid-01.git/python/test/unit/language/test_warp_specialization.py":319:25)
#loc12 = loc("/home/scratch.egaburov_sw/oai-triton/triton-src/triton-solid-01.git/python/test/unit/language/test_warp_specialization.py":320:28)
#loc13 = loc("/home/scratch.egaburov_sw/oai-triton/triton-src/triton-solid-01.git/python/test/unit/language/test_warp_specialization.py":191:38)
#loc14 = loc("/home/scratch.egaburov_sw/oai-triton/triton-src/triton-solid-01.git/python/test/unit/language/test_warp_specialization.py":324:67)
#loc15 = loc("/home/scratch.egaburov_sw/oai-triton/triton-src/triton-solid-01.git/python/test/unit/language/test_warp_specialization.py":329:24)
#loc16 = loc("/home/scratch.egaburov_sw/oai-triton/triton-src/triton-solid-01.git/python/test/unit/language/test_warp_specialization.py":192:26)
#loc17 = loc("/home/scratch.egaburov_sw/oai-triton/triton-src/triton-solid-01.git/python/test/unit/language/test_warp_specialization.py":193:29)
#loc18 = loc("/home/scratch.egaburov_sw/oai-triton/triton-src/triton-solid-01.git/python/test/unit/language/test_warp_specialization.py":194:35)
#loc19 = loc("/home/scratch.egaburov_sw/oai-triton/triton-src/triton-solid-01.git/python/test/unit/language/test_warp_specialization.py":194:48)
#loc20 = loc("/home/scratch.egaburov_sw/oai-triton/triton-src/triton-solid-01.git/python/test/unit/language/test_warp_specialization.py":195:37)
#loc21 = loc("/home/scratch.egaburov_sw/oai-triton/triton-src/triton-solid-01.git/python/test/unit/language/test_warp_specialization.py":195:27)
#loc22 = loc("/home/scratch.egaburov_sw/oai-triton/triton-src/triton-solid-01.git/python/test/unit/language/test_warp_specialization.py":196:23)
#loc23 = loc("/home/scratch.egaburov_sw/oai-triton/triton-src/triton-solid-01.git/python/test/unit/language/test_warp_specialization.py":196:44)
#loc24 = loc("/home/scratch.egaburov_sw/oai-triton/triton-src/triton-solid-01.git/python/test/unit/language/test_warp_specialization.py":326:25)
#loc25 = loc("/home/scratch.egaburov_sw/oai-triton/triton-src/triton-solid-01.git/python/test/unit/language/test_warp_specialization.py":327:25)
#loc26 = loc("/home/scratch.egaburov_sw/oai-triton/triton-src/triton-solid-01.git/python/test/unit/language/test_warp_specialization.py":336:39)
#loc27 = loc("/home/scratch.egaburov_sw/oai-triton/triton-src/triton-solid-01.git/python/test/unit/language/test_warp_specialization.py":333:41)
#loc28 = loc("/home/scratch.egaburov_sw/oai-triton/triton-src/triton-solid-01.git/python/test/unit/language/test_warp_specialization.py":330:25)
#loc29 = loc("/home/scratch.egaburov_sw/oai-triton/triton-src/triton-solid-01.git/python/test/unit/language/test_warp_specialization.py":331:28)
#loc30 = loc("/home/scratch.egaburov_sw/oai-triton/triton-src/triton-solid-01.git/python/test/unit/language/test_warp_specialization.py":332:28)
#loc31 = loc("/home/scratch.egaburov_sw/oai-triton/triton-src/triton-solid-01.git/python/test/unit/language/test_warp_specialization.py":333:36)
#loc32 = loc("/home/scratch.egaburov_sw/oai-triton/triton-src/triton-solid-01.git/python/test/unit/language/test_warp_specialization.py":335:27)
#loc33 = loc("/home/scratch.egaburov_sw/oai-triton/triton-src/triton-solid-01.git/python/test/unit/language/test_warp_specialization.py":322:4)
#loc43 = loc("a_desc"(#loc3))
#loc44 = loc("b_desc"(#loc4))
#loc45 = loc("c_desc"(#loc5))
#loc46 = loc("start_pid"(#loc6))
#loc47 = loc("num_pid_m"(#loc8))
#loc48 = loc("num_pid_n"(#loc10))
#loc49 = loc("k_tiles"(#loc11))
#loc50 = loc("num_tiles"(#loc12))
#loc51 = loc("num_pid_in_group"(#loc13))
#loc52 = loc("accumulator"(#loc15))
#loc53 = loc("group_id"(#loc16))
#loc54 = loc("first_pid_m"(#loc17))
#loc55 = loc("group_size_m"(#loc18))
#loc56 = loc("group_size_m"(#loc19))
#loc57 = loc("pid_m"(#loc20))
#loc58 = loc("pid_m"(#loc21))
#loc59 = loc("pid_n"(#loc22))
#loc60 = loc("pid_n"(#loc23))
#loc61 = loc("off_am"(#loc24))
#loc62 = loc("off_bn"(#loc25))
#loc63 = loc("accumulator"(#loc27))
#loc64 = loc("off_k"(#loc28))
#loc65 = loc("a"(#loc29))
#loc66 = loc("b"(#loc30))
#loc67 = loc("accumulator"(#loc31))
#loc68 = loc("c"(#loc32))
#loc69 = loc(callsite(#loc7 at #loc47))
#loc70 = loc(callsite(#loc9 at #loc47))
#loc71 = loc(callsite(#loc7 at #loc48))
#loc72 = loc(callsite(#loc9 at #loc48))
#loc73 = loc(callsite(#loc7 at #loc49))
#loc74 = loc(callsite(#loc9 at #loc49))
#loc75 = loc(callsite(#loc51 at #loc14))
#loc76 = loc(callsite(#loc53 at #loc14))
#loc77 = loc(callsite(#loc54 at #loc14))
#loc78 = loc(callsite(#loc55 at #loc14))
#loc79 = loc(callsite(#loc56 at #loc14))
#loc80 = loc(callsite(#loc57 at #loc14))
#loc81 = loc(callsite(#loc58 at #loc14))
#loc82 = loc(callsite(#loc59 at #loc14))
#loc83 = loc(callsite(#loc60 at #loc14))


// -----// IR Dump Before NVGPUWSDataPartition (nvgpu-ws-data-partition) ('builtin.module' operation) //----- //
#blocked = #ttg.blocked<{sizePerThread = [1, 8], threadsPerWarp = [2, 16], warpsPerCTA = [8, 1], order = [1, 0]}>
#linear = #ttg.linear<{register = [[0, 1], [0, 2], [0, 4], [0, 8], [0, 16], [0, 32]], lane = [[1, 0], [2, 0], [4, 0], [8, 0], [16, 0]], warp = [[32, 0], [64, 0], [0, 64]], block = []}>
#loc = loc("/home/scratch.egaburov_sw/oai-triton/triton-src/triton-solid-01.git/python/test/unit/language/test_warp_specialization.py":294:0)
#shared = #ttg.nvmma_shared<{swizzlingByteWidth = 128, transposed = false, elementBitWidth = 16}>
#shared1 = #ttg.nvmma_shared<{swizzlingByteWidth = 128, transposed = true, elementBitWidth = 16}>
#smem = #ttg.shared_memory
#tmem = #ttng.tensor_memory_encoding<blockM = 128, blockN = 128, colStride = 1>
#loc34 = loc("a_ptr"(#loc))
#loc35 = loc("b_ptr"(#loc))
#loc36 = loc("c_ptr"(#loc))
#loc37 = loc("a_stride0"(#loc))
#loc38 = loc("b_stride0"(#loc))
#loc39 = loc("c_stride0"(#loc))
#loc40 = loc("M"(#loc))
#loc41 = loc("N"(#loc))
#loc42 = loc("K"(#loc))
module attributes {"ttg.cluster-dim-x" = 1 : i32, "ttg.cluster-dim-y" = 1 : i32, "ttg.cluster-dim-z" = 1 : i32, ttg.max_reg_auto_ws = 152 : i32, ttg.min_reg_auto_ws = 24 : i32, "ttg.num-ctas" = 1 : i32, "ttg.num-warps" = 8 : i32, ttg.target = "cuda:103", "ttg.threads-per-warp" = 32 : i32} {
  tt.func public @matmul_tma_persistent_ws_kernel(%a_ptr: !tt.ptr<f16> {tt.divisibility = 16 : i32} loc("a_ptr"(#loc)), %b_ptr: !tt.ptr<f16> {tt.divisibility = 16 : i32} loc("b_ptr"(#loc)), %c_ptr: !tt.ptr<f16> {tt.divisibility = 16 : i32} loc("c_ptr"(#loc)), %a_stride0: i32 {tt.divisibility = 16 : i32} loc("a_stride0"(#loc)), %b_stride0: i32 {tt.divisibility = 16 : i32} loc("b_stride0"(#loc)), %c_stride0: i32 {tt.divisibility = 16 : i32} loc("c_stride0"(#loc)), %M: i32 {tt.divisibility = 16 : i32} loc("M"(#loc)), %N: i32 {tt.divisibility = 16 : i32} loc("N"(#loc)), %K: i32 {tt.divisibility = 16 : i32} loc("K"(#loc))) attributes {noinline = false} {
    %false = arith.constant false loc(#loc1)
    %cst = arith.constant dense<0.000000e+00> : tensor<128x128xf16, #blocked> loc(#loc1)
    %true = arith.constant true loc(#loc1)
    %c1_i64 = arith.constant 1 : i64 loc(#loc1)
    %c128_i32 = arith.constant 128 : i32 loc(#loc1)
    %c150_i32 = arith.constant 150 : i32 loc(#loc2)
    %c0_i32 = arith.constant 0 : i32 loc(#loc1)
    %c1_i32 = arith.constant 1 : i32 loc(#loc1)
    %c127_i32 = arith.constant 127 : i32 loc(#loc1)
    %c8_i32 = arith.constant 8 : i32 loc(#loc1)
    %cst_0 = arith.constant dense<0.000000e+00> : tensor<128x128xf32, #linear> loc(#loc1)
    %a_desc = arith.extsi %a_stride0 : i32 to i64 loc(#loc43)
    %a_desc_1 = tt.make_tensor_descriptor %a_ptr, [%M, %K], [%a_desc, %c1_i64] : !tt.ptr<f16>, !tt.tensordesc<tensor<128x128xf16, #shared>> loc(#loc43)
    %b_desc = arith.extsi %b_stride0 : i32 to i64 loc(#loc44)
    %b_desc_2 = tt.make_tensor_descriptor %b_ptr, [%N, %K], [%b_desc, %c1_i64] : !tt.ptr<f16>, !tt.tensordesc<tensor<128x128xf16, #shared>> loc(#loc44)
    %c_desc = arith.extsi %c_stride0 : i32 to i64 loc(#loc45)
    %c_desc_3 = tt.make_tensor_descriptor %c_ptr, [%M, %N], [%c_desc, %c1_i64] : !tt.ptr<f16>, !tt.tensordesc<tensor<128x128xf16, #shared>> loc(#loc45)
    %start_pid = tt.get_program_id x : i32 loc(#loc46)
    %num_pid_m = arith.addi %M, %c127_i32 : i32 loc(#loc69)
    %num_pid_m_4 = arith.divsi %num_pid_m, %c128_i32 : i32 loc(#loc70)
    %num_pid_n = arith.addi %N, %c127_i32 : i32 loc(#loc71)
    %num_pid_n_5 = arith.divsi %num_pid_n, %c128_i32 : i32 loc(#loc72)
    %k_tiles = arith.addi %K, %c127_i32 : i32 loc(#loc73)
    %k_tiles_6 = arith.divsi %k_tiles, %c128_i32 : i32 loc(#loc74)
    %num_tiles = arith.muli %num_pid_m_4, %num_pid_n_5 : i32 loc(#loc50)
    %num_pid_in_group = arith.muli %num_pid_n_5, %c8_i32 : i32 loc(#loc75)
    %accumulator = arith.cmpi eq, %k_tiles_6, %c0_i32 : i32 loc(#loc52)
    scf.if %accumulator {
      scf.for %tile_id = %start_pid to %num_tiles step %c150_i32  : i32 {
        %group_id = arith.divsi %tile_id, %num_pid_in_group : i32 loc(#loc76)
        %first_pid_m = arith.muli %group_id, %c8_i32 : i32 loc(#loc77)
        %group_size_m = arith.subi %num_pid_m_4, %first_pid_m : i32 loc(#loc78)
        %group_size_m_7 = arith.minsi %group_size_m, %c8_i32 : i32 loc(#loc79)
        %pid_m = arith.remsi %tile_id, %group_size_m_7 : i32 loc(#loc80)
        %pid_m_8 = arith.addi %first_pid_m, %pid_m : i32 loc(#loc81)
        %pid_n = arith.remsi %tile_id, %num_pid_in_group : i32 loc(#loc82)
        %pid_n_9 = arith.divsi %pid_n, %group_size_m_7 : i32 loc(#loc83)
        %off_am = arith.muli %pid_m_8, %c128_i32 : i32 loc(#loc61)
        %off_bn = arith.muli %pid_n_9, %c128_i32 : i32 loc(#loc62)
        tt.descriptor_store %c_desc_3[%off_am, %off_bn], %cst : !tt.tensordesc<tensor<128x128xf16, #shared>>, tensor<128x128xf16, #blocked> loc(#loc26)
      } {tt.flatten, tt.num_stages = 2 : i32} loc(#loc2)
    } else {
      %0 = arith.subi %num_tiles, %start_pid : i32 loc(#loc2)
      %1 = arith.ceildivsi %0, %c150_i32 : i32 loc(#loc2)
      %2 = arith.maxsi %k_tiles_6, %c1_i32 : i32 loc(#loc2)
      %3 = arith.muli %1, %2 : i32 loc(#loc2)
      %4 = arith.subi %start_pid, %c150_i32 : i32 loc(#loc2)
      %5 = arith.subi %2, %c1_i32 : i32 loc(#loc2)
      %6 = arith.subi %2, %c1_i32 : i32 loc(#loc2)
      %accumulator_7, %accumulator_8 = ttng.tmem_alloc : () -> (!ttg.memdesc<128x128xf32, #tmem, #ttng.tensor_memory, mutable>, !ttg.async.token) loc(#loc63)
      %accumulator_9 = ttng.tmem_store %cst_0, %accumulator_7[%accumulator_8], %true : tensor<128x128xf32, #linear> -> !ttg.memdesc<128x128xf32, #tmem, #ttng.tensor_memory, mutable> loc(#loc63)
      %7:7 = scf.for %arg9 = %c0_i32 to %3 step %c1_i32 iter_args(%arg10 = %c0_i32, %arg11 = %4, %arg12 = %c0_i32, %arg13 = %c0_i32, %arg14 = %c0_i32, %arg15 = %false, %accumulator_10 = %accumulator_9) -> (i32, i32, i32, i32, i32, i1, !ttg.async.token)  : i32 {
        %8 = arith.cmpi eq, %arg10, %c0_i32 : i32 loc(#loc2)
        %9 = arith.select %8, %c0_i32, %arg12 : i32 loc(#loc2)
        %10:3 = scf.if %8 -> (i32, i32, i32) {
          %17 = arith.addi %arg11, %c150_i32 : i32 loc(#loc2)
          %group_id = arith.divsi %17, %num_pid_in_group : i32 loc(#loc76)
          %first_pid_m = arith.muli %group_id, %c8_i32 : i32 loc(#loc77)
          %group_size_m = arith.subi %num_pid_m_4, %first_pid_m : i32 loc(#loc78)
          %group_size_m_16 = arith.minsi %group_size_m, %c8_i32 : i32 loc(#loc79)
          %pid_m = arith.remsi %17, %group_size_m_16 : i32 loc(#loc80)
          %pid_m_17 = arith.addi %first_pid_m, %pid_m : i32 loc(#loc81)
          %pid_n = arith.remsi %17, %num_pid_in_group : i32 loc(#loc82)
          %pid_n_18 = arith.divsi %pid_n, %group_size_m_16 : i32 loc(#loc83)
          %off_am = arith.muli %pid_m_17, %c128_i32 : i32 loc(#loc61)
          %off_bn = arith.muli %pid_n_18, %c128_i32 : i32 loc(#loc62)
          scf.yield %off_am, %off_bn, %17 : i32, i32, i32 loc(#loc2)
        } else {
          scf.yield %arg13, %arg14, %arg11 : i32, i32, i32 loc(#loc2)
        } loc(#loc2)
        %off_k = arith.muli %9, %c128_i32 : i32 loc(#loc64)
        %a = tt.descriptor_load %a_desc_1[%10#0, %off_k] : !tt.tensordesc<tensor<128x128xf16, #shared>> -> tensor<128x128xf16, #blocked> loc(#loc65)
        %a_11 = ttg.local_alloc %a : (tensor<128x128xf16, #blocked>) -> !ttg.memdesc<128x128xf16, #shared, #smem> loc(#loc65)
        %b = tt.descriptor_load %b_desc_2[%10#1, %off_k] : !tt.tensordesc<tensor<128x128xf16, #shared>> -> tensor<128x128xf16, #blocked> loc(#loc66)
        %accumulator_12 = ttg.local_alloc %b : (tensor<128x128xf16, #blocked>) -> !ttg.memdesc<128x128xf16, #shared, #smem> loc(#loc67)
        %accumulator_13 = ttg.memdesc_trans %accumulator_12 {order = array<i32: 1, 0>} : !ttg.memdesc<128x128xf16, #shared, #smem> -> !ttg.memdesc<128x128xf16, #shared1, #smem> loc(#loc67)
        %accumulator_14 = ttng.tc_gen5_mma %a_11, %accumulator_13, %accumulator_7[%accumulator_10], %arg15, %true : !ttg.memdesc<128x128xf16, #shared, #smem>, !ttg.memdesc<128x128xf16, #shared1, #smem>, !ttg.memdesc<128x128xf32, #tmem, #ttng.tensor_memory, mutable> loc(#loc63)
        %11 = arith.addi %9, %c1_i32 : i32 loc(#loc2)
        %12 = arith.cmpi eq, %arg10, %5 : i32 loc(#loc2)
        %accumulator_15 = arith.select %12, %false, %true : i1 loc(#loc63)
        %13 = scf.if %12 -> (!ttg.async.token) {
          %accumulator_16, %accumulator_17 = ttng.tmem_load %accumulator_7[%accumulator_14] : !ttg.memdesc<128x128xf32, #tmem, #ttng.tensor_memory, mutable> -> tensor<128x128xf32, #linear> loc(#loc63)
          %c = arith.truncf %accumulator_16 : tensor<128x128xf32, #linear> to tensor<128x128xf16, #linear> loc(#loc68)
          %17 = ttg.convert_layout %c : tensor<128x128xf16, #linear> -> tensor<128x128xf16, #blocked> loc(#loc26)
          tt.descriptor_store %c_desc_3[%10#0, %10#1], %17 : !tt.tensordesc<tensor<128x128xf16, #shared>>, tensor<128x128xf16, #blocked> loc(#loc26)
          scf.yield %accumulator_17 : !ttg.async.token loc(#loc2)
        } else {
          scf.yield %accumulator_14 : !ttg.async.token loc(#loc2)
        } loc(#loc2)
        %14 = arith.addi %arg10, %c1_i32 : i32 loc(#loc2)
        %15 = arith.cmpi eq, %arg10, %6 : i32 loc(#loc2)
        %16 = arith.select %15, %c0_i32, %14 : i32 loc(#loc2)
        scf.yield %16, %10#2, %11, %10#0, %10#1, %accumulator_15, %13 : i32, i32, i32, i32, i32, i1, !ttg.async.token loc(#loc2)
      } {tt.num_stages = 2 : i32, tt.warp_specialize} loc(#loc2)
    } loc(#loc52)
    tt.return loc(#loc33)
  } loc(#loc)
} loc(#loc)
#loc1 = loc(unknown)
#loc2 = loc("/home/scratch.egaburov_sw/oai-triton/triton-src/triton-solid-01.git/python/test/unit/language/test_warp_specialization.py":323:28)
#loc3 = loc("/home/scratch.egaburov_sw/oai-triton/triton-src/triton-solid-01.git/python/test/unit/language/test_warp_specialization.py":309:39)
#loc4 = loc("/home/scratch.egaburov_sw/oai-triton/triton-src/triton-solid-01.git/python/test/unit/language/test_warp_specialization.py":311:39)
#loc5 = loc("/home/scratch.egaburov_sw/oai-triton/triton-src/triton-solid-01.git/python/test/unit/language/test_warp_specialization.py":313:39)
#loc6 = loc("/home/scratch.egaburov_sw/oai-triton/triton-src/triton-solid-01.git/python/test/unit/language/test_warp_specialization.py":316:30)
#loc7 = loc("/home/scratch.egaburov_sw/oai-triton/triton-src/triton-solid-01.git/python/triton/language/standard.py":43:17)
#loc8 = loc("/home/scratch.egaburov_sw/oai-triton/triton-src/triton-solid-01.git/python/test/unit/language/test_warp_specialization.py":317:27)
#loc9 = loc("/home/scratch.egaburov_sw/oai-triton/triton-src/triton-solid-01.git/python/triton/language/standard.py":43:30)
#loc10 = loc("/home/scratch.egaburov_sw/oai-triton/triton-src/triton-solid-01.git/python/test/unit/language/test_warp_specialization.py":318:27)
#loc11 = loc("/home/scratch.egaburov_sw/oai-triton/triton-src/triton-solid-01.git/python/test/unit/language/test_warp_specialization.py":319:25)
#loc12 = loc("/home/scratch.egaburov_sw/oai-triton/triton-src/triton-solid-01.git/python/test/unit/language/test_warp_specialization.py":320:28)
#loc13 = loc("/home/scratch.egaburov_sw/oai-triton/triton-src/triton-solid-01.git/python/test/unit/language/test_warp_specialization.py":191:38)
#loc14 = loc("/home/scratch.egaburov_sw/oai-triton/triton-src/triton-solid-01.git/python/test/unit/language/test_warp_specialization.py":324:67)
#loc15 = loc("/home/scratch.egaburov_sw/oai-triton/triton-src/triton-solid-01.git/python/test/unit/language/test_warp_specialization.py":329:24)
#loc16 = loc("/home/scratch.egaburov_sw/oai-triton/triton-src/triton-solid-01.git/python/test/unit/language/test_warp_specialization.py":192:26)
#loc17 = loc("/home/scratch.egaburov_sw/oai-triton/triton-src/triton-solid-01.git/python/test/unit/language/test_warp_specialization.py":193:29)
#loc18 = loc("/home/scratch.egaburov_sw/oai-triton/triton-src/triton-solid-01.git/python/test/unit/language/test_warp_specialization.py":194:35)
#loc19 = loc("/home/scratch.egaburov_sw/oai-triton/triton-src/triton-solid-01.git/python/test/unit/language/test_warp_specialization.py":194:48)
#loc20 = loc("/home/scratch.egaburov_sw/oai-triton/triton-src/triton-solid-01.git/python/test/unit/language/test_warp_specialization.py":195:37)
#loc21 = loc("/home/scratch.egaburov_sw/oai-triton/triton-src/triton-solid-01.git/python/test/unit/language/test_warp_specialization.py":195:27)
#loc22 = loc("/home/scratch.egaburov_sw/oai-triton/triton-src/triton-solid-01.git/python/test/unit/language/test_warp_specialization.py":196:23)
#loc23 = loc("/home/scratch.egaburov_sw/oai-triton/triton-src/triton-solid-01.git/python/test/unit/language/test_warp_specialization.py":196:44)
#loc24 = loc("/home/scratch.egaburov_sw/oai-triton/triton-src/triton-solid-01.git/python/test/unit/language/test_warp_specialization.py":326:25)
#loc25 = loc("/home/scratch.egaburov_sw/oai-triton/triton-src/triton-solid-01.git/python/test/unit/language/test_warp_specialization.py":327:25)
#loc26 = loc("/home/scratch.egaburov_sw/oai-triton/triton-src/triton-solid-01.git/python/test/unit/language/test_warp_specialization.py":336:39)
#loc27 = loc("/home/scratch.egaburov_sw/oai-triton/triton-src/triton-solid-01.git/python/test/unit/language/test_warp_specialization.py":333:41)
#loc28 = loc("/home/scratch.egaburov_sw/oai-triton/triton-src/triton-solid-01.git/python/test/unit/language/test_warp_specialization.py":330:25)
#loc29 = loc("/home/scratch.egaburov_sw/oai-triton/triton-src/triton-solid-01.git/python/test/unit/language/test_warp_specialization.py":331:28)
#loc30 = loc("/home/scratch.egaburov_sw/oai-triton/triton-src/triton-solid-01.git/python/test/unit/language/test_warp_specialization.py":332:28)
#loc31 = loc("/home/scratch.egaburov_sw/oai-triton/triton-src/triton-solid-01.git/python/test/unit/language/test_warp_specialization.py":333:36)
#loc32 = loc("/home/scratch.egaburov_sw/oai-triton/triton-src/triton-solid-01.git/python/test/unit/language/test_warp_specialization.py":335:27)
#loc33 = loc("/home/scratch.egaburov_sw/oai-triton/triton-src/triton-solid-01.git/python/test/unit/language/test_warp_specialization.py":322:4)
#loc43 = loc("a_desc"(#loc3))
#loc44 = loc("b_desc"(#loc4))
#loc45 = loc("c_desc"(#loc5))
#loc46 = loc("start_pid"(#loc6))
#loc47 = loc("num_pid_m"(#loc8))
#loc48 = loc("num_pid_n"(#loc10))
#loc49 = loc("k_tiles"(#loc11))
#loc50 = loc("num_tiles"(#loc12))
#loc51 = loc("num_pid_in_group"(#loc13))
#loc52 = loc("accumulator"(#loc15))
#loc53 = loc("group_id"(#loc16))
#loc54 = loc("first_pid_m"(#loc17))
#loc55 = loc("group_size_m"(#loc18))
#loc56 = loc("group_size_m"(#loc19))
#loc57 = loc("pid_m"(#loc20))
#loc58 = loc("pid_m"(#loc21))
#loc59 = loc("pid_n"(#loc22))
#loc60 = loc("pid_n"(#loc23))
#loc61 = loc("off_am"(#loc24))
#loc62 = loc("off_bn"(#loc25))
#loc63 = loc("accumulator"(#loc27))
#loc64 = loc("off_k"(#loc28))
#loc65 = loc("a"(#loc29))
#loc66 = loc("b"(#loc30))
#loc67 = loc("accumulator"(#loc31))
#loc68 = loc("c"(#loc32))
#loc69 = loc(callsite(#loc7 at #loc47))
#loc70 = loc(callsite(#loc9 at #loc47))
#loc71 = loc(callsite(#loc7 at #loc48))
#loc72 = loc(callsite(#loc9 at #loc48))
#loc73 = loc(callsite(#loc7 at #loc49))
#loc74 = loc(callsite(#loc9 at #loc49))
#loc75 = loc(callsite(#loc51 at #loc14))
#loc76 = loc(callsite(#loc53 at #loc14))
#loc77 = loc(callsite(#loc54 at #loc14))
#loc78 = loc(callsite(#loc55 at #loc14))
#loc79 = loc(callsite(#loc56 at #loc14))
#loc80 = loc(callsite(#loc57 at #loc14))
#loc81 = loc(callsite(#loc58 at #loc14))
#loc82 = loc(callsite(#loc59 at #loc14))
#loc83 = loc(callsite(#loc60 at #loc14))


// -----// IR Dump Before TritonGPUAssignLatencies (tritongpu-assign-latencies) ('builtin.module' operation) //----- //
#blocked = #ttg.blocked<{sizePerThread = [1, 8], threadsPerWarp = [2, 16], warpsPerCTA = [8, 1], order = [1, 0]}>
#linear = #ttg.linear<{register = [[0, 1], [0, 2], [0, 4], [0, 8], [0, 16], [0, 32]], lane = [[1, 0], [2, 0], [4, 0], [8, 0], [16, 0]], warp = [[32, 0], [64, 0], [0, 64]], block = []}>
#loc = loc("/home/scratch.egaburov_sw/oai-triton/triton-src/triton-solid-01.git/python/test/unit/language/test_warp_specialization.py":294:0)
#shared = #ttg.nvmma_shared<{swizzlingByteWidth = 128, transposed = false, elementBitWidth = 16}>
#shared1 = #ttg.nvmma_shared<{swizzlingByteWidth = 128, transposed = true, elementBitWidth = 16}>
#smem = #ttg.shared_memory
#tmem = #ttng.tensor_memory_encoding<blockM = 128, blockN = 128, colStride = 1>
#loc34 = loc("a_ptr"(#loc))
#loc35 = loc("b_ptr"(#loc))
#loc36 = loc("c_ptr"(#loc))
#loc37 = loc("a_stride0"(#loc))
#loc38 = loc("b_stride0"(#loc))
#loc39 = loc("c_stride0"(#loc))
#loc40 = loc("M"(#loc))
#loc41 = loc("N"(#loc))
#loc42 = loc("K"(#loc))
module attributes {"ttg.cluster-dim-x" = 1 : i32, "ttg.cluster-dim-y" = 1 : i32, "ttg.cluster-dim-z" = 1 : i32, ttg.max_reg_auto_ws = 152 : i32, ttg.min_reg_auto_ws = 24 : i32, "ttg.num-ctas" = 1 : i32, "ttg.num-warps" = 8 : i32, ttg.target = "cuda:103", "ttg.threads-per-warp" = 32 : i32} {
  tt.func public @matmul_tma_persistent_ws_kernel(%a_ptr: !tt.ptr<f16> {tt.divisibility = 16 : i32} loc("a_ptr"(#loc)), %b_ptr: !tt.ptr<f16> {tt.divisibility = 16 : i32} loc("b_ptr"(#loc)), %c_ptr: !tt.ptr<f16> {tt.divisibility = 16 : i32} loc("c_ptr"(#loc)), %a_stride0: i32 {tt.divisibility = 16 : i32} loc("a_stride0"(#loc)), %b_stride0: i32 {tt.divisibility = 16 : i32} loc("b_stride0"(#loc)), %c_stride0: i32 {tt.divisibility = 16 : i32} loc("c_stride0"(#loc)), %M: i32 {tt.divisibility = 16 : i32} loc("M"(#loc)), %N: i32 {tt.divisibility = 16 : i32} loc("N"(#loc)), %K: i32 {tt.divisibility = 16 : i32} loc("K"(#loc))) attributes {noinline = false} {
    %false = arith.constant false loc(#loc1)
    %cst = arith.constant dense<0.000000e+00> : tensor<128x128xf16, #blocked> loc(#loc1)
    %true = arith.constant true loc(#loc1)
    %c1_i64 = arith.constant 1 : i64 loc(#loc1)
    %c128_i32 = arith.constant 128 : i32 loc(#loc1)
    %c150_i32 = arith.constant 150 : i32 loc(#loc2)
    %c0_i32 = arith.constant 0 : i32 loc(#loc1)
    %c1_i32 = arith.constant 1 : i32 loc(#loc1)
    %c127_i32 = arith.constant 127 : i32 loc(#loc1)
    %c8_i32 = arith.constant 8 : i32 loc(#loc1)
    %cst_0 = arith.constant dense<0.000000e+00> : tensor<128x128xf32, #linear> loc(#loc1)
    %a_desc = arith.extsi %a_stride0 : i32 to i64 loc(#loc43)
    %a_desc_1 = tt.make_tensor_descriptor %a_ptr, [%M, %K], [%a_desc, %c1_i64] : !tt.ptr<f16>, !tt.tensordesc<tensor<128x128xf16, #shared>> loc(#loc43)
    %b_desc = arith.extsi %b_stride0 : i32 to i64 loc(#loc44)
    %b_desc_2 = tt.make_tensor_descriptor %b_ptr, [%N, %K], [%b_desc, %c1_i64] : !tt.ptr<f16>, !tt.tensordesc<tensor<128x128xf16, #shared>> loc(#loc44)
    %c_desc = arith.extsi %c_stride0 : i32 to i64 loc(#loc45)
    %c_desc_3 = tt.make_tensor_descriptor %c_ptr, [%M, %N], [%c_desc, %c1_i64] : !tt.ptr<f16>, !tt.tensordesc<tensor<128x128xf16, #shared>> loc(#loc45)
    %start_pid = tt.get_program_id x : i32 loc(#loc46)
    %num_pid_m = arith.addi %M, %c127_i32 : i32 loc(#loc69)
    %num_pid_m_4 = arith.divsi %num_pid_m, %c128_i32 : i32 loc(#loc70)
    %num_pid_n = arith.addi %N, %c127_i32 : i32 loc(#loc71)
    %num_pid_n_5 = arith.divsi %num_pid_n, %c128_i32 : i32 loc(#loc72)
    %k_tiles = arith.addi %K, %c127_i32 : i32 loc(#loc73)
    %k_tiles_6 = arith.divsi %k_tiles, %c128_i32 : i32 loc(#loc74)
    %num_tiles = arith.muli %num_pid_m_4, %num_pid_n_5 : i32 loc(#loc50)
    %num_pid_in_group = arith.muli %num_pid_n_5, %c8_i32 : i32 loc(#loc75)
    %accumulator = arith.cmpi eq, %k_tiles_6, %c0_i32 : i32 loc(#loc52)
    scf.if %accumulator {
      scf.for %tile_id = %start_pid to %num_tiles step %c150_i32  : i32 {
        %group_id = arith.divsi %tile_id, %num_pid_in_group : i32 loc(#loc76)
        %first_pid_m = arith.muli %group_id, %c8_i32 : i32 loc(#loc77)
        %group_size_m = arith.subi %num_pid_m_4, %first_pid_m : i32 loc(#loc78)
        %group_size_m_7 = arith.minsi %group_size_m, %c8_i32 : i32 loc(#loc79)
        %pid_m = arith.remsi %tile_id, %group_size_m_7 : i32 loc(#loc80)
        %pid_m_8 = arith.addi %first_pid_m, %pid_m : i32 loc(#loc81)
        %pid_n = arith.remsi %tile_id, %num_pid_in_group : i32 loc(#loc82)
        %pid_n_9 = arith.divsi %pid_n, %group_size_m_7 : i32 loc(#loc83)
        %off_am = arith.muli %pid_m_8, %c128_i32 : i32 loc(#loc61)
        %off_bn = arith.muli %pid_n_9, %c128_i32 : i32 loc(#loc62)
        tt.descriptor_store %c_desc_3[%off_am, %off_bn], %cst : !tt.tensordesc<tensor<128x128xf16, #shared>>, tensor<128x128xf16, #blocked> loc(#loc26)
      } {tt.flatten, tt.num_stages = 2 : i32} loc(#loc2)
    } else {
      %0 = arith.subi %num_tiles, %start_pid : i32 loc(#loc2)
      %1 = arith.ceildivsi %0, %c150_i32 : i32 loc(#loc2)
      %2 = arith.maxsi %k_tiles_6, %c1_i32 : i32 loc(#loc2)
      %3 = arith.muli %1, %2 : i32 loc(#loc2)
      %4 = arith.subi %start_pid, %c150_i32 : i32 loc(#loc2)
      %5 = arith.subi %2, %c1_i32 : i32 loc(#loc2)
      %6 = arith.subi %2, %c1_i32 : i32 loc(#loc2)
      %accumulator_7, %accumulator_8 = ttng.tmem_alloc : () -> (!ttg.memdesc<128x128xf32, #tmem, #ttng.tensor_memory, mutable>, !ttg.async.token) loc(#loc63)
      %accumulator_9 = ttng.tmem_store %cst_0, %accumulator_7[%accumulator_8], %true : tensor<128x128xf32, #linear> -> !ttg.memdesc<128x128xf32, #tmem, #ttng.tensor_memory, mutable> loc(#loc63)
      %7:7 = scf.for %arg9 = %c0_i32 to %3 step %c1_i32 iter_args(%arg10 = %c0_i32, %arg11 = %4, %arg12 = %c0_i32, %arg13 = %c0_i32, %arg14 = %c0_i32, %arg15 = %false, %accumulator_10 = %accumulator_9) -> (i32, i32, i32, i32, i32, i1, !ttg.async.token)  : i32 {
        %8 = arith.cmpi eq, %arg10, %c0_i32 : i32 loc(#loc2)
        %9 = arith.select %8, %c0_i32, %arg12 : i32 loc(#loc2)
        %10:3 = scf.if %8 -> (i32, i32, i32) {
          %17 = arith.addi %arg11, %c150_i32 : i32 loc(#loc2)
          %group_id = arith.divsi %17, %num_pid_in_group : i32 loc(#loc76)
          %first_pid_m = arith.muli %group_id, %c8_i32 : i32 loc(#loc77)
          %group_size_m = arith.subi %num_pid_m_4, %first_pid_m : i32 loc(#loc78)
          %group_size_m_16 = arith.minsi %group_size_m, %c8_i32 : i32 loc(#loc79)
          %pid_m = arith.remsi %17, %group_size_m_16 : i32 loc(#loc80)
          %pid_m_17 = arith.addi %first_pid_m, %pid_m : i32 loc(#loc81)
          %pid_n = arith.remsi %17, %num_pid_in_group : i32 loc(#loc82)
          %pid_n_18 = arith.divsi %pid_n, %group_size_m_16 : i32 loc(#loc83)
          %off_am = arith.muli %pid_m_17, %c128_i32 : i32 loc(#loc61)
          %off_bn = arith.muli %pid_n_18, %c128_i32 : i32 loc(#loc62)
          scf.yield %off_am, %off_bn, %17 : i32, i32, i32 loc(#loc2)
        } else {
          scf.yield %arg13, %arg14, %arg11 : i32, i32, i32 loc(#loc2)
        } loc(#loc2)
        %off_k = arith.muli %9, %c128_i32 : i32 loc(#loc64)
        %a = tt.descriptor_load %a_desc_1[%10#0, %off_k] : !tt.tensordesc<tensor<128x128xf16, #shared>> -> tensor<128x128xf16, #blocked> loc(#loc65)
        %a_11 = ttg.local_alloc %a : (tensor<128x128xf16, #blocked>) -> !ttg.memdesc<128x128xf16, #shared, #smem> loc(#loc65)
        %b = tt.descriptor_load %b_desc_2[%10#1, %off_k] : !tt.tensordesc<tensor<128x128xf16, #shared>> -> tensor<128x128xf16, #blocked> loc(#loc66)
        %accumulator_12 = ttg.local_alloc %b : (tensor<128x128xf16, #blocked>) -> !ttg.memdesc<128x128xf16, #shared, #smem> loc(#loc67)
        %accumulator_13 = ttg.memdesc_trans %accumulator_12 {order = array<i32: 1, 0>} : !ttg.memdesc<128x128xf16, #shared, #smem> -> !ttg.memdesc<128x128xf16, #shared1, #smem> loc(#loc67)
        %accumulator_14 = ttng.tc_gen5_mma %a_11, %accumulator_13, %accumulator_7[%accumulator_10], %arg15, %true : !ttg.memdesc<128x128xf16, #shared, #smem>, !ttg.memdesc<128x128xf16, #shared1, #smem>, !ttg.memdesc<128x128xf32, #tmem, #ttng.tensor_memory, mutable> loc(#loc63)
        %11 = arith.addi %9, %c1_i32 : i32 loc(#loc2)
        %12 = arith.cmpi eq, %arg10, %5 : i32 loc(#loc2)
        %accumulator_15 = arith.select %12, %false, %true : i1 loc(#loc63)
        %13 = scf.if %12 -> (!ttg.async.token) {
          %accumulator_16, %accumulator_17 = ttng.tmem_load %accumulator_7[%accumulator_14] : !ttg.memdesc<128x128xf32, #tmem, #ttng.tensor_memory, mutable> -> tensor<128x128xf32, #linear> loc(#loc63)
          %c = arith.truncf %accumulator_16 : tensor<128x128xf32, #linear> to tensor<128x128xf16, #linear> loc(#loc68)
          %17 = ttg.convert_layout %c : tensor<128x128xf16, #linear> -> tensor<128x128xf16, #blocked> loc(#loc26)
          tt.descriptor_store %c_desc_3[%10#0, %10#1], %17 : !tt.tensordesc<tensor<128x128xf16, #shared>>, tensor<128x128xf16, #blocked> loc(#loc26)
          scf.yield %accumulator_17 : !ttg.async.token loc(#loc2)
        } else {
          scf.yield %accumulator_14 : !ttg.async.token loc(#loc2)
        } loc(#loc2)
        %14 = arith.addi %arg10, %c1_i32 : i32 loc(#loc2)
        %15 = arith.cmpi eq, %arg10, %6 : i32 loc(#loc2)
        %16 = arith.select %15, %c0_i32, %14 : i32 loc(#loc2)
        scf.yield %16, %10#2, %11, %10#0, %10#1, %accumulator_15, %13 : i32, i32, i32, i32, i32, i1, !ttg.async.token loc(#loc2)
      } {tt.num_stages = 2 : i32, tt.warp_specialize} loc(#loc2)
    } loc(#loc52)
    tt.return loc(#loc33)
  } loc(#loc)
} loc(#loc)
#loc1 = loc(unknown)
#loc2 = loc("/home/scratch.egaburov_sw/oai-triton/triton-src/triton-solid-01.git/python/test/unit/language/test_warp_specialization.py":323:28)
#loc3 = loc("/home/scratch.egaburov_sw/oai-triton/triton-src/triton-solid-01.git/python/test/unit/language/test_warp_specialization.py":309:39)
#loc4 = loc("/home/scratch.egaburov_sw/oai-triton/triton-src/triton-solid-01.git/python/test/unit/language/test_warp_specialization.py":311:39)
#loc5 = loc("/home/scratch.egaburov_sw/oai-triton/triton-src/triton-solid-01.git/python/test/unit/language/test_warp_specialization.py":313:39)
#loc6 = loc("/home/scratch.egaburov_sw/oai-triton/triton-src/triton-solid-01.git/python/test/unit/language/test_warp_specialization.py":316:30)
#loc7 = loc("/home/scratch.egaburov_sw/oai-triton/triton-src/triton-solid-01.git/python/triton/language/standard.py":43:17)
#loc8 = loc("/home/scratch.egaburov_sw/oai-triton/triton-src/triton-solid-01.git/python/test/unit/language/test_warp_specialization.py":317:27)
#loc9 = loc("/home/scratch.egaburov_sw/oai-triton/triton-src/triton-solid-01.git/python/triton/language/standard.py":43:30)
#loc10 = loc("/home/scratch.egaburov_sw/oai-triton/triton-src/triton-solid-01.git/python/test/unit/language/test_warp_specialization.py":318:27)
#loc11 = loc("/home/scratch.egaburov_sw/oai-triton/triton-src/triton-solid-01.git/python/test/unit/language/test_warp_specialization.py":319:25)
#loc12 = loc("/home/scratch.egaburov_sw/oai-triton/triton-src/triton-solid-01.git/python/test/unit/language/test_warp_specialization.py":320:28)
#loc13 = loc("/home/scratch.egaburov_sw/oai-triton/triton-src/triton-solid-01.git/python/test/unit/language/test_warp_specialization.py":191:38)
#loc14 = loc("/home/scratch.egaburov_sw/oai-triton/triton-src/triton-solid-01.git/python/test/unit/language/test_warp_specialization.py":324:67)
#loc15 = loc("/home/scratch.egaburov_sw/oai-triton/triton-src/triton-solid-01.git/python/test/unit/language/test_warp_specialization.py":329:24)
#loc16 = loc("/home/scratch.egaburov_sw/oai-triton/triton-src/triton-solid-01.git/python/test/unit/language/test_warp_specialization.py":192:26)
#loc17 = loc("/home/scratch.egaburov_sw/oai-triton/triton-src/triton-solid-01.git/python/test/unit/language/test_warp_specialization.py":193:29)
#loc18 = loc("/home/scratch.egaburov_sw/oai-triton/triton-src/triton-solid-01.git/python/test/unit/language/test_warp_specialization.py":194:35)
#loc19 = loc("/home/scratch.egaburov_sw/oai-triton/triton-src/triton-solid-01.git/python/test/unit/language/test_warp_specialization.py":194:48)
#loc20 = loc("/home/scratch.egaburov_sw/oai-triton/triton-src/triton-solid-01.git/python/test/unit/language/test_warp_specialization.py":195:37)
#loc21 = loc("/home/scratch.egaburov_sw/oai-triton/triton-src/triton-solid-01.git/python/test/unit/language/test_warp_specialization.py":195:27)
#loc22 = loc("/home/scratch.egaburov_sw/oai-triton/triton-src/triton-solid-01.git/python/test/unit/language/test_warp_specialization.py":196:23)
#loc23 = loc("/home/scratch.egaburov_sw/oai-triton/triton-src/triton-solid-01.git/python/test/unit/language/test_warp_specialization.py":196:44)
#loc24 = loc("/home/scratch.egaburov_sw/oai-triton/triton-src/triton-solid-01.git/python/test/unit/language/test_warp_specialization.py":326:25)
#loc25 = loc("/home/scratch.egaburov_sw/oai-triton/triton-src/triton-solid-01.git/python/test/unit/language/test_warp_specialization.py":327:25)
#loc26 = loc("/home/scratch.egaburov_sw/oai-triton/triton-src/triton-solid-01.git/python/test/unit/language/test_warp_specialization.py":336:39)
#loc27 = loc("/home/scratch.egaburov_sw/oai-triton/triton-src/triton-solid-01.git/python/test/unit/language/test_warp_specialization.py":333:41)
#loc28 = loc("/home/scratch.egaburov_sw/oai-triton/triton-src/triton-solid-01.git/python/test/unit/language/test_warp_specialization.py":330:25)
#loc29 = loc("/home/scratch.egaburov_sw/oai-triton/triton-src/triton-solid-01.git/python/test/unit/language/test_warp_specialization.py":331:28)
#loc30 = loc("/home/scratch.egaburov_sw/oai-triton/triton-src/triton-solid-01.git/python/test/unit/language/test_warp_specialization.py":332:28)
#loc31 = loc("/home/scratch.egaburov_sw/oai-triton/triton-src/triton-solid-01.git/python/test/unit/language/test_warp_specialization.py":333:36)
#loc32 = loc("/home/scratch.egaburov_sw/oai-triton/triton-src/triton-solid-01.git/python/test/unit/language/test_warp_specialization.py":335:27)
#loc33 = loc("/home/scratch.egaburov_sw/oai-triton/triton-src/triton-solid-01.git/python/test/unit/language/test_warp_specialization.py":322:4)
#loc43 = loc("a_desc"(#loc3))
#loc44 = loc("b_desc"(#loc4))
#loc45 = loc("c_desc"(#loc5))
#loc46 = loc("start_pid"(#loc6))
#loc47 = loc("num_pid_m"(#loc8))
#loc48 = loc("num_pid_n"(#loc10))
#loc49 = loc("k_tiles"(#loc11))
#loc50 = loc("num_tiles"(#loc12))
#loc51 = loc("num_pid_in_group"(#loc13))
#loc52 = loc("accumulator"(#loc15))
#loc53 = loc("group_id"(#loc16))
#loc54 = loc("first_pid_m"(#loc17))
#loc55 = loc("group_size_m"(#loc18))
#loc56 = loc("group_size_m"(#loc19))
#loc57 = loc("pid_m"(#loc20))
#loc58 = loc("pid_m"(#loc21))
#loc59 = loc("pid_n"(#loc22))
#loc60 = loc("pid_n"(#loc23))
#loc61 = loc("off_am"(#loc24))
#loc62 = loc("off_bn"(#loc25))
#loc63 = loc("accumulator"(#loc27))
#loc64 = loc("off_k"(#loc28))
#loc65 = loc("a"(#loc29))
#loc66 = loc("b"(#loc30))
#loc67 = loc("accumulator"(#loc31))
#loc68 = loc("c"(#loc32))
#loc69 = loc(callsite(#loc7 at #loc47))
#loc70 = loc(callsite(#loc9 at #loc47))
#loc71 = loc(callsite(#loc7 at #loc48))
#loc72 = loc(callsite(#loc9 at #loc48))
#loc73 = loc(callsite(#loc7 at #loc49))
#loc74 = loc(callsite(#loc9 at #loc49))
#loc75 = loc(callsite(#loc51 at #loc14))
#loc76 = loc(callsite(#loc53 at #loc14))
#loc77 = loc(callsite(#loc54 at #loc14))
#loc78 = loc(callsite(#loc55 at #loc14))
#loc79 = loc(callsite(#loc56 at #loc14))
#loc80 = loc(callsite(#loc57 at #loc14))
#loc81 = loc(callsite(#loc58 at #loc14))
#loc82 = loc(callsite(#loc59 at #loc14))
#loc83 = loc(callsite(#loc60 at #loc14))


// -----// IR Dump Before TritonGPUScheduleLoops (tritongpu-schedule-loops) ('builtin.module' operation) //----- //
#blocked = #ttg.blocked<{sizePerThread = [1, 8], threadsPerWarp = [2, 16], warpsPerCTA = [8, 1], order = [1, 0]}>
#linear = #ttg.linear<{register = [[0, 1], [0, 2], [0, 4], [0, 8], [0, 16], [0, 32]], lane = [[1, 0], [2, 0], [4, 0], [8, 0], [16, 0]], warp = [[32, 0], [64, 0], [0, 64]], block = []}>
#loc = loc("/home/scratch.egaburov_sw/oai-triton/triton-src/triton-solid-01.git/python/test/unit/language/test_warp_specialization.py":294:0)
#shared = #ttg.nvmma_shared<{swizzlingByteWidth = 128, transposed = false, elementBitWidth = 16}>
#shared1 = #ttg.nvmma_shared<{swizzlingByteWidth = 128, transposed = true, elementBitWidth = 16}>
#smem = #ttg.shared_memory
#tmem = #ttng.tensor_memory_encoding<blockM = 128, blockN = 128, colStride = 1>
#loc34 = loc("a_ptr"(#loc))
#loc35 = loc("b_ptr"(#loc))
#loc36 = loc("c_ptr"(#loc))
#loc37 = loc("a_stride0"(#loc))
#loc38 = loc("b_stride0"(#loc))
#loc39 = loc("c_stride0"(#loc))
#loc40 = loc("M"(#loc))
#loc41 = loc("N"(#loc))
#loc42 = loc("K"(#loc))
module attributes {"ttg.cluster-dim-x" = 1 : i32, "ttg.cluster-dim-y" = 1 : i32, "ttg.cluster-dim-z" = 1 : i32, ttg.max_reg_auto_ws = 152 : i32, ttg.min_reg_auto_ws = 24 : i32, "ttg.num-ctas" = 1 : i32, "ttg.num-warps" = 8 : i32, ttg.target = "cuda:103", "ttg.threads-per-warp" = 32 : i32} {
  tt.func public @matmul_tma_persistent_ws_kernel(%a_ptr: !tt.ptr<f16> {tt.divisibility = 16 : i32} loc("a_ptr"(#loc)), %b_ptr: !tt.ptr<f16> {tt.divisibility = 16 : i32} loc("b_ptr"(#loc)), %c_ptr: !tt.ptr<f16> {tt.divisibility = 16 : i32} loc("c_ptr"(#loc)), %a_stride0: i32 {tt.divisibility = 16 : i32} loc("a_stride0"(#loc)), %b_stride0: i32 {tt.divisibility = 16 : i32} loc("b_stride0"(#loc)), %c_stride0: i32 {tt.divisibility = 16 : i32} loc("c_stride0"(#loc)), %M: i32 {tt.divisibility = 16 : i32} loc("M"(#loc)), %N: i32 {tt.divisibility = 16 : i32} loc("N"(#loc)), %K: i32 {tt.divisibility = 16 : i32} loc("K"(#loc))) attributes {noinline = false} {
    %false = arith.constant false loc(#loc1)
    %cst = arith.constant dense<0.000000e+00> : tensor<128x128xf16, #blocked> loc(#loc1)
    %true = arith.constant true loc(#loc1)
    %c1_i64 = arith.constant 1 : i64 loc(#loc1)
    %c128_i32 = arith.constant 128 : i32 loc(#loc1)
    %c150_i32 = arith.constant 150 : i32 loc(#loc2)
    %c0_i32 = arith.constant 0 : i32 loc(#loc1)
    %c1_i32 = arith.constant 1 : i32 loc(#loc1)
    %c127_i32 = arith.constant 127 : i32 loc(#loc1)
    %c8_i32 = arith.constant 8 : i32 loc(#loc1)
    %cst_0 = arith.constant dense<0.000000e+00> : tensor<128x128xf32, #linear> loc(#loc1)
    %a_desc = arith.extsi %a_stride0 : i32 to i64 loc(#loc43)
    %a_desc_1 = tt.make_tensor_descriptor %a_ptr, [%M, %K], [%a_desc, %c1_i64] : !tt.ptr<f16>, !tt.tensordesc<tensor<128x128xf16, #shared>> loc(#loc43)
    %b_desc = arith.extsi %b_stride0 : i32 to i64 loc(#loc44)
    %b_desc_2 = tt.make_tensor_descriptor %b_ptr, [%N, %K], [%b_desc, %c1_i64] : !tt.ptr<f16>, !tt.tensordesc<tensor<128x128xf16, #shared>> loc(#loc44)
    %c_desc = arith.extsi %c_stride0 : i32 to i64 loc(#loc45)
    %c_desc_3 = tt.make_tensor_descriptor %c_ptr, [%M, %N], [%c_desc, %c1_i64] : !tt.ptr<f16>, !tt.tensordesc<tensor<128x128xf16, #shared>> loc(#loc45)
    %start_pid = tt.get_program_id x : i32 loc(#loc46)
    %num_pid_m = arith.addi %M, %c127_i32 : i32 loc(#loc69)
    %num_pid_m_4 = arith.divsi %num_pid_m, %c128_i32 : i32 loc(#loc70)
    %num_pid_n = arith.addi %N, %c127_i32 : i32 loc(#loc71)
    %num_pid_n_5 = arith.divsi %num_pid_n, %c128_i32 : i32 loc(#loc72)
    %k_tiles = arith.addi %K, %c127_i32 : i32 loc(#loc73)
    %k_tiles_6 = arith.divsi %k_tiles, %c128_i32 : i32 loc(#loc74)
    %num_tiles = arith.muli %num_pid_m_4, %num_pid_n_5 : i32 loc(#loc50)
    %num_pid_in_group = arith.muli %num_pid_n_5, %c8_i32 : i32 loc(#loc75)
    %accumulator = arith.cmpi eq, %k_tiles_6, %c0_i32 : i32 loc(#loc52)
    scf.if %accumulator {
      scf.for %tile_id = %start_pid to %num_tiles step %c150_i32  : i32 {
        %group_id = arith.divsi %tile_id, %num_pid_in_group : i32 loc(#loc76)
        %first_pid_m = arith.muli %group_id, %c8_i32 : i32 loc(#loc77)
        %group_size_m = arith.subi %num_pid_m_4, %first_pid_m : i32 loc(#loc78)
        %group_size_m_7 = arith.minsi %group_size_m, %c8_i32 : i32 loc(#loc79)
        %pid_m = arith.remsi %tile_id, %group_size_m_7 : i32 loc(#loc80)
        %pid_m_8 = arith.addi %first_pid_m, %pid_m : i32 loc(#loc81)
        %pid_n = arith.remsi %tile_id, %num_pid_in_group : i32 loc(#loc82)
        %pid_n_9 = arith.divsi %pid_n, %group_size_m_7 : i32 loc(#loc83)
        %off_am = arith.muli %pid_m_8, %c128_i32 : i32 loc(#loc61)
        %off_bn = arith.muli %pid_n_9, %c128_i32 : i32 loc(#loc62)
        tt.descriptor_store %c_desc_3[%off_am, %off_bn], %cst : !tt.tensordesc<tensor<128x128xf16, #shared>>, tensor<128x128xf16, #blocked> loc(#loc26)
      } {tt.flatten, tt.num_stages = 2 : i32} loc(#loc2)
    } else {
      %0 = arith.subi %num_tiles, %start_pid : i32 loc(#loc2)
      %1 = arith.ceildivsi %0, %c150_i32 : i32 loc(#loc2)
      %2 = arith.maxsi %k_tiles_6, %c1_i32 : i32 loc(#loc2)
      %3 = arith.muli %1, %2 : i32 loc(#loc2)
      %4 = arith.subi %start_pid, %c150_i32 : i32 loc(#loc2)
      %5 = arith.subi %2, %c1_i32 : i32 loc(#loc2)
      %6 = arith.subi %2, %c1_i32 : i32 loc(#loc2)
      %accumulator_7, %accumulator_8 = ttng.tmem_alloc : () -> (!ttg.memdesc<128x128xf32, #tmem, #ttng.tensor_memory, mutable>, !ttg.async.token) loc(#loc63)
      %accumulator_9 = ttng.tmem_store %cst_0, %accumulator_7[%accumulator_8], %true : tensor<128x128xf32, #linear> -> !ttg.memdesc<128x128xf32, #tmem, #ttng.tensor_memory, mutable> loc(#loc63)
      %7:7 = scf.for %arg9 = %c0_i32 to %3 step %c1_i32 iter_args(%arg10 = %c0_i32, %arg11 = %4, %arg12 = %c0_i32, %arg13 = %c0_i32, %arg14 = %c0_i32, %arg15 = %false, %accumulator_10 = %accumulator_9) -> (i32, i32, i32, i32, i32, i1, !ttg.async.token)  : i32 {
        %8 = arith.cmpi eq, %arg10, %c0_i32 : i32 loc(#loc2)
        %9 = arith.select %8, %c0_i32, %arg12 : i32 loc(#loc2)
        %10:3 = scf.if %8 -> (i32, i32, i32) {
          %17 = arith.addi %arg11, %c150_i32 : i32 loc(#loc2)
          %group_id = arith.divsi %17, %num_pid_in_group : i32 loc(#loc76)
          %first_pid_m = arith.muli %group_id, %c8_i32 : i32 loc(#loc77)
          %group_size_m = arith.subi %num_pid_m_4, %first_pid_m : i32 loc(#loc78)
          %group_size_m_16 = arith.minsi %group_size_m, %c8_i32 : i32 loc(#loc79)
          %pid_m = arith.remsi %17, %group_size_m_16 : i32 loc(#loc80)
          %pid_m_17 = arith.addi %first_pid_m, %pid_m : i32 loc(#loc81)
          %pid_n = arith.remsi %17, %num_pid_in_group : i32 loc(#loc82)
          %pid_n_18 = arith.divsi %pid_n, %group_size_m_16 : i32 loc(#loc83)
          %off_am = arith.muli %pid_m_17, %c128_i32 : i32 loc(#loc61)
          %off_bn = arith.muli %pid_n_18, %c128_i32 : i32 loc(#loc62)
          scf.yield %off_am, %off_bn, %17 : i32, i32, i32 loc(#loc2)
        } else {
          scf.yield %arg13, %arg14, %arg11 : i32, i32, i32 loc(#loc2)
        } loc(#loc2)
        %off_k = arith.muli %9, %c128_i32 : i32 loc(#loc64)
        %a = tt.descriptor_load %a_desc_1[%10#0, %off_k] {tt.latency = 1 : i32} : !tt.tensordesc<tensor<128x128xf16, #shared>> -> tensor<128x128xf16, #blocked> loc(#loc65)
        %a_11 = ttg.local_alloc %a : (tensor<128x128xf16, #blocked>) -> !ttg.memdesc<128x128xf16, #shared, #smem> loc(#loc65)
        %b = tt.descriptor_load %b_desc_2[%10#1, %off_k] {tt.latency = 1 : i32} : !tt.tensordesc<tensor<128x128xf16, #shared>> -> tensor<128x128xf16, #blocked> loc(#loc66)
        %accumulator_12 = ttg.local_alloc %b : (tensor<128x128xf16, #blocked>) -> !ttg.memdesc<128x128xf16, #shared, #smem> loc(#loc67)
        %accumulator_13 = ttg.memdesc_trans %accumulator_12 {order = array<i32: 1, 0>} : !ttg.memdesc<128x128xf16, #shared, #smem> -> !ttg.memdesc<128x128xf16, #shared1, #smem> loc(#loc67)
        %accumulator_14 = ttng.tc_gen5_mma %a_11, %accumulator_13, %accumulator_7[%accumulator_10], %arg15, %true {tt.latency = 2 : i32, tt.self_latency = 1 : i32} : !ttg.memdesc<128x128xf16, #shared, #smem>, !ttg.memdesc<128x128xf16, #shared1, #smem>, !ttg.memdesc<128x128xf32, #tmem, #ttng.tensor_memory, mutable> loc(#loc63)
        %11 = arith.addi %9, %c1_i32 : i32 loc(#loc2)
        %12 = arith.cmpi eq, %arg10, %5 : i32 loc(#loc2)
        %accumulator_15 = arith.select %12, %false, %true : i1 loc(#loc63)
        %13 = scf.if %12 -> (!ttg.async.token) {
          %accumulator_16, %accumulator_17 = ttng.tmem_load %accumulator_7[%accumulator_14] : !ttg.memdesc<128x128xf32, #tmem, #ttng.tensor_memory, mutable> -> tensor<128x128xf32, #linear> loc(#loc63)
          %c = arith.truncf %accumulator_16 : tensor<128x128xf32, #linear> to tensor<128x128xf16, #linear> loc(#loc68)
          %17 = ttg.convert_layout %c : tensor<128x128xf16, #linear> -> tensor<128x128xf16, #blocked> loc(#loc26)
          tt.descriptor_store %c_desc_3[%10#0, %10#1], %17 : !tt.tensordesc<tensor<128x128xf16, #shared>>, tensor<128x128xf16, #blocked> loc(#loc26)
          scf.yield %accumulator_17 : !ttg.async.token loc(#loc2)
        } else {
          scf.yield %accumulator_14 : !ttg.async.token loc(#loc2)
        } loc(#loc2)
        %14 = arith.addi %arg10, %c1_i32 : i32 loc(#loc2)
        %15 = arith.cmpi eq, %arg10, %6 : i32 loc(#loc2)
        %16 = arith.select %15, %c0_i32, %14 : i32 loc(#loc2)
        scf.yield %16, %10#2, %11, %10#0, %10#1, %accumulator_15, %13 : i32, i32, i32, i32, i32, i1, !ttg.async.token loc(#loc2)
      } {tt.num_stages = 2 : i32, tt.warp_specialize} loc(#loc2)
    } loc(#loc52)
    tt.return loc(#loc33)
  } loc(#loc)
} loc(#loc)
#loc1 = loc(unknown)
#loc2 = loc("/home/scratch.egaburov_sw/oai-triton/triton-src/triton-solid-01.git/python/test/unit/language/test_warp_specialization.py":323:28)
#loc3 = loc("/home/scratch.egaburov_sw/oai-triton/triton-src/triton-solid-01.git/python/test/unit/language/test_warp_specialization.py":309:39)
#loc4 = loc("/home/scratch.egaburov_sw/oai-triton/triton-src/triton-solid-01.git/python/test/unit/language/test_warp_specialization.py":311:39)
#loc5 = loc("/home/scratch.egaburov_sw/oai-triton/triton-src/triton-solid-01.git/python/test/unit/language/test_warp_specialization.py":313:39)
#loc6 = loc("/home/scratch.egaburov_sw/oai-triton/triton-src/triton-solid-01.git/python/test/unit/language/test_warp_specialization.py":316:30)
#loc7 = loc("/home/scratch.egaburov_sw/oai-triton/triton-src/triton-solid-01.git/python/triton/language/standard.py":43:17)
#loc8 = loc("/home/scratch.egaburov_sw/oai-triton/triton-src/triton-solid-01.git/python/test/unit/language/test_warp_specialization.py":317:27)
#loc9 = loc("/home/scratch.egaburov_sw/oai-triton/triton-src/triton-solid-01.git/python/triton/language/standard.py":43:30)
#loc10 = loc("/home/scratch.egaburov_sw/oai-triton/triton-src/triton-solid-01.git/python/test/unit/language/test_warp_specialization.py":318:27)
#loc11 = loc("/home/scratch.egaburov_sw/oai-triton/triton-src/triton-solid-01.git/python/test/unit/language/test_warp_specialization.py":319:25)
#loc12 = loc("/home/scratch.egaburov_sw/oai-triton/triton-src/triton-solid-01.git/python/test/unit/language/test_warp_specialization.py":320:28)
#loc13 = loc("/home/scratch.egaburov_sw/oai-triton/triton-src/triton-solid-01.git/python/test/unit/language/test_warp_specialization.py":191:38)
#loc14 = loc("/home/scratch.egaburov_sw/oai-triton/triton-src/triton-solid-01.git/python/test/unit/language/test_warp_specialization.py":324:67)
#loc15 = loc("/home/scratch.egaburov_sw/oai-triton/triton-src/triton-solid-01.git/python/test/unit/language/test_warp_specialization.py":329:24)
#loc16 = loc("/home/scratch.egaburov_sw/oai-triton/triton-src/triton-solid-01.git/python/test/unit/language/test_warp_specialization.py":192:26)
#loc17 = loc("/home/scratch.egaburov_sw/oai-triton/triton-src/triton-solid-01.git/python/test/unit/language/test_warp_specialization.py":193:29)
#loc18 = loc("/home/scratch.egaburov_sw/oai-triton/triton-src/triton-solid-01.git/python/test/unit/language/test_warp_specialization.py":194:35)
#loc19 = loc("/home/scratch.egaburov_sw/oai-triton/triton-src/triton-solid-01.git/python/test/unit/language/test_warp_specialization.py":194:48)
#loc20 = loc("/home/scratch.egaburov_sw/oai-triton/triton-src/triton-solid-01.git/python/test/unit/language/test_warp_specialization.py":195:37)
#loc21 = loc("/home/scratch.egaburov_sw/oai-triton/triton-src/triton-solid-01.git/python/test/unit/language/test_warp_specialization.py":195:27)
#loc22 = loc("/home/scratch.egaburov_sw/oai-triton/triton-src/triton-solid-01.git/python/test/unit/language/test_warp_specialization.py":196:23)
#loc23 = loc("/home/scratch.egaburov_sw/oai-triton/triton-src/triton-solid-01.git/python/test/unit/language/test_warp_specialization.py":196:44)
#loc24 = loc("/home/scratch.egaburov_sw/oai-triton/triton-src/triton-solid-01.git/python/test/unit/language/test_warp_specialization.py":326:25)
#loc25 = loc("/home/scratch.egaburov_sw/oai-triton/triton-src/triton-solid-01.git/python/test/unit/language/test_warp_specialization.py":327:25)
#loc26 = loc("/home/scratch.egaburov_sw/oai-triton/triton-src/triton-solid-01.git/python/test/unit/language/test_warp_specialization.py":336:39)
#loc27 = loc("/home/scratch.egaburov_sw/oai-triton/triton-src/triton-solid-01.git/python/test/unit/language/test_warp_specialization.py":333:41)
#loc28 = loc("/home/scratch.egaburov_sw/oai-triton/triton-src/triton-solid-01.git/python/test/unit/language/test_warp_specialization.py":330:25)
#loc29 = loc("/home/scratch.egaburov_sw/oai-triton/triton-src/triton-solid-01.git/python/test/unit/language/test_warp_specialization.py":331:28)
#loc30 = loc("/home/scratch.egaburov_sw/oai-triton/triton-src/triton-solid-01.git/python/test/unit/language/test_warp_specialization.py":332:28)
#loc31 = loc("/home/scratch.egaburov_sw/oai-triton/triton-src/triton-solid-01.git/python/test/unit/language/test_warp_specialization.py":333:36)
#loc32 = loc("/home/scratch.egaburov_sw/oai-triton/triton-src/triton-solid-01.git/python/test/unit/language/test_warp_specialization.py":335:27)
#loc33 = loc("/home/scratch.egaburov_sw/oai-triton/triton-src/triton-solid-01.git/python/test/unit/language/test_warp_specialization.py":322:4)
#loc43 = loc("a_desc"(#loc3))
#loc44 = loc("b_desc"(#loc4))
#loc45 = loc("c_desc"(#loc5))
#loc46 = loc("start_pid"(#loc6))
#loc47 = loc("num_pid_m"(#loc8))
#loc48 = loc("num_pid_n"(#loc10))
#loc49 = loc("k_tiles"(#loc11))
#loc50 = loc("num_tiles"(#loc12))
#loc51 = loc("num_pid_in_group"(#loc13))
#loc52 = loc("accumulator"(#loc15))
#loc53 = loc("group_id"(#loc16))
#loc54 = loc("first_pid_m"(#loc17))
#loc55 = loc("group_size_m"(#loc18))
#loc56 = loc("group_size_m"(#loc19))
#loc57 = loc("pid_m"(#loc20))
#loc58 = loc("pid_m"(#loc21))
#loc59 = loc("pid_n"(#loc22))
#loc60 = loc("pid_n"(#loc23))
#loc61 = loc("off_am"(#loc24))
#loc62 = loc("off_bn"(#loc25))
#loc63 = loc("accumulator"(#loc27))
#loc64 = loc("off_k"(#loc28))
#loc65 = loc("a"(#loc29))
#loc66 = loc("b"(#loc30))
#loc67 = loc("accumulator"(#loc31))
#loc68 = loc("c"(#loc32))
#loc69 = loc(callsite(#loc7 at #loc47))
#loc70 = loc(callsite(#loc9 at #loc47))
#loc71 = loc(callsite(#loc7 at #loc48))
#loc72 = loc(callsite(#loc9 at #loc48))
#loc73 = loc(callsite(#loc7 at #loc49))
#loc74 = loc(callsite(#loc9 at #loc49))
#loc75 = loc(callsite(#loc51 at #loc14))
#loc76 = loc(callsite(#loc53 at #loc14))
#loc77 = loc(callsite(#loc54 at #loc14))
#loc78 = loc(callsite(#loc55 at #loc14))
#loc79 = loc(callsite(#loc56 at #loc14))
#loc80 = loc(callsite(#loc57 at #loc14))
#loc81 = loc(callsite(#loc58 at #loc14))
#loc82 = loc(callsite(#loc59 at #loc14))
#loc83 = loc(callsite(#loc60 at #loc14))


// -----// IR Dump Before TritonGPUAutomaticWarpSpecialization (tritongpu-automatic-warp-specialization) ('builtin.module' operation) //----- //
#blocked = #ttg.blocked<{sizePerThread = [1, 8], threadsPerWarp = [2, 16], warpsPerCTA = [8, 1], order = [1, 0]}>
#linear = #ttg.linear<{register = [[0, 1], [0, 2], [0, 4], [0, 8], [0, 16], [0, 32]], lane = [[1, 0], [2, 0], [4, 0], [8, 0], [16, 0]], warp = [[32, 0], [64, 0], [0, 64]], block = []}>
#loc = loc("/home/scratch.egaburov_sw/oai-triton/triton-src/triton-solid-01.git/python/test/unit/language/test_warp_specialization.py":294:0)
#shared = #ttg.nvmma_shared<{swizzlingByteWidth = 128, transposed = false, elementBitWidth = 16}>
#shared1 = #ttg.nvmma_shared<{swizzlingByteWidth = 128, transposed = true, elementBitWidth = 16}>
#smem = #ttg.shared_memory
#tmem = #ttng.tensor_memory_encoding<blockM = 128, blockN = 128, colStride = 1>
#loc34 = loc("a_ptr"(#loc))
#loc35 = loc("b_ptr"(#loc))
#loc36 = loc("c_ptr"(#loc))
#loc37 = loc("a_stride0"(#loc))
#loc38 = loc("b_stride0"(#loc))
#loc39 = loc("c_stride0"(#loc))
#loc40 = loc("M"(#loc))
#loc41 = loc("N"(#loc))
#loc42 = loc("K"(#loc))
module attributes {"ttg.cluster-dim-x" = 1 : i32, "ttg.cluster-dim-y" = 1 : i32, "ttg.cluster-dim-z" = 1 : i32, ttg.max_reg_auto_ws = 152 : i32, ttg.min_reg_auto_ws = 24 : i32, "ttg.num-ctas" = 1 : i32, "ttg.num-warps" = 8 : i32, ttg.target = "cuda:103", "ttg.threads-per-warp" = 32 : i32} {
  tt.func public @matmul_tma_persistent_ws_kernel(%a_ptr: !tt.ptr<f16> {tt.divisibility = 16 : i32} loc("a_ptr"(#loc)), %b_ptr: !tt.ptr<f16> {tt.divisibility = 16 : i32} loc("b_ptr"(#loc)), %c_ptr: !tt.ptr<f16> {tt.divisibility = 16 : i32} loc("c_ptr"(#loc)), %a_stride0: i32 {tt.divisibility = 16 : i32} loc("a_stride0"(#loc)), %b_stride0: i32 {tt.divisibility = 16 : i32} loc("b_stride0"(#loc)), %c_stride0: i32 {tt.divisibility = 16 : i32} loc("c_stride0"(#loc)), %M: i32 {tt.divisibility = 16 : i32} loc("M"(#loc)), %N: i32 {tt.divisibility = 16 : i32} loc("N"(#loc)), %K: i32 {tt.divisibility = 16 : i32} loc("K"(#loc))) attributes {noinline = false} {
    %false = arith.constant false loc(#loc1)
    %cst = arith.constant dense<0.000000e+00> : tensor<128x128xf16, #blocked> loc(#loc1)
    %true = arith.constant true loc(#loc1)
    %c1_i64 = arith.constant 1 : i64 loc(#loc1)
    %c128_i32 = arith.constant 128 : i32 loc(#loc1)
    %c150_i32 = arith.constant 150 : i32 loc(#loc2)
    %c0_i32 = arith.constant 0 : i32 loc(#loc1)
    %c1_i32 = arith.constant 1 : i32 loc(#loc1)
    %c127_i32 = arith.constant 127 : i32 loc(#loc1)
    %c8_i32 = arith.constant 8 : i32 loc(#loc1)
    %cst_0 = arith.constant dense<0.000000e+00> : tensor<128x128xf32, #linear> loc(#loc1)
    %a_desc = arith.extsi %a_stride0 : i32 to i64 loc(#loc43)
    %a_desc_1 = tt.make_tensor_descriptor %a_ptr, [%M, %K], [%a_desc, %c1_i64] : !tt.ptr<f16>, !tt.tensordesc<tensor<128x128xf16, #shared>> loc(#loc43)
    %b_desc = arith.extsi %b_stride0 : i32 to i64 loc(#loc44)
    %b_desc_2 = tt.make_tensor_descriptor %b_ptr, [%N, %K], [%b_desc, %c1_i64] : !tt.ptr<f16>, !tt.tensordesc<tensor<128x128xf16, #shared>> loc(#loc44)
    %c_desc = arith.extsi %c_stride0 : i32 to i64 loc(#loc45)
    %c_desc_3 = tt.make_tensor_descriptor %c_ptr, [%M, %N], [%c_desc, %c1_i64] : !tt.ptr<f16>, !tt.tensordesc<tensor<128x128xf16, #shared>> loc(#loc45)
    %start_pid = tt.get_program_id x : i32 loc(#loc46)
    %num_pid_m = arith.addi %M, %c127_i32 : i32 loc(#loc69)
    %num_pid_m_4 = arith.divsi %num_pid_m, %c128_i32 : i32 loc(#loc70)
    %num_pid_n = arith.addi %N, %c127_i32 : i32 loc(#loc71)
    %num_pid_n_5 = arith.divsi %num_pid_n, %c128_i32 : i32 loc(#loc72)
    %k_tiles = arith.addi %K, %c127_i32 : i32 loc(#loc73)
    %k_tiles_6 = arith.divsi %k_tiles, %c128_i32 : i32 loc(#loc74)
    %num_tiles = arith.muli %num_pid_m_4, %num_pid_n_5 : i32 loc(#loc50)
    %num_pid_in_group = arith.muli %num_pid_n_5, %c8_i32 : i32 loc(#loc75)
    %accumulator = arith.cmpi eq, %k_tiles_6, %c0_i32 : i32 loc(#loc52)
    scf.if %accumulator {
      scf.for %tile_id = %start_pid to %num_tiles step %c150_i32  : i32 {
        %group_id = arith.divsi %tile_id, %num_pid_in_group : i32 loc(#loc76)
        %first_pid_m = arith.muli %group_id, %c8_i32 : i32 loc(#loc77)
        %group_size_m = arith.subi %num_pid_m_4, %first_pid_m : i32 loc(#loc78)
        %group_size_m_7 = arith.minsi %group_size_m, %c8_i32 : i32 loc(#loc79)
        %pid_m = arith.remsi %tile_id, %group_size_m_7 : i32 loc(#loc80)
        %pid_m_8 = arith.addi %first_pid_m, %pid_m : i32 loc(#loc81)
        %pid_n = arith.remsi %tile_id, %num_pid_in_group : i32 loc(#loc82)
        %pid_n_9 = arith.divsi %pid_n, %group_size_m_7 : i32 loc(#loc83)
        %off_am = arith.muli %pid_m_8, %c128_i32 : i32 loc(#loc61)
        %off_bn = arith.muli %pid_n_9, %c128_i32 : i32 loc(#loc62)
        tt.descriptor_store %c_desc_3[%off_am, %off_bn], %cst : !tt.tensordesc<tensor<128x128xf16, #shared>>, tensor<128x128xf16, #blocked> loc(#loc26)
      } {tt.flatten, tt.num_stages = 2 : i32} loc(#loc2)
    } else {
      %0 = arith.subi %num_tiles, %start_pid : i32 loc(#loc2)
      %1 = arith.ceildivsi %0, %c150_i32 : i32 loc(#loc2)
      %2 = arith.maxsi %k_tiles_6, %c1_i32 : i32 loc(#loc2)
      %3 = arith.muli %1, %2 : i32 loc(#loc2)
      %4 = arith.subi %start_pid, %c150_i32 : i32 loc(#loc2)
      %5 = arith.subi %2, %c1_i32 : i32 loc(#loc2)
      %6 = arith.subi %2, %c1_i32 : i32 loc(#loc2)
      %accumulator_7, %accumulator_8 = ttng.tmem_alloc : () -> (!ttg.memdesc<128x128xf32, #tmem, #ttng.tensor_memory, mutable>, !ttg.async.token) loc(#loc63)
      %accumulator_9 = ttng.tmem_store %cst_0, %accumulator_7[%accumulator_8], %true : tensor<128x128xf32, #linear> -> !ttg.memdesc<128x128xf32, #tmem, #ttng.tensor_memory, mutable> loc(#loc63)
      %7:7 = scf.for %arg9 = %c0_i32 to %3 step %c1_i32 iter_args(%arg10 = %c0_i32, %arg11 = %4, %arg12 = %c0_i32, %arg13 = %c0_i32, %arg14 = %c0_i32, %arg15 = %false, %accumulator_10 = %accumulator_9) -> (i32, i32, i32, i32, i32, i1, !ttg.async.token)  : i32 {
        %8 = arith.cmpi eq, %arg10, %c0_i32 {loop.cluster = 1 : i32, loop.stage = 0 : i32} : i32 loc(#loc2)
        %9 = arith.select %8, %c0_i32, %arg12 {loop.cluster = 7 : i32, loop.stage = 0 : i32} : i32 loc(#loc2)
        %10:3 = scf.if %8 -> (i32, i32, i32) {
          %17 = arith.addi %arg11, %c150_i32 : i32 loc(#loc2)
          %group_id = arith.divsi %17, %num_pid_in_group : i32 loc(#loc76)
          %first_pid_m = arith.muli %group_id, %c8_i32 : i32 loc(#loc77)
          %group_size_m = arith.subi %num_pid_m_4, %first_pid_m : i32 loc(#loc78)
          %group_size_m_16 = arith.minsi %group_size_m, %c8_i32 : i32 loc(#loc79)
          %pid_m = arith.remsi %17, %group_size_m_16 : i32 loc(#loc80)
          %pid_m_17 = arith.addi %first_pid_m, %pid_m : i32 loc(#loc81)
          %pid_n = arith.remsi %17, %num_pid_in_group : i32 loc(#loc82)
          %pid_n_18 = arith.divsi %pid_n, %group_size_m_16 : i32 loc(#loc83)
          %off_am = arith.muli %pid_m_17, %c128_i32 : i32 loc(#loc61)
          %off_bn = arith.muli %pid_n_18, %c128_i32 : i32 loc(#loc62)
          scf.yield %off_am, %off_bn, %17 : i32, i32, i32 loc(#loc2)
        } else {
          scf.yield %arg13, %arg14, %arg11 : i32, i32, i32 loc(#loc2)
        } {loop.cluster = 1 : i32, loop.stage = 0 : i32} loc(#loc2)
        %off_k = arith.muli %9, %c128_i32 {loop.cluster = 7 : i32, loop.stage = 0 : i32} : i32 loc(#loc64)
        %a = tt.descriptor_load %a_desc_1[%10#0, %off_k] {loop.cluster = 7 : i32, loop.stage = 0 : i32} : !tt.tensordesc<tensor<128x128xf16, #shared>> -> tensor<128x128xf16, #blocked> loc(#loc65)
        %a_11 = ttg.local_alloc %a {loop.cluster = 5 : i32, loop.stage = 1 : i32} : (tensor<128x128xf16, #blocked>) -> !ttg.memdesc<128x128xf16, #shared, #smem> loc(#loc65)
        %b = tt.descriptor_load %b_desc_2[%10#1, %off_k] {loop.cluster = 7 : i32, loop.stage = 0 : i32} : !tt.tensordesc<tensor<128x128xf16, #shared>> -> tensor<128x128xf16, #blocked> loc(#loc66)
        %accumulator_12 = ttg.local_alloc %b {loop.cluster = 5 : i32, loop.stage = 1 : i32} : (tensor<128x128xf16, #blocked>) -> !ttg.memdesc<128x128xf16, #shared, #smem> loc(#loc67)
        %accumulator_13 = ttg.memdesc_trans %accumulator_12 {loop.cluster = 5 : i32, loop.stage = 1 : i32, order = array<i32: 1, 0>} : !ttg.memdesc<128x128xf16, #shared, #smem> -> !ttg.memdesc<128x128xf16, #shared1, #smem> loc(#loc67)
        %accumulator_14 = ttng.tc_gen5_mma %a_11, %accumulator_13, %accumulator_7[%accumulator_10], %arg15, %true {loop.cluster = 5 : i32, loop.stage = 1 : i32, tt.self_latency = 1 : i32} : !ttg.memdesc<128x128xf16, #shared, #smem>, !ttg.memdesc<128x128xf16, #shared1, #smem>, !ttg.memdesc<128x128xf32, #tmem, #ttng.tensor_memory, mutable> loc(#loc63)
        %11 = arith.addi %9, %c1_i32 {loop.cluster = 6 : i32, loop.stage = 1 : i32} : i32 loc(#loc2)
        %12 = arith.cmpi eq, %arg10, %5 {loop.cluster = 4 : i32, loop.stage = 2 : i32} : i32 loc(#loc2)
        %accumulator_15 = arith.select %12, %false, %true {loop.cluster = 4 : i32, loop.stage = 2 : i32} : i1 loc(#loc63)
        %13 = scf.if %12 -> (!ttg.async.token) {
          %accumulator_16, %accumulator_17 = ttng.tmem_load %accumulator_7[%accumulator_14] : !ttg.memdesc<128x128xf32, #tmem, #ttng.tensor_memory, mutable> -> tensor<128x128xf32, #linear> loc(#loc63)
          %c = arith.truncf %accumulator_16 : tensor<128x128xf32, #linear> to tensor<128x128xf16, #linear> loc(#loc68)
          %17 = ttg.convert_layout %c : tensor<128x128xf16, #linear> -> tensor<128x128xf16, #blocked> loc(#loc26)
          tt.descriptor_store %c_desc_3[%10#0, %10#1], %17 : !tt.tensordesc<tensor<128x128xf16, #shared>>, tensor<128x128xf16, #blocked> loc(#loc26)
          scf.yield %accumulator_17 : !ttg.async.token loc(#loc2)
        } else {
          scf.yield %accumulator_14 : !ttg.async.token loc(#loc2)
        } {loop.cluster = 8 : i32, loop.stage = 3 : i32} loc(#loc2)
        %14 = arith.addi %arg10, %c1_i32 {loop.cluster = 0 : i32, loop.stage = 1 : i32} : i32 loc(#loc2)
        %15 = arith.cmpi eq, %arg10, %6 {loop.cluster = 0 : i32, loop.stage = 1 : i32} : i32 loc(#loc2)
        %16 = arith.select %15, %c0_i32, %14 {loop.cluster = 0 : i32, loop.stage = 1 : i32} : i32 loc(#loc2)
        scf.yield %16, %10#2, %11, %10#0, %10#1, %accumulator_15, %13 : i32, i32, i32, i32, i32, i1, !ttg.async.token loc(#loc2)
      } {tt.num_stages = 2 : i32, tt.scheduled_max_stage = 3 : i32, tt.warp_specialize} loc(#loc2)
    } loc(#loc52)
    tt.return loc(#loc33)
  } loc(#loc)
} loc(#loc)
#loc1 = loc(unknown)
#loc2 = loc("/home/scratch.egaburov_sw/oai-triton/triton-src/triton-solid-01.git/python/test/unit/language/test_warp_specialization.py":323:28)
#loc3 = loc("/home/scratch.egaburov_sw/oai-triton/triton-src/triton-solid-01.git/python/test/unit/language/test_warp_specialization.py":309:39)
#loc4 = loc("/home/scratch.egaburov_sw/oai-triton/triton-src/triton-solid-01.git/python/test/unit/language/test_warp_specialization.py":311:39)
#loc5 = loc("/home/scratch.egaburov_sw/oai-triton/triton-src/triton-solid-01.git/python/test/unit/language/test_warp_specialization.py":313:39)
#loc6 = loc("/home/scratch.egaburov_sw/oai-triton/triton-src/triton-solid-01.git/python/test/unit/language/test_warp_specialization.py":316:30)
#loc7 = loc("/home/scratch.egaburov_sw/oai-triton/triton-src/triton-solid-01.git/python/triton/language/standard.py":43:17)
#loc8 = loc("/home/scratch.egaburov_sw/oai-triton/triton-src/triton-solid-01.git/python/test/unit/language/test_warp_specialization.py":317:27)
#loc9 = loc("/home/scratch.egaburov_sw/oai-triton/triton-src/triton-solid-01.git/python/triton/language/standard.py":43:30)
#loc10 = loc("/home/scratch.egaburov_sw/oai-triton/triton-src/triton-solid-01.git/python/test/unit/language/test_warp_specialization.py":318:27)
#loc11 = loc("/home/scratch.egaburov_sw/oai-triton/triton-src/triton-solid-01.git/python/test/unit/language/test_warp_specialization.py":319:25)
#loc12 = loc("/home/scratch.egaburov_sw/oai-triton/triton-src/triton-solid-01.git/python/test/unit/language/test_warp_specialization.py":320:28)
#loc13 = loc("/home/scratch.egaburov_sw/oai-triton/triton-src/triton-solid-01.git/python/test/unit/language/test_warp_specialization.py":191:38)
#loc14 = loc("/home/scratch.egaburov_sw/oai-triton/triton-src/triton-solid-01.git/python/test/unit/language/test_warp_specialization.py":324:67)
#loc15 = loc("/home/scratch.egaburov_sw/oai-triton/triton-src/triton-solid-01.git/python/test/unit/language/test_warp_specialization.py":329:24)
#loc16 = loc("/home/scratch.egaburov_sw/oai-triton/triton-src/triton-solid-01.git/python/test/unit/language/test_warp_specialization.py":192:26)
#loc17 = loc("/home/scratch.egaburov_sw/oai-triton/triton-src/triton-solid-01.git/python/test/unit/language/test_warp_specialization.py":193:29)
#loc18 = loc("/home/scratch.egaburov_sw/oai-triton/triton-src/triton-solid-01.git/python/test/unit/language/test_warp_specialization.py":194:35)
#loc19 = loc("/home/scratch.egaburov_sw/oai-triton/triton-src/triton-solid-01.git/python/test/unit/language/test_warp_specialization.py":194:48)
#loc20 = loc("/home/scratch.egaburov_sw/oai-triton/triton-src/triton-solid-01.git/python/test/unit/language/test_warp_specialization.py":195:37)
#loc21 = loc("/home/scratch.egaburov_sw/oai-triton/triton-src/triton-solid-01.git/python/test/unit/language/test_warp_specialization.py":195:27)
#loc22 = loc("/home/scratch.egaburov_sw/oai-triton/triton-src/triton-solid-01.git/python/test/unit/language/test_warp_specialization.py":196:23)
#loc23 = loc("/home/scratch.egaburov_sw/oai-triton/triton-src/triton-solid-01.git/python/test/unit/language/test_warp_specialization.py":196:44)
#loc24 = loc("/home/scratch.egaburov_sw/oai-triton/triton-src/triton-solid-01.git/python/test/unit/language/test_warp_specialization.py":326:25)
#loc25 = loc("/home/scratch.egaburov_sw/oai-triton/triton-src/triton-solid-01.git/python/test/unit/language/test_warp_specialization.py":327:25)
#loc26 = loc("/home/scratch.egaburov_sw/oai-triton/triton-src/triton-solid-01.git/python/test/unit/language/test_warp_specialization.py":336:39)
#loc27 = loc("/home/scratch.egaburov_sw/oai-triton/triton-src/triton-solid-01.git/python/test/unit/language/test_warp_specialization.py":333:41)
#loc28 = loc("/home/scratch.egaburov_sw/oai-triton/triton-src/triton-solid-01.git/python/test/unit/language/test_warp_specialization.py":330:25)
#loc29 = loc("/home/scratch.egaburov_sw/oai-triton/triton-src/triton-solid-01.git/python/test/unit/language/test_warp_specialization.py":331:28)
#loc30 = loc("/home/scratch.egaburov_sw/oai-triton/triton-src/triton-solid-01.git/python/test/unit/language/test_warp_specialization.py":332:28)
#loc31 = loc("/home/scratch.egaburov_sw/oai-triton/triton-src/triton-solid-01.git/python/test/unit/language/test_warp_specialization.py":333:36)
#loc32 = loc("/home/scratch.egaburov_sw/oai-triton/triton-src/triton-solid-01.git/python/test/unit/language/test_warp_specialization.py":335:27)
#loc33 = loc("/home/scratch.egaburov_sw/oai-triton/triton-src/triton-solid-01.git/python/test/unit/language/test_warp_specialization.py":322:4)
#loc43 = loc("a_desc"(#loc3))
#loc44 = loc("b_desc"(#loc4))
#loc45 = loc("c_desc"(#loc5))
#loc46 = loc("start_pid"(#loc6))
#loc47 = loc("num_pid_m"(#loc8))
#loc48 = loc("num_pid_n"(#loc10))
#loc49 = loc("k_tiles"(#loc11))
#loc50 = loc("num_tiles"(#loc12))
#loc51 = loc("num_pid_in_group"(#loc13))
#loc52 = loc("accumulator"(#loc15))
#loc53 = loc("group_id"(#loc16))
#loc54 = loc("first_pid_m"(#loc17))
#loc55 = loc("group_size_m"(#loc18))
#loc56 = loc("group_size_m"(#loc19))
#loc57 = loc("pid_m"(#loc20))
#loc58 = loc("pid_m"(#loc21))
#loc59 = loc("pid_n"(#loc22))
#loc60 = loc("pid_n"(#loc23))
#loc61 = loc("off_am"(#loc24))
#loc62 = loc("off_bn"(#loc25))
#loc63 = loc("accumulator"(#loc27))
#loc64 = loc("off_k"(#loc28))
#loc65 = loc("a"(#loc29))
#loc66 = loc("b"(#loc30))
#loc67 = loc("accumulator"(#loc31))
#loc68 = loc("c"(#loc32))
#loc69 = loc(callsite(#loc7 at #loc47))
#loc70 = loc(callsite(#loc9 at #loc47))
#loc71 = loc(callsite(#loc7 at #loc48))
#loc72 = loc(callsite(#loc9 at #loc48))
#loc73 = loc(callsite(#loc7 at #loc49))
#loc74 = loc(callsite(#loc9 at #loc49))
#loc75 = loc(callsite(#loc51 at #loc14))
#loc76 = loc(callsite(#loc53 at #loc14))
#loc77 = loc(callsite(#loc54 at #loc14))
#loc78 = loc(callsite(#loc55 at #loc14))
#loc79 = loc(callsite(#loc56 at #loc14))
#loc80 = loc(callsite(#loc57 at #loc14))
#loc81 = loc(callsite(#loc58 at #loc14))
#loc82 = loc(callsite(#loc59 at #loc14))
#loc83 = loc(callsite(#loc60 at #loc14))


// -----// IR Dump Before TritonGPUPartitionScheduling (tritongpu-partition-scheduling) ('builtin.module' operation) //----- //
#blocked = #ttg.blocked<{sizePerThread = [1, 8], threadsPerWarp = [2, 16], warpsPerCTA = [8, 1], order = [1, 0]}>
#linear = #ttg.linear<{register = [[0, 1], [0, 2], [0, 4], [0, 8], [0, 16], [0, 32]], lane = [[1, 0], [2, 0], [4, 0], [8, 0], [16, 0]], warp = [[32, 0], [64, 0], [0, 64]], block = []}>
#loc = loc("/home/scratch.egaburov_sw/oai-triton/triton-src/triton-solid-01.git/python/test/unit/language/test_warp_specialization.py":294:0)
#shared = #ttg.nvmma_shared<{swizzlingByteWidth = 128, transposed = false, elementBitWidth = 16}>
#shared1 = #ttg.nvmma_shared<{swizzlingByteWidth = 128, transposed = true, elementBitWidth = 16}>
#smem = #ttg.shared_memory
#tmem = #ttng.tensor_memory_encoding<blockM = 128, blockN = 128, colStride = 1>
#loc34 = loc("a_ptr"(#loc))
#loc35 = loc("b_ptr"(#loc))
#loc36 = loc("c_ptr"(#loc))
#loc37 = loc("a_stride0"(#loc))
#loc38 = loc("b_stride0"(#loc))
#loc39 = loc("c_stride0"(#loc))
#loc40 = loc("M"(#loc))
#loc41 = loc("N"(#loc))
#loc42 = loc("K"(#loc))
module attributes {"ttg.cluster-dim-x" = 1 : i32, "ttg.cluster-dim-y" = 1 : i32, "ttg.cluster-dim-z" = 1 : i32, ttg.max_reg_auto_ws = 152 : i32, ttg.min_reg_auto_ws = 24 : i32, "ttg.num-ctas" = 1 : i32, "ttg.num-warps" = 8 : i32, ttg.target = "cuda:103", "ttg.threads-per-warp" = 32 : i32} {
  tt.func public @matmul_tma_persistent_ws_kernel(%a_ptr: !tt.ptr<f16> {tt.divisibility = 16 : i32} loc("a_ptr"(#loc)), %b_ptr: !tt.ptr<f16> {tt.divisibility = 16 : i32} loc("b_ptr"(#loc)), %c_ptr: !tt.ptr<f16> {tt.divisibility = 16 : i32} loc("c_ptr"(#loc)), %a_stride0: i32 {tt.divisibility = 16 : i32} loc("a_stride0"(#loc)), %b_stride0: i32 {tt.divisibility = 16 : i32} loc("b_stride0"(#loc)), %c_stride0: i32 {tt.divisibility = 16 : i32} loc("c_stride0"(#loc)), %M: i32 {tt.divisibility = 16 : i32} loc("M"(#loc)), %N: i32 {tt.divisibility = 16 : i32} loc("N"(#loc)), %K: i32 {tt.divisibility = 16 : i32} loc("K"(#loc))) attributes {noinline = false} {
    %false = arith.constant false loc(#loc1)
    %cst = arith.constant dense<0.000000e+00> : tensor<128x128xf16, #blocked> loc(#loc1)
    %true = arith.constant true loc(#loc1)
    %c1_i64 = arith.constant 1 : i64 loc(#loc1)
    %c128_i32 = arith.constant 128 : i32 loc(#loc1)
    %c150_i32 = arith.constant 150 : i32 loc(#loc2)
    %c0_i32 = arith.constant 0 : i32 loc(#loc1)
    %c1_i32 = arith.constant 1 : i32 loc(#loc1)
    %c127_i32 = arith.constant 127 : i32 loc(#loc1)
    %c8_i32 = arith.constant 8 : i32 loc(#loc1)
    %cst_0 = arith.constant dense<0.000000e+00> : tensor<128x128xf32, #linear> loc(#loc1)
    %a_desc = arith.extsi %a_stride0 : i32 to i64 loc(#loc43)
    %a_desc_1 = tt.make_tensor_descriptor %a_ptr, [%M, %K], [%a_desc, %c1_i64] : !tt.ptr<f16>, !tt.tensordesc<tensor<128x128xf16, #shared>> loc(#loc43)
    %b_desc = arith.extsi %b_stride0 : i32 to i64 loc(#loc44)
    %b_desc_2 = tt.make_tensor_descriptor %b_ptr, [%N, %K], [%b_desc, %c1_i64] : !tt.ptr<f16>, !tt.tensordesc<tensor<128x128xf16, #shared>> loc(#loc44)
    %c_desc = arith.extsi %c_stride0 : i32 to i64 loc(#loc45)
    %c_desc_3 = tt.make_tensor_descriptor %c_ptr, [%M, %N], [%c_desc, %c1_i64] : !tt.ptr<f16>, !tt.tensordesc<tensor<128x128xf16, #shared>> loc(#loc45)
    %start_pid = tt.get_program_id x : i32 loc(#loc46)
    %num_pid_m = arith.addi %M, %c127_i32 : i32 loc(#loc69)
    %num_pid_m_4 = arith.divsi %num_pid_m, %c128_i32 : i32 loc(#loc70)
    %num_pid_n = arith.addi %N, %c127_i32 : i32 loc(#loc71)
    %num_pid_n_5 = arith.divsi %num_pid_n, %c128_i32 : i32 loc(#loc72)
    %k_tiles = arith.addi %K, %c127_i32 : i32 loc(#loc73)
    %k_tiles_6 = arith.divsi %k_tiles, %c128_i32 : i32 loc(#loc74)
    %num_tiles = arith.muli %num_pid_m_4, %num_pid_n_5 : i32 loc(#loc50)
    %num_pid_in_group = arith.muli %num_pid_n_5, %c8_i32 : i32 loc(#loc75)
    %accumulator = arith.cmpi eq, %k_tiles_6, %c0_i32 : i32 loc(#loc52)
    scf.if %accumulator {
      scf.for %tile_id = %start_pid to %num_tiles step %c150_i32  : i32 {
        %group_id = arith.divsi %tile_id, %num_pid_in_group : i32 loc(#loc76)
        %first_pid_m = arith.muli %group_id, %c8_i32 : i32 loc(#loc77)
        %group_size_m = arith.subi %num_pid_m_4, %first_pid_m : i32 loc(#loc78)
        %group_size_m_7 = arith.minsi %group_size_m, %c8_i32 : i32 loc(#loc79)
        %pid_m = arith.remsi %tile_id, %group_size_m_7 : i32 loc(#loc80)
        %pid_m_8 = arith.addi %first_pid_m, %pid_m : i32 loc(#loc81)
        %pid_n = arith.remsi %tile_id, %num_pid_in_group : i32 loc(#loc82)
        %pid_n_9 = arith.divsi %pid_n, %group_size_m_7 : i32 loc(#loc83)
        %off_am = arith.muli %pid_m_8, %c128_i32 : i32 loc(#loc61)
        %off_bn = arith.muli %pid_n_9, %c128_i32 : i32 loc(#loc62)
        tt.descriptor_store %c_desc_3[%off_am, %off_bn], %cst : !tt.tensordesc<tensor<128x128xf16, #shared>>, tensor<128x128xf16, #blocked> loc(#loc26)
      } {tt.flatten, tt.num_stages = 2 : i32} loc(#loc2)
    } else {
      %0 = arith.subi %num_tiles, %start_pid : i32 loc(#loc2)
      %1 = arith.ceildivsi %0, %c150_i32 : i32 loc(#loc2)
      %2 = arith.maxsi %k_tiles_6, %c1_i32 : i32 loc(#loc2)
      %3 = arith.muli %1, %2 : i32 loc(#loc2)
      %4 = arith.subi %start_pid, %c150_i32 : i32 loc(#loc2)
      %5 = arith.subi %2, %c1_i32 : i32 loc(#loc2)
      %6 = arith.subi %2, %c1_i32 : i32 loc(#loc2)
      %accumulator_7, %accumulator_8 = ttng.tmem_alloc : () -> (!ttg.memdesc<128x128xf32, #tmem, #ttng.tensor_memory, mutable>, !ttg.async.token) loc(#loc63)
      %accumulator_9 = ttng.tmem_store %cst_0, %accumulator_7[%accumulator_8], %true : tensor<128x128xf32, #linear> -> !ttg.memdesc<128x128xf32, #tmem, #ttng.tensor_memory, mutable> loc(#loc63)
      %7:7 = scf.for %arg9 = %c0_i32 to %3 step %c1_i32 iter_args(%arg10 = %c0_i32, %arg11 = %4, %arg12 = %c0_i32, %arg13 = %c0_i32, %arg14 = %c0_i32, %arg15 = %false, %accumulator_10 = %accumulator_9) -> (i32, i32, i32, i32, i32, i1, !ttg.async.token)  : i32 {
        %8 = arith.cmpi eq, %arg10, %c0_i32 {loop.cluster = 1 : i32, loop.stage = 0 : i32} : i32 loc(#loc2)
        %9 = arith.select %8, %c0_i32, %arg12 {loop.cluster = 7 : i32, loop.stage = 0 : i32} : i32 loc(#loc2)
        %10:3 = scf.if %8 -> (i32, i32, i32) {
          %17 = arith.addi %arg11, %c150_i32 : i32 loc(#loc2)
          %group_id = arith.divsi %17, %num_pid_in_group : i32 loc(#loc76)
          %first_pid_m = arith.muli %group_id, %c8_i32 : i32 loc(#loc77)
          %group_size_m = arith.subi %num_pid_m_4, %first_pid_m : i32 loc(#loc78)
          %group_size_m_16 = arith.minsi %group_size_m, %c8_i32 : i32 loc(#loc79)
          %pid_m = arith.remsi %17, %group_size_m_16 : i32 loc(#loc80)
          %pid_m_17 = arith.addi %first_pid_m, %pid_m : i32 loc(#loc81)
          %pid_n = arith.remsi %17, %num_pid_in_group : i32 loc(#loc82)
          %pid_n_18 = arith.divsi %pid_n, %group_size_m_16 : i32 loc(#loc83)
          %off_am = arith.muli %pid_m_17, %c128_i32 : i32 loc(#loc61)
          %off_bn = arith.muli %pid_n_18, %c128_i32 : i32 loc(#loc62)
          scf.yield %off_am, %off_bn, %17 : i32, i32, i32 loc(#loc2)
        } else {
          scf.yield %arg13, %arg14, %arg11 : i32, i32, i32 loc(#loc2)
        } {loop.cluster = 1 : i32, loop.stage = 0 : i32} loc(#loc2)
        %off_k = arith.muli %9, %c128_i32 {loop.cluster = 7 : i32, loop.stage = 0 : i32} : i32 loc(#loc64)
        %a = tt.descriptor_load %a_desc_1[%10#0, %off_k] {loop.cluster = 7 : i32, loop.stage = 0 : i32} : !tt.tensordesc<tensor<128x128xf16, #shared>> -> tensor<128x128xf16, #blocked> loc(#loc65)
        %a_11 = ttg.local_alloc %a {loop.cluster = 5 : i32, loop.stage = 1 : i32} : (tensor<128x128xf16, #blocked>) -> !ttg.memdesc<128x128xf16, #shared, #smem> loc(#loc65)
        %b = tt.descriptor_load %b_desc_2[%10#1, %off_k] {loop.cluster = 7 : i32, loop.stage = 0 : i32} : !tt.tensordesc<tensor<128x128xf16, #shared>> -> tensor<128x128xf16, #blocked> loc(#loc66)
        %accumulator_12 = ttg.local_alloc %b {loop.cluster = 5 : i32, loop.stage = 1 : i32} : (tensor<128x128xf16, #blocked>) -> !ttg.memdesc<128x128xf16, #shared, #smem> loc(#loc67)
        %accumulator_13 = ttg.memdesc_trans %accumulator_12 {loop.cluster = 5 : i32, loop.stage = 1 : i32, order = array<i32: 1, 0>} : !ttg.memdesc<128x128xf16, #shared, #smem> -> !ttg.memdesc<128x128xf16, #shared1, #smem> loc(#loc67)
        %accumulator_14 = ttng.tc_gen5_mma %a_11, %accumulator_13, %accumulator_7[%accumulator_10], %arg15, %true {loop.cluster = 5 : i32, loop.stage = 1 : i32, tt.self_latency = 1 : i32} : !ttg.memdesc<128x128xf16, #shared, #smem>, !ttg.memdesc<128x128xf16, #shared1, #smem>, !ttg.memdesc<128x128xf32, #tmem, #ttng.tensor_memory, mutable> loc(#loc63)
        %11 = arith.addi %9, %c1_i32 {loop.cluster = 6 : i32, loop.stage = 1 : i32} : i32 loc(#loc2)
        %12 = arith.cmpi eq, %arg10, %5 {loop.cluster = 4 : i32, loop.stage = 2 : i32} : i32 loc(#loc2)
        %accumulator_15 = arith.select %12, %false, %true {loop.cluster = 4 : i32, loop.stage = 2 : i32} : i1 loc(#loc63)
        %13 = scf.if %12 -> (!ttg.async.token) {
          %accumulator_16, %accumulator_17 = ttng.tmem_load %accumulator_7[%accumulator_14] : !ttg.memdesc<128x128xf32, #tmem, #ttng.tensor_memory, mutable> -> tensor<128x128xf32, #linear> loc(#loc63)
          %c = arith.truncf %accumulator_16 : tensor<128x128xf32, #linear> to tensor<128x128xf16, #linear> loc(#loc68)
          %17 = ttg.convert_layout %c : tensor<128x128xf16, #linear> -> tensor<128x128xf16, #blocked> loc(#loc26)
          tt.descriptor_store %c_desc_3[%10#0, %10#1], %17 : !tt.tensordesc<tensor<128x128xf16, #shared>>, tensor<128x128xf16, #blocked> loc(#loc26)
          scf.yield %accumulator_17 : !ttg.async.token loc(#loc2)
        } else {
          scf.yield %accumulator_14 : !ttg.async.token loc(#loc2)
        } {loop.cluster = 8 : i32, loop.stage = 3 : i32} loc(#loc2)
        %14 = arith.addi %arg10, %c1_i32 {loop.cluster = 0 : i32, loop.stage = 1 : i32} : i32 loc(#loc2)
        %15 = arith.cmpi eq, %arg10, %6 {loop.cluster = 0 : i32, loop.stage = 1 : i32} : i32 loc(#loc2)
        %16 = arith.select %15, %c0_i32, %14 {loop.cluster = 0 : i32, loop.stage = 1 : i32} : i32 loc(#loc2)
        scf.yield %16, %10#2, %11, %10#0, %10#1, %accumulator_15, %13 : i32, i32, i32, i32, i32, i1, !ttg.async.token loc(#loc2)
      } {tt.num_stages = 2 : i32, tt.scheduled_max_stage = 3 : i32, tt.warp_specialize} loc(#loc2)
    } loc(#loc52)
    tt.return loc(#loc33)
  } loc(#loc)
} loc(#loc)
#loc1 = loc(unknown)
#loc2 = loc("/home/scratch.egaburov_sw/oai-triton/triton-src/triton-solid-01.git/python/test/unit/language/test_warp_specialization.py":323:28)
#loc3 = loc("/home/scratch.egaburov_sw/oai-triton/triton-src/triton-solid-01.git/python/test/unit/language/test_warp_specialization.py":309:39)
#loc4 = loc("/home/scratch.egaburov_sw/oai-triton/triton-src/triton-solid-01.git/python/test/unit/language/test_warp_specialization.py":311:39)
#loc5 = loc("/home/scratch.egaburov_sw/oai-triton/triton-src/triton-solid-01.git/python/test/unit/language/test_warp_specialization.py":313:39)
#loc6 = loc("/home/scratch.egaburov_sw/oai-triton/triton-src/triton-solid-01.git/python/test/unit/language/test_warp_specialization.py":316:30)
#loc7 = loc("/home/scratch.egaburov_sw/oai-triton/triton-src/triton-solid-01.git/python/triton/language/standard.py":43:17)
#loc8 = loc("/home/scratch.egaburov_sw/oai-triton/triton-src/triton-solid-01.git/python/test/unit/language/test_warp_specialization.py":317:27)
#loc9 = loc("/home/scratch.egaburov_sw/oai-triton/triton-src/triton-solid-01.git/python/triton/language/standard.py":43:30)
#loc10 = loc("/home/scratch.egaburov_sw/oai-triton/triton-src/triton-solid-01.git/python/test/unit/language/test_warp_specialization.py":318:27)
#loc11 = loc("/home/scratch.egaburov_sw/oai-triton/triton-src/triton-solid-01.git/python/test/unit/language/test_warp_specialization.py":319:25)
#loc12 = loc("/home/scratch.egaburov_sw/oai-triton/triton-src/triton-solid-01.git/python/test/unit/language/test_warp_specialization.py":320:28)
#loc13 = loc("/home/scratch.egaburov_sw/oai-triton/triton-src/triton-solid-01.git/python/test/unit/language/test_warp_specialization.py":191:38)
#loc14 = loc("/home/scratch.egaburov_sw/oai-triton/triton-src/triton-solid-01.git/python/test/unit/language/test_warp_specialization.py":324:67)
#loc15 = loc("/home/scratch.egaburov_sw/oai-triton/triton-src/triton-solid-01.git/python/test/unit/language/test_warp_specialization.py":329:24)
#loc16 = loc("/home/scratch.egaburov_sw/oai-triton/triton-src/triton-solid-01.git/python/test/unit/language/test_warp_specialization.py":192:26)
#loc17 = loc("/home/scratch.egaburov_sw/oai-triton/triton-src/triton-solid-01.git/python/test/unit/language/test_warp_specialization.py":193:29)
#loc18 = loc("/home/scratch.egaburov_sw/oai-triton/triton-src/triton-solid-01.git/python/test/unit/language/test_warp_specialization.py":194:35)
#loc19 = loc("/home/scratch.egaburov_sw/oai-triton/triton-src/triton-solid-01.git/python/test/unit/language/test_warp_specialization.py":194:48)
#loc20 = loc("/home/scratch.egaburov_sw/oai-triton/triton-src/triton-solid-01.git/python/test/unit/language/test_warp_specialization.py":195:37)
#loc21 = loc("/home/scratch.egaburov_sw/oai-triton/triton-src/triton-solid-01.git/python/test/unit/language/test_warp_specialization.py":195:27)
#loc22 = loc("/home/scratch.egaburov_sw/oai-triton/triton-src/triton-solid-01.git/python/test/unit/language/test_warp_specialization.py":196:23)
#loc23 = loc("/home/scratch.egaburov_sw/oai-triton/triton-src/triton-solid-01.git/python/test/unit/language/test_warp_specialization.py":196:44)
#loc24 = loc("/home/scratch.egaburov_sw/oai-triton/triton-src/triton-solid-01.git/python/test/unit/language/test_warp_specialization.py":326:25)
#loc25 = loc("/home/scratch.egaburov_sw/oai-triton/triton-src/triton-solid-01.git/python/test/unit/language/test_warp_specialization.py":327:25)
#loc26 = loc("/home/scratch.egaburov_sw/oai-triton/triton-src/triton-solid-01.git/python/test/unit/language/test_warp_specialization.py":336:39)
#loc27 = loc("/home/scratch.egaburov_sw/oai-triton/triton-src/triton-solid-01.git/python/test/unit/language/test_warp_specialization.py":333:41)
#loc28 = loc("/home/scratch.egaburov_sw/oai-triton/triton-src/triton-solid-01.git/python/test/unit/language/test_warp_specialization.py":330:25)
#loc29 = loc("/home/scratch.egaburov_sw/oai-triton/triton-src/triton-solid-01.git/python/test/unit/language/test_warp_specialization.py":331:28)
#loc30 = loc("/home/scratch.egaburov_sw/oai-triton/triton-src/triton-solid-01.git/python/test/unit/language/test_warp_specialization.py":332:28)
#loc31 = loc("/home/scratch.egaburov_sw/oai-triton/triton-src/triton-solid-01.git/python/test/unit/language/test_warp_specialization.py":333:36)
#loc32 = loc("/home/scratch.egaburov_sw/oai-triton/triton-src/triton-solid-01.git/python/test/unit/language/test_warp_specialization.py":335:27)
#loc33 = loc("/home/scratch.egaburov_sw/oai-triton/triton-src/triton-solid-01.git/python/test/unit/language/test_warp_specialization.py":322:4)
#loc43 = loc("a_desc"(#loc3))
#loc44 = loc("b_desc"(#loc4))
#loc45 = loc("c_desc"(#loc5))
#loc46 = loc("start_pid"(#loc6))
#loc47 = loc("num_pid_m"(#loc8))
#loc48 = loc("num_pid_n"(#loc10))
#loc49 = loc("k_tiles"(#loc11))
#loc50 = loc("num_tiles"(#loc12))
#loc51 = loc("num_pid_in_group"(#loc13))
#loc52 = loc("accumulator"(#loc15))
#loc53 = loc("group_id"(#loc16))
#loc54 = loc("first_pid_m"(#loc17))
#loc55 = loc("group_size_m"(#loc18))
#loc56 = loc("group_size_m"(#loc19))
#loc57 = loc("pid_m"(#loc20))
#loc58 = loc("pid_m"(#loc21))
#loc59 = loc("pid_n"(#loc22))
#loc60 = loc("pid_n"(#loc23))
#loc61 = loc("off_am"(#loc24))
#loc62 = loc("off_bn"(#loc25))
#loc63 = loc("accumulator"(#loc27))
#loc64 = loc("off_k"(#loc28))
#loc65 = loc("a"(#loc29))
#loc66 = loc("b"(#loc30))
#loc67 = loc("accumulator"(#loc31))
#loc68 = loc("c"(#loc32))
#loc69 = loc(callsite(#loc7 at #loc47))
#loc70 = loc(callsite(#loc9 at #loc47))
#loc71 = loc(callsite(#loc7 at #loc48))
#loc72 = loc(callsite(#loc9 at #loc48))
#loc73 = loc(callsite(#loc7 at #loc49))
#loc74 = loc(callsite(#loc9 at #loc49))
#loc75 = loc(callsite(#loc51 at #loc14))
#loc76 = loc(callsite(#loc53 at #loc14))
#loc77 = loc(callsite(#loc54 at #loc14))
#loc78 = loc(callsite(#loc55 at #loc14))
#loc79 = loc(callsite(#loc56 at #loc14))
#loc80 = loc(callsite(#loc57 at #loc14))
#loc81 = loc(callsite(#loc58 at #loc14))
#loc82 = loc(callsite(#loc59 at #loc14))
#loc83 = loc(callsite(#loc60 at #loc14))


// -----// IR Dump Before {anonymous}::VerifyWarpSpecializationPartitions () ('builtin.module' operation) //----- //
#blocked = #ttg.blocked<{sizePerThread = [1, 8], threadsPerWarp = [2, 16], warpsPerCTA = [8, 1], order = [1, 0]}>
#linear = #ttg.linear<{register = [[0, 1], [0, 2], [0, 4], [0, 8], [0, 16], [0, 32]], lane = [[1, 0], [2, 0], [4, 0], [8, 0], [16, 0]], warp = [[32, 0], [64, 0], [0, 64]], block = []}>
#loc = loc("/home/scratch.egaburov_sw/oai-triton/triton-src/triton-solid-01.git/python/test/unit/language/test_warp_specialization.py":294:0)
#shared = #ttg.nvmma_shared<{swizzlingByteWidth = 128, transposed = false, elementBitWidth = 16}>
#shared1 = #ttg.nvmma_shared<{swizzlingByteWidth = 128, transposed = true, elementBitWidth = 16}>
#smem = #ttg.shared_memory
#tmem = #ttng.tensor_memory_encoding<blockM = 128, blockN = 128, colStride = 1>
#loc34 = loc("a_ptr"(#loc))
#loc35 = loc("b_ptr"(#loc))
#loc36 = loc("c_ptr"(#loc))
#loc37 = loc("a_stride0"(#loc))
#loc38 = loc("b_stride0"(#loc))
#loc39 = loc("c_stride0"(#loc))
#loc40 = loc("M"(#loc))
#loc41 = loc("N"(#loc))
#loc42 = loc("K"(#loc))
module attributes {"ttg.cluster-dim-x" = 1 : i32, "ttg.cluster-dim-y" = 1 : i32, "ttg.cluster-dim-z" = 1 : i32, ttg.max_reg_auto_ws = 152 : i32, ttg.min_reg_auto_ws = 24 : i32, "ttg.num-ctas" = 1 : i32, "ttg.num-warps" = 8 : i32, ttg.target = "cuda:103", "ttg.threads-per-warp" = 32 : i32} {
  tt.func public @matmul_tma_persistent_ws_kernel(%a_ptr: !tt.ptr<f16> {tt.divisibility = 16 : i32} loc("a_ptr"(#loc)), %b_ptr: !tt.ptr<f16> {tt.divisibility = 16 : i32} loc("b_ptr"(#loc)), %c_ptr: !tt.ptr<f16> {tt.divisibility = 16 : i32} loc("c_ptr"(#loc)), %a_stride0: i32 {tt.divisibility = 16 : i32} loc("a_stride0"(#loc)), %b_stride0: i32 {tt.divisibility = 16 : i32} loc("b_stride0"(#loc)), %c_stride0: i32 {tt.divisibility = 16 : i32} loc("c_stride0"(#loc)), %M: i32 {tt.divisibility = 16 : i32} loc("M"(#loc)), %N: i32 {tt.divisibility = 16 : i32} loc("N"(#loc)), %K: i32 {tt.divisibility = 16 : i32} loc("K"(#loc))) attributes {noinline = false} {
    %false = arith.constant false loc(#loc1)
    %cst = arith.constant dense<0.000000e+00> : tensor<128x128xf16, #blocked> loc(#loc1)
    %true = arith.constant true loc(#loc1)
    %c1_i64 = arith.constant 1 : i64 loc(#loc1)
    %c128_i32 = arith.constant 128 : i32 loc(#loc1)
    %c150_i32 = arith.constant 150 : i32 loc(#loc2)
    %c0_i32 = arith.constant 0 : i32 loc(#loc1)
    %c1_i32 = arith.constant 1 : i32 loc(#loc1)
    %c127_i32 = arith.constant 127 : i32 loc(#loc1)
    %c8_i32 = arith.constant 8 : i32 loc(#loc1)
    %cst_0 = arith.constant dense<0.000000e+00> : tensor<128x128xf32, #linear> loc(#loc1)
    %a_desc = arith.extsi %a_stride0 : i32 to i64 loc(#loc43)
    %a_desc_1 = tt.make_tensor_descriptor %a_ptr, [%M, %K], [%a_desc, %c1_i64] : !tt.ptr<f16>, !tt.tensordesc<tensor<128x128xf16, #shared>> loc(#loc43)
    %b_desc = arith.extsi %b_stride0 : i32 to i64 loc(#loc44)
    %b_desc_2 = tt.make_tensor_descriptor %b_ptr, [%N, %K], [%b_desc, %c1_i64] : !tt.ptr<f16>, !tt.tensordesc<tensor<128x128xf16, #shared>> loc(#loc44)
    %c_desc = arith.extsi %c_stride0 : i32 to i64 loc(#loc45)
    %c_desc_3 = tt.make_tensor_descriptor %c_ptr, [%M, %N], [%c_desc, %c1_i64] : !tt.ptr<f16>, !tt.tensordesc<tensor<128x128xf16, #shared>> loc(#loc45)
    %start_pid = tt.get_program_id x : i32 loc(#loc46)
    %num_pid_m = arith.addi %M, %c127_i32 : i32 loc(#loc69)
    %num_pid_m_4 = arith.divsi %num_pid_m, %c128_i32 : i32 loc(#loc70)
    %num_pid_n = arith.addi %N, %c127_i32 : i32 loc(#loc71)
    %num_pid_n_5 = arith.divsi %num_pid_n, %c128_i32 : i32 loc(#loc72)
    %k_tiles = arith.addi %K, %c127_i32 : i32 loc(#loc73)
    %k_tiles_6 = arith.divsi %k_tiles, %c128_i32 : i32 loc(#loc74)
    %num_tiles = arith.muli %num_pid_m_4, %num_pid_n_5 : i32 loc(#loc50)
    %num_pid_in_group = arith.muli %num_pid_n_5, %c8_i32 : i32 loc(#loc75)
    %accumulator = arith.cmpi eq, %k_tiles_6, %c0_i32 : i32 loc(#loc52)
    scf.if %accumulator {
      scf.for %tile_id = %start_pid to %num_tiles step %c150_i32  : i32 {
        %group_id = arith.divsi %tile_id, %num_pid_in_group : i32 loc(#loc76)
        %first_pid_m = arith.muli %group_id, %c8_i32 : i32 loc(#loc77)
        %group_size_m = arith.subi %num_pid_m_4, %first_pid_m : i32 loc(#loc78)
        %group_size_m_7 = arith.minsi %group_size_m, %c8_i32 : i32 loc(#loc79)
        %pid_m = arith.remsi %tile_id, %group_size_m_7 : i32 loc(#loc80)
        %pid_m_8 = arith.addi %first_pid_m, %pid_m : i32 loc(#loc81)
        %pid_n = arith.remsi %tile_id, %num_pid_in_group : i32 loc(#loc82)
        %pid_n_9 = arith.divsi %pid_n, %group_size_m_7 : i32 loc(#loc83)
        %off_am = arith.muli %pid_m_8, %c128_i32 : i32 loc(#loc61)
        %off_bn = arith.muli %pid_n_9, %c128_i32 : i32 loc(#loc62)
        tt.descriptor_store %c_desc_3[%off_am, %off_bn], %cst : !tt.tensordesc<tensor<128x128xf16, #shared>>, tensor<128x128xf16, #blocked> loc(#loc26)
      } {tt.flatten, tt.num_stages = 2 : i32} loc(#loc2)
    } else {
      %0 = arith.subi %num_tiles, %start_pid : i32 loc(#loc2)
      %1 = arith.ceildivsi %0, %c150_i32 : i32 loc(#loc2)
      %2 = arith.maxsi %k_tiles_6, %c1_i32 : i32 loc(#loc2)
      %3 = arith.muli %1, %2 : i32 loc(#loc2)
      %4 = arith.subi %start_pid, %c150_i32 : i32 loc(#loc2)
      %5 = arith.subi %2, %c1_i32 : i32 loc(#loc2)
      %6 = arith.subi %2, %c1_i32 : i32 loc(#loc2)
      %accumulator_7, %accumulator_8 = ttng.tmem_alloc : () -> (!ttg.memdesc<128x128xf32, #tmem, #ttng.tensor_memory, mutable>, !ttg.async.token) loc(#loc63)
      %accumulator_9 = ttng.tmem_store %cst_0, %accumulator_7[%accumulator_8], %true : tensor<128x128xf32, #linear> -> !ttg.memdesc<128x128xf32, #tmem, #ttng.tensor_memory, mutable> loc(#loc63)
      %7:7 = scf.for %arg9 = %c0_i32 to %3 step %c1_i32 iter_args(%arg10 = %c0_i32, %arg11 = %4, %arg12 = %c0_i32, %arg13 = %c0_i32, %arg14 = %c0_i32, %arg15 = %false, %accumulator_10 = %accumulator_9) -> (i32, i32, i32, i32, i32, i1, !ttg.async.token)  : i32 {
        %8 = arith.cmpi eq, %arg10, %c0_i32 {loop.cluster = 1 : i32, loop.stage = 0 : i32, ttg.partition = array<i32: 0, 2>} : i32 loc(#loc2)
        %9 = arith.select %8, %c0_i32, %arg12 {loop.cluster = 7 : i32, loop.stage = 0 : i32, ttg.partition = array<i32: 2>} : i32 loc(#loc2)
        %10:3 = scf.if %8 -> (i32, i32, i32) {
          %17 = arith.addi %arg11, %c150_i32 {ttg.partition = array<i32: 0, 2>} : i32 loc(#loc2)
          %group_id = arith.divsi %17, %num_pid_in_group {ttg.partition = array<i32: 0, 2>} : i32 loc(#loc76)
          %first_pid_m = arith.muli %group_id, %c8_i32 {ttg.partition = array<i32: 0, 2>} : i32 loc(#loc77)
          %group_size_m = arith.subi %num_pid_m_4, %first_pid_m {ttg.partition = array<i32: 0, 2>} : i32 loc(#loc78)
          %group_size_m_16 = arith.minsi %group_size_m, %c8_i32 {ttg.partition = array<i32: 0, 2>} : i32 loc(#loc79)
          %pid_m = arith.remsi %17, %group_size_m_16 {ttg.partition = array<i32: 0, 2>} : i32 loc(#loc80)
          %pid_m_17 = arith.addi %first_pid_m, %pid_m {ttg.partition = array<i32: 0, 2>} : i32 loc(#loc81)
          %pid_n = arith.remsi %17, %num_pid_in_group {ttg.partition = array<i32: 0, 2>} : i32 loc(#loc82)
          %pid_n_18 = arith.divsi %pid_n, %group_size_m_16 {ttg.partition = array<i32: 0, 2>} : i32 loc(#loc83)
          %off_am = arith.muli %pid_m_17, %c128_i32 {ttg.partition = array<i32: 0, 2>} : i32 loc(#loc61)
          %off_bn = arith.muli %pid_n_18, %c128_i32 {ttg.partition = array<i32: 0, 2>} : i32 loc(#loc62)
          scf.yield {ttg.partition = array<i32: 0, 2>} %off_am, %off_bn, %17 : i32, i32, i32 loc(#loc2)
        } else {
          scf.yield {ttg.partition = array<i32: 0, 2>} %arg13, %arg14, %arg11 : i32, i32, i32 loc(#loc2)
        } {loop.cluster = 1 : i32, loop.stage = 0 : i32, ttg.partition = array<i32: 0, 2>, ttg.partition.outputs = [array<i32: 0, 2>, array<i32: 0, 2>, array<i32: 0, 2>]} loc(#loc2)
        %off_k = arith.muli %9, %c128_i32 {loop.cluster = 7 : i32, loop.stage = 0 : i32, ttg.partition = array<i32: 2>} : i32 loc(#loc64)
        %a = tt.descriptor_load %a_desc_1[%10#0, %off_k] {loop.cluster = 7 : i32, loop.stage = 0 : i32, ttg.partition = array<i32: 2>} : !tt.tensordesc<tensor<128x128xf16, #shared>> -> tensor<128x128xf16, #blocked> loc(#loc65)
        %a_11 = ttg.local_alloc %a {loop.cluster = 5 : i32, loop.stage = 1 : i32, ttg.partition = array<i32: 2>} : (tensor<128x128xf16, #blocked>) -> !ttg.memdesc<128x128xf16, #shared, #smem> loc(#loc65)
        %b = tt.descriptor_load %b_desc_2[%10#1, %off_k] {loop.cluster = 7 : i32, loop.stage = 0 : i32, ttg.partition = array<i32: 2>} : !tt.tensordesc<tensor<128x128xf16, #shared>> -> tensor<128x128xf16, #blocked> loc(#loc66)
        %accumulator_12 = ttg.local_alloc %b {loop.cluster = 5 : i32, loop.stage = 1 : i32, ttg.partition = array<i32: 2>} : (tensor<128x128xf16, #blocked>) -> !ttg.memdesc<128x128xf16, #shared, #smem> loc(#loc67)
        %accumulator_13 = ttg.memdesc_trans %accumulator_12 {loop.cluster = 5 : i32, loop.stage = 1 : i32, order = array<i32: 1, 0>, ttg.partition = array<i32: 1>} : !ttg.memdesc<128x128xf16, #shared, #smem> -> !ttg.memdesc<128x128xf16, #shared1, #smem> loc(#loc67)
        %accumulator_14 = ttng.tc_gen5_mma %a_11, %accumulator_13, %accumulator_7[%accumulator_10], %arg15, %true {loop.cluster = 5 : i32, loop.stage = 1 : i32, tt.self_latency = 1 : i32, ttg.partition = array<i32: 1>} : !ttg.memdesc<128x128xf16, #shared, #smem>, !ttg.memdesc<128x128xf16, #shared1, #smem>, !ttg.memdesc<128x128xf32, #tmem, #ttng.tensor_memory, mutable> loc(#loc63)
        %11 = arith.addi %9, %c1_i32 {loop.cluster = 6 : i32, loop.stage = 1 : i32, ttg.partition = array<i32: 2>} : i32 loc(#loc2)
        %12 = arith.cmpi eq, %arg10, %5 {loop.cluster = 4 : i32, loop.stage = 2 : i32, ttg.partition = array<i32: 0, 1>} : i32 loc(#loc2)
        %accumulator_15 = arith.select %12, %false, %true {loop.cluster = 4 : i32, loop.stage = 2 : i32, ttg.partition = array<i32: 1>} : i1 loc(#loc63)
        %13 = scf.if %12 -> (!ttg.async.token) {
          %accumulator_16, %accumulator_17 = ttng.tmem_load %accumulator_7[%accumulator_14] {ttg.partition = array<i32: 0>} : !ttg.memdesc<128x128xf32, #tmem, #ttng.tensor_memory, mutable> -> tensor<128x128xf32, #linear> loc(#loc63)
          %c = arith.truncf %accumulator_16 {ttg.partition = array<i32: 0>} : tensor<128x128xf32, #linear> to tensor<128x128xf16, #linear> loc(#loc68)
          %17 = ttg.convert_layout %c {ttg.partition = array<i32: 0>} : tensor<128x128xf16, #linear> -> tensor<128x128xf16, #blocked> loc(#loc26)
          tt.descriptor_store %c_desc_3[%10#0, %10#1], %17 {ttg.partition = array<i32: 0>} : !tt.tensordesc<tensor<128x128xf16, #shared>>, tensor<128x128xf16, #blocked> loc(#loc26)
          scf.yield {ttg.partition = array<i32: 0, 1>} %accumulator_17 : !ttg.async.token loc(#loc2)
        } else {
          scf.yield {ttg.partition = array<i32: 0, 1>} %accumulator_14 : !ttg.async.token loc(#loc2)
        } {loop.cluster = 8 : i32, loop.stage = 3 : i32, ttg.partition = array<i32: 0, 1>, ttg.partition.outputs = [array<i32: 1>]} loc(#loc2)
        %14 = arith.addi %arg10, %c1_i32 {loop.cluster = 0 : i32, loop.stage = 1 : i32, ttg.partition = array<i32: 0, 1, 2>} : i32 loc(#loc2)
        %15 = arith.cmpi eq, %arg10, %6 {loop.cluster = 0 : i32, loop.stage = 1 : i32, ttg.partition = array<i32: 0, 1, 2>} : i32 loc(#loc2)
        %16 = arith.select %15, %c0_i32, %14 {loop.cluster = 0 : i32, loop.stage = 1 : i32, ttg.partition = array<i32: 0, 1, 2>} : i32 loc(#loc2)
        scf.yield {ttg.partition = array<i32: 0, 1, 2>} %16, %10#2, %11, %10#0, %10#1, %accumulator_15, %13 : i32, i32, i32, i32, i32, i1, !ttg.async.token loc(#loc2)
      } {tt.num_stages = 2 : i32, tt.scheduled_max_stage = 3 : i32, tt.warp_specialize, ttg.partition = array<i32: 0, 1, 2>, ttg.partition.outputs = [array<i32: 0, 1, 2>, array<i32: 0, 2>, array<i32: 2>, array<i32: 0, 2>, array<i32: 0, 2>, array<i32: 1>, array<i32: 1>], ttg.partition.stages = [0 : i32, 1 : i32, 0 : i32], ttg.warp_specialize.tag = 0 : i32} loc(#loc2)
    } loc(#loc52)
    tt.return loc(#loc33)
  } loc(#loc)
} loc(#loc)
#loc1 = loc(unknown)
#loc2 = loc("/home/scratch.egaburov_sw/oai-triton/triton-src/triton-solid-01.git/python/test/unit/language/test_warp_specialization.py":323:28)
#loc3 = loc("/home/scratch.egaburov_sw/oai-triton/triton-src/triton-solid-01.git/python/test/unit/language/test_warp_specialization.py":309:39)
#loc4 = loc("/home/scratch.egaburov_sw/oai-triton/triton-src/triton-solid-01.git/python/test/unit/language/test_warp_specialization.py":311:39)
#loc5 = loc("/home/scratch.egaburov_sw/oai-triton/triton-src/triton-solid-01.git/python/test/unit/language/test_warp_specialization.py":313:39)
#loc6 = loc("/home/scratch.egaburov_sw/oai-triton/triton-src/triton-solid-01.git/python/test/unit/language/test_warp_specialization.py":316:30)
#loc7 = loc("/home/scratch.egaburov_sw/oai-triton/triton-src/triton-solid-01.git/python/triton/language/standard.py":43:17)
#loc8 = loc("/home/scratch.egaburov_sw/oai-triton/triton-src/triton-solid-01.git/python/test/unit/language/test_warp_specialization.py":317:27)
#loc9 = loc("/home/scratch.egaburov_sw/oai-triton/triton-src/triton-solid-01.git/python/triton/language/standard.py":43:30)
#loc10 = loc("/home/scratch.egaburov_sw/oai-triton/triton-src/triton-solid-01.git/python/test/unit/language/test_warp_specialization.py":318:27)
#loc11 = loc("/home/scratch.egaburov_sw/oai-triton/triton-src/triton-solid-01.git/python/test/unit/language/test_warp_specialization.py":319:25)
#loc12 = loc("/home/scratch.egaburov_sw/oai-triton/triton-src/triton-solid-01.git/python/test/unit/language/test_warp_specialization.py":320:28)
#loc13 = loc("/home/scratch.egaburov_sw/oai-triton/triton-src/triton-solid-01.git/python/test/unit/language/test_warp_specialization.py":191:38)
#loc14 = loc("/home/scratch.egaburov_sw/oai-triton/triton-src/triton-solid-01.git/python/test/unit/language/test_warp_specialization.py":324:67)
#loc15 = loc("/home/scratch.egaburov_sw/oai-triton/triton-src/triton-solid-01.git/python/test/unit/language/test_warp_specialization.py":329:24)
#loc16 = loc("/home/scratch.egaburov_sw/oai-triton/triton-src/triton-solid-01.git/python/test/unit/language/test_warp_specialization.py":192:26)
#loc17 = loc("/home/scratch.egaburov_sw/oai-triton/triton-src/triton-solid-01.git/python/test/unit/language/test_warp_specialization.py":193:29)
#loc18 = loc("/home/scratch.egaburov_sw/oai-triton/triton-src/triton-solid-01.git/python/test/unit/language/test_warp_specialization.py":194:35)
#loc19 = loc("/home/scratch.egaburov_sw/oai-triton/triton-src/triton-solid-01.git/python/test/unit/language/test_warp_specialization.py":194:48)
#loc20 = loc("/home/scratch.egaburov_sw/oai-triton/triton-src/triton-solid-01.git/python/test/unit/language/test_warp_specialization.py":195:37)
#loc21 = loc("/home/scratch.egaburov_sw/oai-triton/triton-src/triton-solid-01.git/python/test/unit/language/test_warp_specialization.py":195:27)
#loc22 = loc("/home/scratch.egaburov_sw/oai-triton/triton-src/triton-solid-01.git/python/test/unit/language/test_warp_specialization.py":196:23)
#loc23 = loc("/home/scratch.egaburov_sw/oai-triton/triton-src/triton-solid-01.git/python/test/unit/language/test_warp_specialization.py":196:44)
#loc24 = loc("/home/scratch.egaburov_sw/oai-triton/triton-src/triton-solid-01.git/python/test/unit/language/test_warp_specialization.py":326:25)
#loc25 = loc("/home/scratch.egaburov_sw/oai-triton/triton-src/triton-solid-01.git/python/test/unit/language/test_warp_specialization.py":327:25)
#loc26 = loc("/home/scratch.egaburov_sw/oai-triton/triton-src/triton-solid-01.git/python/test/unit/language/test_warp_specialization.py":336:39)
#loc27 = loc("/home/scratch.egaburov_sw/oai-triton/triton-src/triton-solid-01.git/python/test/unit/language/test_warp_specialization.py":333:41)
#loc28 = loc("/home/scratch.egaburov_sw/oai-triton/triton-src/triton-solid-01.git/python/test/unit/language/test_warp_specialization.py":330:25)
#loc29 = loc("/home/scratch.egaburov_sw/oai-triton/triton-src/triton-solid-01.git/python/test/unit/language/test_warp_specialization.py":331:28)
#loc30 = loc("/home/scratch.egaburov_sw/oai-triton/triton-src/triton-solid-01.git/python/test/unit/language/test_warp_specialization.py":332:28)
#loc31 = loc("/home/scratch.egaburov_sw/oai-triton/triton-src/triton-solid-01.git/python/test/unit/language/test_warp_specialization.py":333:36)
#loc32 = loc("/home/scratch.egaburov_sw/oai-triton/triton-src/triton-solid-01.git/python/test/unit/language/test_warp_specialization.py":335:27)
#loc33 = loc("/home/scratch.egaburov_sw/oai-triton/triton-src/triton-solid-01.git/python/test/unit/language/test_warp_specialization.py":322:4)
#loc43 = loc("a_desc"(#loc3))
#loc44 = loc("b_desc"(#loc4))
#loc45 = loc("c_desc"(#loc5))
#loc46 = loc("start_pid"(#loc6))
#loc47 = loc("num_pid_m"(#loc8))
#loc48 = loc("num_pid_n"(#loc10))
#loc49 = loc("k_tiles"(#loc11))
#loc50 = loc("num_tiles"(#loc12))
#loc51 = loc("num_pid_in_group"(#loc13))
#loc52 = loc("accumulator"(#loc15))
#loc53 = loc("group_id"(#loc16))
#loc54 = loc("first_pid_m"(#loc17))
#loc55 = loc("group_size_m"(#loc18))
#loc56 = loc("group_size_m"(#loc19))
#loc57 = loc("pid_m"(#loc20))
#loc58 = loc("pid_m"(#loc21))
#loc59 = loc("pid_n"(#loc22))
#loc60 = loc("pid_n"(#loc23))
#loc61 = loc("off_am"(#loc24))
#loc62 = loc("off_bn"(#loc25))
#loc63 = loc("accumulator"(#loc27))
#loc64 = loc("off_k"(#loc28))
#loc65 = loc("a"(#loc29))
#loc66 = loc("b"(#loc30))
#loc67 = loc("accumulator"(#loc31))
#loc68 = loc("c"(#loc32))
#loc69 = loc(callsite(#loc7 at #loc47))
#loc70 = loc(callsite(#loc9 at #loc47))
#loc71 = loc(callsite(#loc7 at #loc48))
#loc72 = loc(callsite(#loc9 at #loc48))
#loc73 = loc(callsite(#loc7 at #loc49))
#loc74 = loc(callsite(#loc9 at #loc49))
#loc75 = loc(callsite(#loc51 at #loc14))
#loc76 = loc(callsite(#loc53 at #loc14))
#loc77 = loc(callsite(#loc54 at #loc14))
#loc78 = loc(callsite(#loc55 at #loc14))
#loc79 = loc(callsite(#loc56 at #loc14))
#loc80 = loc(callsite(#loc57 at #loc14))
#loc81 = loc(callsite(#loc58 at #loc14))
#loc82 = loc(callsite(#loc59 at #loc14))
#loc83 = loc(callsite(#loc60 at #loc14))


// -----// IR Dump Before NVWSHoistTmemStore (nvws-hoist-tmem-store) ('builtin.module' operation) //----- //
#blocked = #ttg.blocked<{sizePerThread = [1, 8], threadsPerWarp = [2, 16], warpsPerCTA = [8, 1], order = [1, 0]}>
#linear = #ttg.linear<{register = [[0, 1], [0, 2], [0, 4], [0, 8], [0, 16], [0, 32]], lane = [[1, 0], [2, 0], [4, 0], [8, 0], [16, 0]], warp = [[32, 0], [64, 0], [0, 64]], block = []}>
#loc = loc("/home/scratch.egaburov_sw/oai-triton/triton-src/triton-solid-01.git/python/test/unit/language/test_warp_specialization.py":294:0)
#shared = #ttg.nvmma_shared<{swizzlingByteWidth = 128, transposed = false, elementBitWidth = 16}>
#shared1 = #ttg.nvmma_shared<{swizzlingByteWidth = 128, transposed = true, elementBitWidth = 16}>
#smem = #ttg.shared_memory
#tmem = #ttng.tensor_memory_encoding<blockM = 128, blockN = 128, colStride = 1>
#loc34 = loc("a_ptr"(#loc))
#loc35 = loc("b_ptr"(#loc))
#loc36 = loc("c_ptr"(#loc))
#loc37 = loc("a_stride0"(#loc))
#loc38 = loc("b_stride0"(#loc))
#loc39 = loc("c_stride0"(#loc))
#loc40 = loc("M"(#loc))
#loc41 = loc("N"(#loc))
#loc42 = loc("K"(#loc))
module attributes {"ttg.cluster-dim-x" = 1 : i32, "ttg.cluster-dim-y" = 1 : i32, "ttg.cluster-dim-z" = 1 : i32, ttg.max_reg_auto_ws = 152 : i32, ttg.min_reg_auto_ws = 24 : i32, "ttg.num-ctas" = 1 : i32, "ttg.num-warps" = 8 : i32, ttg.target = "cuda:103", "ttg.threads-per-warp" = 32 : i32} {
  tt.func public @matmul_tma_persistent_ws_kernel(%a_ptr: !tt.ptr<f16> {tt.divisibility = 16 : i32} loc("a_ptr"(#loc)), %b_ptr: !tt.ptr<f16> {tt.divisibility = 16 : i32} loc("b_ptr"(#loc)), %c_ptr: !tt.ptr<f16> {tt.divisibility = 16 : i32} loc("c_ptr"(#loc)), %a_stride0: i32 {tt.divisibility = 16 : i32} loc("a_stride0"(#loc)), %b_stride0: i32 {tt.divisibility = 16 : i32} loc("b_stride0"(#loc)), %c_stride0: i32 {tt.divisibility = 16 : i32} loc("c_stride0"(#loc)), %M: i32 {tt.divisibility = 16 : i32} loc("M"(#loc)), %N: i32 {tt.divisibility = 16 : i32} loc("N"(#loc)), %K: i32 {tt.divisibility = 16 : i32} loc("K"(#loc))) attributes {noinline = false} {
    %false = arith.constant false loc(#loc1)
    %cst = arith.constant dense<0.000000e+00> : tensor<128x128xf16, #blocked> loc(#loc1)
    %true = arith.constant true loc(#loc1)
    %c1_i64 = arith.constant 1 : i64 loc(#loc1)
    %c128_i32 = arith.constant 128 : i32 loc(#loc1)
    %c150_i32 = arith.constant 150 : i32 loc(#loc2)
    %c0_i32 = arith.constant 0 : i32 loc(#loc1)
    %c1_i32 = arith.constant 1 : i32 loc(#loc1)
    %c127_i32 = arith.constant 127 : i32 loc(#loc1)
    %c8_i32 = arith.constant 8 : i32 loc(#loc1)
    %cst_0 = arith.constant dense<0.000000e+00> : tensor<128x128xf32, #linear> loc(#loc1)
    %a_desc = arith.extsi %a_stride0 : i32 to i64 loc(#loc43)
    %a_desc_1 = tt.make_tensor_descriptor %a_ptr, [%M, %K], [%a_desc, %c1_i64] : !tt.ptr<f16>, !tt.tensordesc<tensor<128x128xf16, #shared>> loc(#loc43)
    %b_desc = arith.extsi %b_stride0 : i32 to i64 loc(#loc44)
    %b_desc_2 = tt.make_tensor_descriptor %b_ptr, [%N, %K], [%b_desc, %c1_i64] : !tt.ptr<f16>, !tt.tensordesc<tensor<128x128xf16, #shared>> loc(#loc44)
    %c_desc = arith.extsi %c_stride0 : i32 to i64 loc(#loc45)
    %c_desc_3 = tt.make_tensor_descriptor %c_ptr, [%M, %N], [%c_desc, %c1_i64] : !tt.ptr<f16>, !tt.tensordesc<tensor<128x128xf16, #shared>> loc(#loc45)
    %start_pid = tt.get_program_id x : i32 loc(#loc46)
    %num_pid_m = arith.addi %M, %c127_i32 : i32 loc(#loc69)
    %num_pid_m_4 = arith.divsi %num_pid_m, %c128_i32 : i32 loc(#loc70)
    %num_pid_n = arith.addi %N, %c127_i32 : i32 loc(#loc71)
    %num_pid_n_5 = arith.divsi %num_pid_n, %c128_i32 : i32 loc(#loc72)
    %k_tiles = arith.addi %K, %c127_i32 : i32 loc(#loc73)
    %k_tiles_6 = arith.divsi %k_tiles, %c128_i32 : i32 loc(#loc74)
    %num_tiles = arith.muli %num_pid_m_4, %num_pid_n_5 : i32 loc(#loc50)
    %num_pid_in_group = arith.muli %num_pid_n_5, %c8_i32 : i32 loc(#loc75)
    %accumulator = arith.cmpi eq, %k_tiles_6, %c0_i32 : i32 loc(#loc52)
    scf.if %accumulator {
      scf.for %tile_id = %start_pid to %num_tiles step %c150_i32  : i32 {
        %group_id = arith.divsi %tile_id, %num_pid_in_group : i32 loc(#loc76)
        %first_pid_m = arith.muli %group_id, %c8_i32 : i32 loc(#loc77)
        %group_size_m = arith.subi %num_pid_m_4, %first_pid_m : i32 loc(#loc78)
        %group_size_m_7 = arith.minsi %group_size_m, %c8_i32 : i32 loc(#loc79)
        %pid_m = arith.remsi %tile_id, %group_size_m_7 : i32 loc(#loc80)
        %pid_m_8 = arith.addi %first_pid_m, %pid_m : i32 loc(#loc81)
        %pid_n = arith.remsi %tile_id, %num_pid_in_group : i32 loc(#loc82)
        %pid_n_9 = arith.divsi %pid_n, %group_size_m_7 : i32 loc(#loc83)
        %off_am = arith.muli %pid_m_8, %c128_i32 : i32 loc(#loc61)
        %off_bn = arith.muli %pid_n_9, %c128_i32 : i32 loc(#loc62)
        tt.descriptor_store %c_desc_3[%off_am, %off_bn], %cst : !tt.tensordesc<tensor<128x128xf16, #shared>>, tensor<128x128xf16, #blocked> loc(#loc26)
      } {tt.flatten, tt.num_stages = 2 : i32} loc(#loc2)
    } else {
      %0 = arith.subi %num_tiles, %start_pid : i32 loc(#loc2)
      %1 = arith.ceildivsi %0, %c150_i32 : i32 loc(#loc2)
      %2 = arith.maxsi %k_tiles_6, %c1_i32 : i32 loc(#loc2)
      %3 = arith.muli %1, %2 : i32 loc(#loc2)
      %4 = arith.subi %start_pid, %c150_i32 : i32 loc(#loc2)
      %5 = arith.subi %2, %c1_i32 : i32 loc(#loc2)
      %6 = arith.subi %2, %c1_i32 : i32 loc(#loc2)
      %accumulator_7, %accumulator_8 = ttng.tmem_alloc : () -> (!ttg.memdesc<128x128xf32, #tmem, #ttng.tensor_memory, mutable>, !ttg.async.token) loc(#loc63)
      %accumulator_9 = ttng.tmem_store %cst_0, %accumulator_7[%accumulator_8], %true : tensor<128x128xf32, #linear> -> !ttg.memdesc<128x128xf32, #tmem, #ttng.tensor_memory, mutable> loc(#loc63)
      %7:7 = scf.for %arg9 = %c0_i32 to %3 step %c1_i32 iter_args(%arg10 = %c0_i32, %arg11 = %4, %arg12 = %c0_i32, %arg13 = %c0_i32, %arg14 = %c0_i32, %arg15 = %false, %accumulator_10 = %accumulator_9) -> (i32, i32, i32, i32, i32, i1, !ttg.async.token)  : i32 {
        %8 = arith.cmpi eq, %arg10, %c0_i32 {loop.cluster = 1 : i32, loop.stage = 0 : i32, ttg.partition = array<i32: 0, 2>} : i32 loc(#loc2)
        %9 = arith.select %8, %c0_i32, %arg12 {loop.cluster = 7 : i32, loop.stage = 0 : i32, ttg.partition = array<i32: 2>} : i32 loc(#loc2)
        %10:3 = scf.if %8 -> (i32, i32, i32) {
          %17 = arith.addi %arg11, %c150_i32 {ttg.partition = array<i32: 0, 2>} : i32 loc(#loc2)
          %group_id = arith.divsi %17, %num_pid_in_group {ttg.partition = array<i32: 0, 2>} : i32 loc(#loc76)
          %first_pid_m = arith.muli %group_id, %c8_i32 {ttg.partition = array<i32: 0, 2>} : i32 loc(#loc77)
          %group_size_m = arith.subi %num_pid_m_4, %first_pid_m {ttg.partition = array<i32: 0, 2>} : i32 loc(#loc78)
          %group_size_m_16 = arith.minsi %group_size_m, %c8_i32 {ttg.partition = array<i32: 0, 2>} : i32 loc(#loc79)
          %pid_m = arith.remsi %17, %group_size_m_16 {ttg.partition = array<i32: 0, 2>} : i32 loc(#loc80)
          %pid_m_17 = arith.addi %first_pid_m, %pid_m {ttg.partition = array<i32: 0, 2>} : i32 loc(#loc81)
          %pid_n = arith.remsi %17, %num_pid_in_group {ttg.partition = array<i32: 0, 2>} : i32 loc(#loc82)
          %pid_n_18 = arith.divsi %pid_n, %group_size_m_16 {ttg.partition = array<i32: 0, 2>} : i32 loc(#loc83)
          %off_am = arith.muli %pid_m_17, %c128_i32 {ttg.partition = array<i32: 0, 2>} : i32 loc(#loc61)
          %off_bn = arith.muli %pid_n_18, %c128_i32 {ttg.partition = array<i32: 0, 2>} : i32 loc(#loc62)
          scf.yield {ttg.partition = array<i32: 0, 2>} %off_am, %off_bn, %17 : i32, i32, i32 loc(#loc2)
        } else {
          scf.yield {ttg.partition = array<i32: 0, 2>} %arg13, %arg14, %arg11 : i32, i32, i32 loc(#loc2)
        } {loop.cluster = 1 : i32, loop.stage = 0 : i32, ttg.partition = array<i32: 0, 2>, ttg.partition.outputs = [array<i32: 0, 2>, array<i32: 0, 2>, array<i32: 0, 2>]} loc(#loc2)
        %off_k = arith.muli %9, %c128_i32 {loop.cluster = 7 : i32, loop.stage = 0 : i32, ttg.partition = array<i32: 2>} : i32 loc(#loc64)
        %a = tt.descriptor_load %a_desc_1[%10#0, %off_k] {loop.cluster = 7 : i32, loop.stage = 0 : i32, ttg.partition = array<i32: 2>} : !tt.tensordesc<tensor<128x128xf16, #shared>> -> tensor<128x128xf16, #blocked> loc(#loc65)
        %a_11 = ttg.local_alloc %a {loop.cluster = 5 : i32, loop.stage = 1 : i32, ttg.partition = array<i32: 2>} : (tensor<128x128xf16, #blocked>) -> !ttg.memdesc<128x128xf16, #shared, #smem> loc(#loc65)
        %b = tt.descriptor_load %b_desc_2[%10#1, %off_k] {loop.cluster = 7 : i32, loop.stage = 0 : i32, ttg.partition = array<i32: 2>} : !tt.tensordesc<tensor<128x128xf16, #shared>> -> tensor<128x128xf16, #blocked> loc(#loc66)
        %accumulator_12 = ttg.local_alloc %b {loop.cluster = 5 : i32, loop.stage = 1 : i32, ttg.partition = array<i32: 2>} : (tensor<128x128xf16, #blocked>) -> !ttg.memdesc<128x128xf16, #shared, #smem> loc(#loc67)
        %accumulator_13 = ttg.memdesc_trans %accumulator_12 {loop.cluster = 5 : i32, loop.stage = 1 : i32, order = array<i32: 1, 0>, ttg.partition = array<i32: 1>} : !ttg.memdesc<128x128xf16, #shared, #smem> -> !ttg.memdesc<128x128xf16, #shared1, #smem> loc(#loc67)
        %accumulator_14 = ttng.tc_gen5_mma %a_11, %accumulator_13, %accumulator_7[%accumulator_10], %arg15, %true {loop.cluster = 5 : i32, loop.stage = 1 : i32, tt.self_latency = 1 : i32, ttg.partition = array<i32: 1>} : !ttg.memdesc<128x128xf16, #shared, #smem>, !ttg.memdesc<128x128xf16, #shared1, #smem>, !ttg.memdesc<128x128xf32, #tmem, #ttng.tensor_memory, mutable> loc(#loc63)
        %11 = arith.addi %9, %c1_i32 {loop.cluster = 6 : i32, loop.stage = 1 : i32, ttg.partition = array<i32: 2>} : i32 loc(#loc2)
        %12 = arith.cmpi eq, %arg10, %5 {loop.cluster = 4 : i32, loop.stage = 2 : i32, ttg.partition = array<i32: 0, 1>} : i32 loc(#loc2)
        %accumulator_15 = arith.select %12, %false, %true {loop.cluster = 4 : i32, loop.stage = 2 : i32, ttg.partition = array<i32: 1>} : i1 loc(#loc63)
        %13 = scf.if %12 -> (!ttg.async.token) {
          %accumulator_16, %accumulator_17 = ttng.tmem_load %accumulator_7[%accumulator_14] {ttg.partition = array<i32: 0>} : !ttg.memdesc<128x128xf32, #tmem, #ttng.tensor_memory, mutable> -> tensor<128x128xf32, #linear> loc(#loc63)
          %c = arith.truncf %accumulator_16 {ttg.partition = array<i32: 0>} : tensor<128x128xf32, #linear> to tensor<128x128xf16, #linear> loc(#loc68)
          %17 = ttg.convert_layout %c {ttg.partition = array<i32: 0>} : tensor<128x128xf16, #linear> -> tensor<128x128xf16, #blocked> loc(#loc26)
          tt.descriptor_store %c_desc_3[%10#0, %10#1], %17 {ttg.partition = array<i32: 0>} : !tt.tensordesc<tensor<128x128xf16, #shared>>, tensor<128x128xf16, #blocked> loc(#loc26)
          scf.yield {ttg.partition = array<i32: 0, 1>} %accumulator_17 : !ttg.async.token loc(#loc2)
        } else {
          scf.yield {ttg.partition = array<i32: 0, 1>} %accumulator_14 : !ttg.async.token loc(#loc2)
        } {loop.cluster = 8 : i32, loop.stage = 3 : i32, ttg.partition = array<i32: 0, 1>, ttg.partition.outputs = [array<i32: 1>]} loc(#loc2)
        %14 = arith.addi %arg10, %c1_i32 {loop.cluster = 0 : i32, loop.stage = 1 : i32, ttg.partition = array<i32: 0, 1, 2>} : i32 loc(#loc2)
        %15 = arith.cmpi eq, %arg10, %6 {loop.cluster = 0 : i32, loop.stage = 1 : i32, ttg.partition = array<i32: 0, 1, 2>} : i32 loc(#loc2)
        %16 = arith.select %15, %c0_i32, %14 {loop.cluster = 0 : i32, loop.stage = 1 : i32, ttg.partition = array<i32: 0, 1, 2>} : i32 loc(#loc2)
        scf.yield {ttg.partition = array<i32: 0, 1, 2>} %16, %10#2, %11, %10#0, %10#1, %accumulator_15, %13 : i32, i32, i32, i32, i32, i1, !ttg.async.token loc(#loc2)
      } {tt.num_stages = 2 : i32, tt.scheduled_max_stage = 3 : i32, tt.warp_specialize, ttg.partition = array<i32: 0, 1, 2>, ttg.partition.outputs = [array<i32: 0, 1, 2>, array<i32: 0, 2>, array<i32: 2>, array<i32: 0, 2>, array<i32: 0, 2>, array<i32: 1>, array<i32: 1>], ttg.partition.stages = [0 : i32, 1 : i32, 0 : i32], ttg.warp_specialize.tag = 0 : i32} loc(#loc2)
    } loc(#loc52)
    tt.return loc(#loc33)
  } loc(#loc)
} loc(#loc)
#loc1 = loc(unknown)
#loc2 = loc("/home/scratch.egaburov_sw/oai-triton/triton-src/triton-solid-01.git/python/test/unit/language/test_warp_specialization.py":323:28)
#loc3 = loc("/home/scratch.egaburov_sw/oai-triton/triton-src/triton-solid-01.git/python/test/unit/language/test_warp_specialization.py":309:39)
#loc4 = loc("/home/scratch.egaburov_sw/oai-triton/triton-src/triton-solid-01.git/python/test/unit/language/test_warp_specialization.py":311:39)
#loc5 = loc("/home/scratch.egaburov_sw/oai-triton/triton-src/triton-solid-01.git/python/test/unit/language/test_warp_specialization.py":313:39)
#loc6 = loc("/home/scratch.egaburov_sw/oai-triton/triton-src/triton-solid-01.git/python/test/unit/language/test_warp_specialization.py":316:30)
#loc7 = loc("/home/scratch.egaburov_sw/oai-triton/triton-src/triton-solid-01.git/python/triton/language/standard.py":43:17)
#loc8 = loc("/home/scratch.egaburov_sw/oai-triton/triton-src/triton-solid-01.git/python/test/unit/language/test_warp_specialization.py":317:27)
#loc9 = loc("/home/scratch.egaburov_sw/oai-triton/triton-src/triton-solid-01.git/python/triton/language/standard.py":43:30)
#loc10 = loc("/home/scratch.egaburov_sw/oai-triton/triton-src/triton-solid-01.git/python/test/unit/language/test_warp_specialization.py":318:27)
#loc11 = loc("/home/scratch.egaburov_sw/oai-triton/triton-src/triton-solid-01.git/python/test/unit/language/test_warp_specialization.py":319:25)
#loc12 = loc("/home/scratch.egaburov_sw/oai-triton/triton-src/triton-solid-01.git/python/test/unit/language/test_warp_specialization.py":320:28)
#loc13 = loc("/home/scratch.egaburov_sw/oai-triton/triton-src/triton-solid-01.git/python/test/unit/language/test_warp_specialization.py":191:38)
#loc14 = loc("/home/scratch.egaburov_sw/oai-triton/triton-src/triton-solid-01.git/python/test/unit/language/test_warp_specialization.py":324:67)
#loc15 = loc("/home/scratch.egaburov_sw/oai-triton/triton-src/triton-solid-01.git/python/test/unit/language/test_warp_specialization.py":329:24)
#loc16 = loc("/home/scratch.egaburov_sw/oai-triton/triton-src/triton-solid-01.git/python/test/unit/language/test_warp_specialization.py":192:26)
#loc17 = loc("/home/scratch.egaburov_sw/oai-triton/triton-src/triton-solid-01.git/python/test/unit/language/test_warp_specialization.py":193:29)
#loc18 = loc("/home/scratch.egaburov_sw/oai-triton/triton-src/triton-solid-01.git/python/test/unit/language/test_warp_specialization.py":194:35)
#loc19 = loc("/home/scratch.egaburov_sw/oai-triton/triton-src/triton-solid-01.git/python/test/unit/language/test_warp_specialization.py":194:48)
#loc20 = loc("/home/scratch.egaburov_sw/oai-triton/triton-src/triton-solid-01.git/python/test/unit/language/test_warp_specialization.py":195:37)
#loc21 = loc("/home/scratch.egaburov_sw/oai-triton/triton-src/triton-solid-01.git/python/test/unit/language/test_warp_specialization.py":195:27)
#loc22 = loc("/home/scratch.egaburov_sw/oai-triton/triton-src/triton-solid-01.git/python/test/unit/language/test_warp_specialization.py":196:23)
#loc23 = loc("/home/scratch.egaburov_sw/oai-triton/triton-src/triton-solid-01.git/python/test/unit/language/test_warp_specialization.py":196:44)
#loc24 = loc("/home/scratch.egaburov_sw/oai-triton/triton-src/triton-solid-01.git/python/test/unit/language/test_warp_specialization.py":326:25)
#loc25 = loc("/home/scratch.egaburov_sw/oai-triton/triton-src/triton-solid-01.git/python/test/unit/language/test_warp_specialization.py":327:25)
#loc26 = loc("/home/scratch.egaburov_sw/oai-triton/triton-src/triton-solid-01.git/python/test/unit/language/test_warp_specialization.py":336:39)
#loc27 = loc("/home/scratch.egaburov_sw/oai-triton/triton-src/triton-solid-01.git/python/test/unit/language/test_warp_specialization.py":333:41)
#loc28 = loc("/home/scratch.egaburov_sw/oai-triton/triton-src/triton-solid-01.git/python/test/unit/language/test_warp_specialization.py":330:25)
#loc29 = loc("/home/scratch.egaburov_sw/oai-triton/triton-src/triton-solid-01.git/python/test/unit/language/test_warp_specialization.py":331:28)
#loc30 = loc("/home/scratch.egaburov_sw/oai-triton/triton-src/triton-solid-01.git/python/test/unit/language/test_warp_specialization.py":332:28)
#loc31 = loc("/home/scratch.egaburov_sw/oai-triton/triton-src/triton-solid-01.git/python/test/unit/language/test_warp_specialization.py":333:36)
#loc32 = loc("/home/scratch.egaburov_sw/oai-triton/triton-src/triton-solid-01.git/python/test/unit/language/test_warp_specialization.py":335:27)
#loc33 = loc("/home/scratch.egaburov_sw/oai-triton/triton-src/triton-solid-01.git/python/test/unit/language/test_warp_specialization.py":322:4)
#loc43 = loc("a_desc"(#loc3))
#loc44 = loc("b_desc"(#loc4))
#loc45 = loc("c_desc"(#loc5))
#loc46 = loc("start_pid"(#loc6))
#loc47 = loc("num_pid_m"(#loc8))
#loc48 = loc("num_pid_n"(#loc10))
#loc49 = loc("k_tiles"(#loc11))
#loc50 = loc("num_tiles"(#loc12))
#loc51 = loc("num_pid_in_group"(#loc13))
#loc52 = loc("accumulator"(#loc15))
#loc53 = loc("group_id"(#loc16))
#loc54 = loc("first_pid_m"(#loc17))
#loc55 = loc("group_size_m"(#loc18))
#loc56 = loc("group_size_m"(#loc19))
#loc57 = loc("pid_m"(#loc20))
#loc58 = loc("pid_m"(#loc21))
#loc59 = loc("pid_n"(#loc22))
#loc60 = loc("pid_n"(#loc23))
#loc61 = loc("off_am"(#loc24))
#loc62 = loc("off_bn"(#loc25))
#loc63 = loc("accumulator"(#loc27))
#loc64 = loc("off_k"(#loc28))
#loc65 = loc("a"(#loc29))
#loc66 = loc("b"(#loc30))
#loc67 = loc("accumulator"(#loc31))
#loc68 = loc("c"(#loc32))
#loc69 = loc(callsite(#loc7 at #loc47))
#loc70 = loc(callsite(#loc9 at #loc47))
#loc71 = loc(callsite(#loc7 at #loc48))
#loc72 = loc(callsite(#loc9 at #loc48))
#loc73 = loc(callsite(#loc7 at #loc49))
#loc74 = loc(callsite(#loc9 at #loc49))
#loc75 = loc(callsite(#loc51 at #loc14))
#loc76 = loc(callsite(#loc53 at #loc14))
#loc77 = loc(callsite(#loc54 at #loc14))
#loc78 = loc(callsite(#loc55 at #loc14))
#loc79 = loc(callsite(#loc56 at #loc14))
#loc80 = loc(callsite(#loc57 at #loc14))
#loc81 = loc(callsite(#loc58 at #loc14))
#loc82 = loc(callsite(#loc59 at #loc14))
#loc83 = loc(callsite(#loc60 at #loc14))


// -----// IR Dump Before {anonymous}::VerifyWarpSpecializationPartitions () ('builtin.module' operation) //----- //
#blocked = #ttg.blocked<{sizePerThread = [1, 8], threadsPerWarp = [2, 16], warpsPerCTA = [8, 1], order = [1, 0]}>
#linear = #ttg.linear<{register = [[0, 1], [0, 2], [0, 4], [0, 8], [0, 16], [0, 32]], lane = [[1, 0], [2, 0], [4, 0], [8, 0], [16, 0]], warp = [[32, 0], [64, 0], [0, 64]], block = []}>
#loc = loc("/home/scratch.egaburov_sw/oai-triton/triton-src/triton-solid-01.git/python/test/unit/language/test_warp_specialization.py":294:0)
#shared = #ttg.nvmma_shared<{swizzlingByteWidth = 128, transposed = false, elementBitWidth = 16}>
#shared1 = #ttg.nvmma_shared<{swizzlingByteWidth = 128, transposed = true, elementBitWidth = 16}>
#smem = #ttg.shared_memory
#tmem = #ttng.tensor_memory_encoding<blockM = 128, blockN = 128, colStride = 1>
#loc34 = loc("a_ptr"(#loc))
#loc35 = loc("b_ptr"(#loc))
#loc36 = loc("c_ptr"(#loc))
#loc37 = loc("a_stride0"(#loc))
#loc38 = loc("b_stride0"(#loc))
#loc39 = loc("c_stride0"(#loc))
#loc40 = loc("M"(#loc))
#loc41 = loc("N"(#loc))
#loc42 = loc("K"(#loc))
module attributes {"ttg.cluster-dim-x" = 1 : i32, "ttg.cluster-dim-y" = 1 : i32, "ttg.cluster-dim-z" = 1 : i32, ttg.max_reg_auto_ws = 152 : i32, ttg.min_reg_auto_ws = 24 : i32, "ttg.num-ctas" = 1 : i32, "ttg.num-warps" = 8 : i32, ttg.target = "cuda:103", "ttg.threads-per-warp" = 32 : i32} {
  tt.func public @matmul_tma_persistent_ws_kernel(%a_ptr: !tt.ptr<f16> {tt.divisibility = 16 : i32} loc("a_ptr"(#loc)), %b_ptr: !tt.ptr<f16> {tt.divisibility = 16 : i32} loc("b_ptr"(#loc)), %c_ptr: !tt.ptr<f16> {tt.divisibility = 16 : i32} loc("c_ptr"(#loc)), %a_stride0: i32 {tt.divisibility = 16 : i32} loc("a_stride0"(#loc)), %b_stride0: i32 {tt.divisibility = 16 : i32} loc("b_stride0"(#loc)), %c_stride0: i32 {tt.divisibility = 16 : i32} loc("c_stride0"(#loc)), %M: i32 {tt.divisibility = 16 : i32} loc("M"(#loc)), %N: i32 {tt.divisibility = 16 : i32} loc("N"(#loc)), %K: i32 {tt.divisibility = 16 : i32} loc("K"(#loc))) attributes {noinline = false} {
    %false = arith.constant false loc(#loc1)
    %cst = arith.constant dense<0.000000e+00> : tensor<128x128xf16, #blocked> loc(#loc1)
    %true = arith.constant true loc(#loc1)
    %c1_i64 = arith.constant 1 : i64 loc(#loc1)
    %c128_i32 = arith.constant 128 : i32 loc(#loc1)
    %c150_i32 = arith.constant 150 : i32 loc(#loc2)
    %c0_i32 = arith.constant 0 : i32 loc(#loc1)
    %c1_i32 = arith.constant 1 : i32 loc(#loc1)
    %c127_i32 = arith.constant 127 : i32 loc(#loc1)
    %c8_i32 = arith.constant 8 : i32 loc(#loc1)
    %cst_0 = arith.constant dense<0.000000e+00> : tensor<128x128xf32, #linear> loc(#loc1)
    %a_desc = arith.extsi %a_stride0 : i32 to i64 loc(#loc43)
    %a_desc_1 = tt.make_tensor_descriptor %a_ptr, [%M, %K], [%a_desc, %c1_i64] : !tt.ptr<f16>, !tt.tensordesc<tensor<128x128xf16, #shared>> loc(#loc43)
    %b_desc = arith.extsi %b_stride0 : i32 to i64 loc(#loc44)
    %b_desc_2 = tt.make_tensor_descriptor %b_ptr, [%N, %K], [%b_desc, %c1_i64] : !tt.ptr<f16>, !tt.tensordesc<tensor<128x128xf16, #shared>> loc(#loc44)
    %c_desc = arith.extsi %c_stride0 : i32 to i64 loc(#loc45)
    %c_desc_3 = tt.make_tensor_descriptor %c_ptr, [%M, %N], [%c_desc, %c1_i64] : !tt.ptr<f16>, !tt.tensordesc<tensor<128x128xf16, #shared>> loc(#loc45)
    %start_pid = tt.get_program_id x : i32 loc(#loc46)
    %num_pid_m = arith.addi %M, %c127_i32 : i32 loc(#loc69)
    %num_pid_m_4 = arith.divsi %num_pid_m, %c128_i32 : i32 loc(#loc70)
    %num_pid_n = arith.addi %N, %c127_i32 : i32 loc(#loc71)
    %num_pid_n_5 = arith.divsi %num_pid_n, %c128_i32 : i32 loc(#loc72)
    %k_tiles = arith.addi %K, %c127_i32 : i32 loc(#loc73)
    %k_tiles_6 = arith.divsi %k_tiles, %c128_i32 : i32 loc(#loc74)
    %num_tiles = arith.muli %num_pid_m_4, %num_pid_n_5 : i32 loc(#loc50)
    %num_pid_in_group = arith.muli %num_pid_n_5, %c8_i32 : i32 loc(#loc75)
    %accumulator = arith.cmpi eq, %k_tiles_6, %c0_i32 : i32 loc(#loc52)
    scf.if %accumulator {
      scf.for %tile_id = %start_pid to %num_tiles step %c150_i32  : i32 {
        %group_id = arith.divsi %tile_id, %num_pid_in_group : i32 loc(#loc76)
        %first_pid_m = arith.muli %group_id, %c8_i32 : i32 loc(#loc77)
        %group_size_m = arith.subi %num_pid_m_4, %first_pid_m : i32 loc(#loc78)
        %group_size_m_7 = arith.minsi %group_size_m, %c8_i32 : i32 loc(#loc79)
        %pid_m = arith.remsi %tile_id, %group_size_m_7 : i32 loc(#loc80)
        %pid_m_8 = arith.addi %first_pid_m, %pid_m : i32 loc(#loc81)
        %pid_n = arith.remsi %tile_id, %num_pid_in_group : i32 loc(#loc82)
        %pid_n_9 = arith.divsi %pid_n, %group_size_m_7 : i32 loc(#loc83)
        %off_am = arith.muli %pid_m_8, %c128_i32 : i32 loc(#loc61)
        %off_bn = arith.muli %pid_n_9, %c128_i32 : i32 loc(#loc62)
        tt.descriptor_store %c_desc_3[%off_am, %off_bn], %cst : !tt.tensordesc<tensor<128x128xf16, #shared>>, tensor<128x128xf16, #blocked> loc(#loc26)
      } {tt.flatten, tt.num_stages = 2 : i32} loc(#loc2)
    } else {
      %0 = arith.subi %num_tiles, %start_pid : i32 loc(#loc2)
      %1 = arith.ceildivsi %0, %c150_i32 : i32 loc(#loc2)
      %2 = arith.maxsi %k_tiles_6, %c1_i32 : i32 loc(#loc2)
      %3 = arith.muli %1, %2 : i32 loc(#loc2)
      %4 = arith.subi %start_pid, %c150_i32 : i32 loc(#loc2)
      %5 = arith.subi %2, %c1_i32 : i32 loc(#loc2)
      %6 = arith.subi %2, %c1_i32 : i32 loc(#loc2)
      %accumulator_7, %accumulator_8 = ttng.tmem_alloc : () -> (!ttg.memdesc<128x128xf32, #tmem, #ttng.tensor_memory, mutable>, !ttg.async.token) loc(#loc63)
      %accumulator_9 = ttng.tmem_store %cst_0, %accumulator_7[%accumulator_8], %true : tensor<128x128xf32, #linear> -> !ttg.memdesc<128x128xf32, #tmem, #ttng.tensor_memory, mutable> loc(#loc63)
      %7:7 = scf.for %arg9 = %c0_i32 to %3 step %c1_i32 iter_args(%arg10 = %c0_i32, %arg11 = %4, %arg12 = %c0_i32, %arg13 = %c0_i32, %arg14 = %c0_i32, %arg15 = %false, %accumulator_10 = %accumulator_9) -> (i32, i32, i32, i32, i32, i1, !ttg.async.token)  : i32 {
        %8 = arith.cmpi eq, %arg10, %c0_i32 {loop.cluster = 1 : i32, loop.stage = 0 : i32, ttg.partition = array<i32: 0, 2>} : i32 loc(#loc2)
        %9 = arith.select %8, %c0_i32, %arg12 {loop.cluster = 7 : i32, loop.stage = 0 : i32, ttg.partition = array<i32: 2>} : i32 loc(#loc2)
        %10:3 = scf.if %8 -> (i32, i32, i32) {
          %17 = arith.addi %arg11, %c150_i32 {ttg.partition = array<i32: 0, 2>} : i32 loc(#loc2)
          %group_id = arith.divsi %17, %num_pid_in_group {ttg.partition = array<i32: 0, 2>} : i32 loc(#loc76)
          %first_pid_m = arith.muli %group_id, %c8_i32 {ttg.partition = array<i32: 0, 2>} : i32 loc(#loc77)
          %group_size_m = arith.subi %num_pid_m_4, %first_pid_m {ttg.partition = array<i32: 0, 2>} : i32 loc(#loc78)
          %group_size_m_16 = arith.minsi %group_size_m, %c8_i32 {ttg.partition = array<i32: 0, 2>} : i32 loc(#loc79)
          %pid_m = arith.remsi %17, %group_size_m_16 {ttg.partition = array<i32: 0, 2>} : i32 loc(#loc80)
          %pid_m_17 = arith.addi %first_pid_m, %pid_m {ttg.partition = array<i32: 0, 2>} : i32 loc(#loc81)
          %pid_n = arith.remsi %17, %num_pid_in_group {ttg.partition = array<i32: 0, 2>} : i32 loc(#loc82)
          %pid_n_18 = arith.divsi %pid_n, %group_size_m_16 {ttg.partition = array<i32: 0, 2>} : i32 loc(#loc83)
          %off_am = arith.muli %pid_m_17, %c128_i32 {ttg.partition = array<i32: 0, 2>} : i32 loc(#loc61)
          %off_bn = arith.muli %pid_n_18, %c128_i32 {ttg.partition = array<i32: 0, 2>} : i32 loc(#loc62)
          scf.yield {ttg.partition = array<i32: 0, 2>} %off_am, %off_bn, %17 : i32, i32, i32 loc(#loc2)
        } else {
          scf.yield {ttg.partition = array<i32: 0, 2>} %arg13, %arg14, %arg11 : i32, i32, i32 loc(#loc2)
        } {loop.cluster = 1 : i32, loop.stage = 0 : i32, ttg.partition = array<i32: 0, 2>, ttg.partition.outputs = [array<i32: 0, 2>, array<i32: 0, 2>, array<i32: 0, 2>]} loc(#loc2)
        %off_k = arith.muli %9, %c128_i32 {loop.cluster = 7 : i32, loop.stage = 0 : i32, ttg.partition = array<i32: 2>} : i32 loc(#loc64)
        %a = tt.descriptor_load %a_desc_1[%10#0, %off_k] {loop.cluster = 7 : i32, loop.stage = 0 : i32, ttg.partition = array<i32: 2>} : !tt.tensordesc<tensor<128x128xf16, #shared>> -> tensor<128x128xf16, #blocked> loc(#loc65)
        %a_11 = ttg.local_alloc %a {loop.cluster = 5 : i32, loop.stage = 1 : i32, ttg.partition = array<i32: 2>} : (tensor<128x128xf16, #blocked>) -> !ttg.memdesc<128x128xf16, #shared, #smem> loc(#loc65)
        %b = tt.descriptor_load %b_desc_2[%10#1, %off_k] {loop.cluster = 7 : i32, loop.stage = 0 : i32, ttg.partition = array<i32: 2>} : !tt.tensordesc<tensor<128x128xf16, #shared>> -> tensor<128x128xf16, #blocked> loc(#loc66)
        %accumulator_12 = ttg.local_alloc %b {loop.cluster = 5 : i32, loop.stage = 1 : i32, ttg.partition = array<i32: 2>} : (tensor<128x128xf16, #blocked>) -> !ttg.memdesc<128x128xf16, #shared, #smem> loc(#loc67)
        %accumulator_13 = ttg.memdesc_trans %accumulator_12 {loop.cluster = 5 : i32, loop.stage = 1 : i32, order = array<i32: 1, 0>, ttg.partition = array<i32: 1>} : !ttg.memdesc<128x128xf16, #shared, #smem> -> !ttg.memdesc<128x128xf16, #shared1, #smem> loc(#loc67)
        %accumulator_14 = ttng.tc_gen5_mma %a_11, %accumulator_13, %accumulator_7[%accumulator_10], %arg15, %true {loop.cluster = 5 : i32, loop.stage = 1 : i32, tt.self_latency = 1 : i32, ttg.partition = array<i32: 1>} : !ttg.memdesc<128x128xf16, #shared, #smem>, !ttg.memdesc<128x128xf16, #shared1, #smem>, !ttg.memdesc<128x128xf32, #tmem, #ttng.tensor_memory, mutable> loc(#loc63)
        %11 = arith.addi %9, %c1_i32 {loop.cluster = 6 : i32, loop.stage = 1 : i32, ttg.partition = array<i32: 2>} : i32 loc(#loc2)
        %12 = arith.cmpi eq, %arg10, %5 {loop.cluster = 4 : i32, loop.stage = 2 : i32, ttg.partition = array<i32: 0, 1>} : i32 loc(#loc2)
        %accumulator_15 = arith.select %12, %false, %true {loop.cluster = 4 : i32, loop.stage = 2 : i32, ttg.partition = array<i32: 1>} : i1 loc(#loc63)
        %13 = scf.if %12 -> (!ttg.async.token) {
          %accumulator_16, %accumulator_17 = ttng.tmem_load %accumulator_7[%accumulator_14] {ttg.partition = array<i32: 0>} : !ttg.memdesc<128x128xf32, #tmem, #ttng.tensor_memory, mutable> -> tensor<128x128xf32, #linear> loc(#loc63)
          %c = arith.truncf %accumulator_16 {ttg.partition = array<i32: 0>} : tensor<128x128xf32, #linear> to tensor<128x128xf16, #linear> loc(#loc68)
          %17 = ttg.convert_layout %c {ttg.partition = array<i32: 0>} : tensor<128x128xf16, #linear> -> tensor<128x128xf16, #blocked> loc(#loc26)
          tt.descriptor_store %c_desc_3[%10#0, %10#1], %17 {ttg.partition = array<i32: 0>} : !tt.tensordesc<tensor<128x128xf16, #shared>>, tensor<128x128xf16, #blocked> loc(#loc26)
          scf.yield {ttg.partition = array<i32: 0, 1>} %accumulator_17 : !ttg.async.token loc(#loc2)
        } else {
          scf.yield {ttg.partition = array<i32: 0, 1>} %accumulator_14 : !ttg.async.token loc(#loc2)
        } {loop.cluster = 8 : i32, loop.stage = 3 : i32, ttg.partition = array<i32: 0, 1>, ttg.partition.outputs = [array<i32: 1>]} loc(#loc2)
        %14 = arith.addi %arg10, %c1_i32 {loop.cluster = 0 : i32, loop.stage = 1 : i32, ttg.partition = array<i32: 0, 1, 2>} : i32 loc(#loc2)
        %15 = arith.cmpi eq, %arg10, %6 {loop.cluster = 0 : i32, loop.stage = 1 : i32, ttg.partition = array<i32: 0, 1, 2>} : i32 loc(#loc2)
        %16 = arith.select %15, %c0_i32, %14 {loop.cluster = 0 : i32, loop.stage = 1 : i32, ttg.partition = array<i32: 0, 1, 2>} : i32 loc(#loc2)
        scf.yield {ttg.partition = array<i32: 0, 1, 2>} %16, %10#2, %11, %10#0, %10#1, %accumulator_15, %13 : i32, i32, i32, i32, i32, i1, !ttg.async.token loc(#loc2)
      } {tt.num_stages = 2 : i32, tt.scheduled_max_stage = 3 : i32, tt.warp_specialize, ttg.partition = array<i32: 0, 1, 2>, ttg.partition.outputs = [array<i32: 0, 1, 2>, array<i32: 0, 2>, array<i32: 2>, array<i32: 0, 2>, array<i32: 0, 2>, array<i32: 1>, array<i32: 1>], ttg.partition.stages = [0 : i32, 1 : i32, 0 : i32], ttg.warp_specialize.tag = 0 : i32} loc(#loc2)
    } loc(#loc52)
    tt.return loc(#loc33)
  } loc(#loc)
} loc(#loc)
#loc1 = loc(unknown)
#loc2 = loc("/home/scratch.egaburov_sw/oai-triton/triton-src/triton-solid-01.git/python/test/unit/language/test_warp_specialization.py":323:28)
#loc3 = loc("/home/scratch.egaburov_sw/oai-triton/triton-src/triton-solid-01.git/python/test/unit/language/test_warp_specialization.py":309:39)
#loc4 = loc("/home/scratch.egaburov_sw/oai-triton/triton-src/triton-solid-01.git/python/test/unit/language/test_warp_specialization.py":311:39)
#loc5 = loc("/home/scratch.egaburov_sw/oai-triton/triton-src/triton-solid-01.git/python/test/unit/language/test_warp_specialization.py":313:39)
#loc6 = loc("/home/scratch.egaburov_sw/oai-triton/triton-src/triton-solid-01.git/python/test/unit/language/test_warp_specialization.py":316:30)
#loc7 = loc("/home/scratch.egaburov_sw/oai-triton/triton-src/triton-solid-01.git/python/triton/language/standard.py":43:17)
#loc8 = loc("/home/scratch.egaburov_sw/oai-triton/triton-src/triton-solid-01.git/python/test/unit/language/test_warp_specialization.py":317:27)
#loc9 = loc("/home/scratch.egaburov_sw/oai-triton/triton-src/triton-solid-01.git/python/triton/language/standard.py":43:30)
#loc10 = loc("/home/scratch.egaburov_sw/oai-triton/triton-src/triton-solid-01.git/python/test/unit/language/test_warp_specialization.py":318:27)
#loc11 = loc("/home/scratch.egaburov_sw/oai-triton/triton-src/triton-solid-01.git/python/test/unit/language/test_warp_specialization.py":319:25)
#loc12 = loc("/home/scratch.egaburov_sw/oai-triton/triton-src/triton-solid-01.git/python/test/unit/language/test_warp_specialization.py":320:28)
#loc13 = loc("/home/scratch.egaburov_sw/oai-triton/triton-src/triton-solid-01.git/python/test/unit/language/test_warp_specialization.py":191:38)
#loc14 = loc("/home/scratch.egaburov_sw/oai-triton/triton-src/triton-solid-01.git/python/test/unit/language/test_warp_specialization.py":324:67)
#loc15 = loc("/home/scratch.egaburov_sw/oai-triton/triton-src/triton-solid-01.git/python/test/unit/language/test_warp_specialization.py":329:24)
#loc16 = loc("/home/scratch.egaburov_sw/oai-triton/triton-src/triton-solid-01.git/python/test/unit/language/test_warp_specialization.py":192:26)
#loc17 = loc("/home/scratch.egaburov_sw/oai-triton/triton-src/triton-solid-01.git/python/test/unit/language/test_warp_specialization.py":193:29)
#loc18 = loc("/home/scratch.egaburov_sw/oai-triton/triton-src/triton-solid-01.git/python/test/unit/language/test_warp_specialization.py":194:35)
#loc19 = loc("/home/scratch.egaburov_sw/oai-triton/triton-src/triton-solid-01.git/python/test/unit/language/test_warp_specialization.py":194:48)
#loc20 = loc("/home/scratch.egaburov_sw/oai-triton/triton-src/triton-solid-01.git/python/test/unit/language/test_warp_specialization.py":195:37)
#loc21 = loc("/home/scratch.egaburov_sw/oai-triton/triton-src/triton-solid-01.git/python/test/unit/language/test_warp_specialization.py":195:27)
#loc22 = loc("/home/scratch.egaburov_sw/oai-triton/triton-src/triton-solid-01.git/python/test/unit/language/test_warp_specialization.py":196:23)
#loc23 = loc("/home/scratch.egaburov_sw/oai-triton/triton-src/triton-solid-01.git/python/test/unit/language/test_warp_specialization.py":196:44)
#loc24 = loc("/home/scratch.egaburov_sw/oai-triton/triton-src/triton-solid-01.git/python/test/unit/language/test_warp_specialization.py":326:25)
#loc25 = loc("/home/scratch.egaburov_sw/oai-triton/triton-src/triton-solid-01.git/python/test/unit/language/test_warp_specialization.py":327:25)
#loc26 = loc("/home/scratch.egaburov_sw/oai-triton/triton-src/triton-solid-01.git/python/test/unit/language/test_warp_specialization.py":336:39)
#loc27 = loc("/home/scratch.egaburov_sw/oai-triton/triton-src/triton-solid-01.git/python/test/unit/language/test_warp_specialization.py":333:41)
#loc28 = loc("/home/scratch.egaburov_sw/oai-triton/triton-src/triton-solid-01.git/python/test/unit/language/test_warp_specialization.py":330:25)
#loc29 = loc("/home/scratch.egaburov_sw/oai-triton/triton-src/triton-solid-01.git/python/test/unit/language/test_warp_specialization.py":331:28)
#loc30 = loc("/home/scratch.egaburov_sw/oai-triton/triton-src/triton-solid-01.git/python/test/unit/language/test_warp_specialization.py":332:28)
#loc31 = loc("/home/scratch.egaburov_sw/oai-triton/triton-src/triton-solid-01.git/python/test/unit/language/test_warp_specialization.py":333:36)
#loc32 = loc("/home/scratch.egaburov_sw/oai-triton/triton-src/triton-solid-01.git/python/test/unit/language/test_warp_specialization.py":335:27)
#loc33 = loc("/home/scratch.egaburov_sw/oai-triton/triton-src/triton-solid-01.git/python/test/unit/language/test_warp_specialization.py":322:4)
#loc43 = loc("a_desc"(#loc3))
#loc44 = loc("b_desc"(#loc4))
#loc45 = loc("c_desc"(#loc5))
#loc46 = loc("start_pid"(#loc6))
#loc47 = loc("num_pid_m"(#loc8))
#loc48 = loc("num_pid_n"(#loc10))
#loc49 = loc("k_tiles"(#loc11))
#loc50 = loc("num_tiles"(#loc12))
#loc51 = loc("num_pid_in_group"(#loc13))
#loc52 = loc("accumulator"(#loc15))
#loc53 = loc("group_id"(#loc16))
#loc54 = loc("first_pid_m"(#loc17))
#loc55 = loc("group_size_m"(#loc18))
#loc56 = loc("group_size_m"(#loc19))
#loc57 = loc("pid_m"(#loc20))
#loc58 = loc("pid_m"(#loc21))
#loc59 = loc("pid_n"(#loc22))
#loc60 = loc("pid_n"(#loc23))
#loc61 = loc("off_am"(#loc24))
#loc62 = loc("off_bn"(#loc25))
#loc63 = loc("accumulator"(#loc27))
#loc64 = loc("off_k"(#loc28))
#loc65 = loc("a"(#loc29))
#loc66 = loc("b"(#loc30))
#loc67 = loc("accumulator"(#loc31))
#loc68 = loc("c"(#loc32))
#loc69 = loc(callsite(#loc7 at #loc47))
#loc70 = loc(callsite(#loc9 at #loc47))
#loc71 = loc(callsite(#loc7 at #loc48))
#loc72 = loc(callsite(#loc9 at #loc48))
#loc73 = loc(callsite(#loc7 at #loc49))
#loc74 = loc(callsite(#loc9 at #loc49))
#loc75 = loc(callsite(#loc51 at #loc14))
#loc76 = loc(callsite(#loc53 at #loc14))
#loc77 = loc(callsite(#loc54 at #loc14))
#loc78 = loc(callsite(#loc55 at #loc14))
#loc79 = loc(callsite(#loc56 at #loc14))
#loc80 = loc(callsite(#loc57 at #loc14))
#loc81 = loc(callsite(#loc58 at #loc14))
#loc82 = loc(callsite(#loc59 at #loc14))
#loc83 = loc(callsite(#loc60 at #loc14))


// -----// IR Dump Before NVWSInsertAllocas (nvws-insert-allocas) ('builtin.module' operation) //----- //
#blocked = #ttg.blocked<{sizePerThread = [1, 8], threadsPerWarp = [2, 16], warpsPerCTA = [8, 1], order = [1, 0]}>
#linear = #ttg.linear<{register = [[0, 1], [0, 2], [0, 4], [0, 8], [0, 16], [0, 32]], lane = [[1, 0], [2, 0], [4, 0], [8, 0], [16, 0]], warp = [[32, 0], [64, 0], [0, 64]], block = []}>
#loc = loc("/home/scratch.egaburov_sw/oai-triton/triton-src/triton-solid-01.git/python/test/unit/language/test_warp_specialization.py":294:0)
#shared = #ttg.nvmma_shared<{swizzlingByteWidth = 128, transposed = false, elementBitWidth = 16}>
#shared1 = #ttg.nvmma_shared<{swizzlingByteWidth = 128, transposed = true, elementBitWidth = 16}>
#smem = #ttg.shared_memory
#tmem = #ttng.tensor_memory_encoding<blockM = 128, blockN = 128, colStride = 1>
#loc34 = loc("a_ptr"(#loc))
#loc35 = loc("b_ptr"(#loc))
#loc36 = loc("c_ptr"(#loc))
#loc37 = loc("a_stride0"(#loc))
#loc38 = loc("b_stride0"(#loc))
#loc39 = loc("c_stride0"(#loc))
#loc40 = loc("M"(#loc))
#loc41 = loc("N"(#loc))
#loc42 = loc("K"(#loc))
module attributes {"ttg.cluster-dim-x" = 1 : i32, "ttg.cluster-dim-y" = 1 : i32, "ttg.cluster-dim-z" = 1 : i32, ttg.max_reg_auto_ws = 152 : i32, ttg.min_reg_auto_ws = 24 : i32, "ttg.num-ctas" = 1 : i32, "ttg.num-warps" = 8 : i32, ttg.target = "cuda:103", "ttg.threads-per-warp" = 32 : i32} {
  tt.func public @matmul_tma_persistent_ws_kernel(%a_ptr: !tt.ptr<f16> {tt.divisibility = 16 : i32} loc("a_ptr"(#loc)), %b_ptr: !tt.ptr<f16> {tt.divisibility = 16 : i32} loc("b_ptr"(#loc)), %c_ptr: !tt.ptr<f16> {tt.divisibility = 16 : i32} loc("c_ptr"(#loc)), %a_stride0: i32 {tt.divisibility = 16 : i32} loc("a_stride0"(#loc)), %b_stride0: i32 {tt.divisibility = 16 : i32} loc("b_stride0"(#loc)), %c_stride0: i32 {tt.divisibility = 16 : i32} loc("c_stride0"(#loc)), %M: i32 {tt.divisibility = 16 : i32} loc("M"(#loc)), %N: i32 {tt.divisibility = 16 : i32} loc("N"(#loc)), %K: i32 {tt.divisibility = 16 : i32} loc("K"(#loc))) attributes {noinline = false} {
    %false = arith.constant false loc(#loc1)
    %cst = arith.constant dense<0.000000e+00> : tensor<128x128xf16, #blocked> loc(#loc1)
    %true = arith.constant true loc(#loc1)
    %c1_i64 = arith.constant 1 : i64 loc(#loc1)
    %c128_i32 = arith.constant 128 : i32 loc(#loc1)
    %c150_i32 = arith.constant 150 : i32 loc(#loc2)
    %c0_i32 = arith.constant 0 : i32 loc(#loc1)
    %c1_i32 = arith.constant 1 : i32 loc(#loc1)
    %c127_i32 = arith.constant 127 : i32 loc(#loc1)
    %c8_i32 = arith.constant 8 : i32 loc(#loc1)
    %cst_0 = arith.constant dense<0.000000e+00> : tensor<128x128xf32, #linear> loc(#loc1)
    %a_desc = arith.extsi %a_stride0 : i32 to i64 loc(#loc43)
    %a_desc_1 = tt.make_tensor_descriptor %a_ptr, [%M, %K], [%a_desc, %c1_i64] : !tt.ptr<f16>, !tt.tensordesc<tensor<128x128xf16, #shared>> loc(#loc43)
    %b_desc = arith.extsi %b_stride0 : i32 to i64 loc(#loc44)
    %b_desc_2 = tt.make_tensor_descriptor %b_ptr, [%N, %K], [%b_desc, %c1_i64] : !tt.ptr<f16>, !tt.tensordesc<tensor<128x128xf16, #shared>> loc(#loc44)
    %c_desc = arith.extsi %c_stride0 : i32 to i64 loc(#loc45)
    %c_desc_3 = tt.make_tensor_descriptor %c_ptr, [%M, %N], [%c_desc, %c1_i64] : !tt.ptr<f16>, !tt.tensordesc<tensor<128x128xf16, #shared>> loc(#loc45)
    %start_pid = tt.get_program_id x : i32 loc(#loc46)
    %num_pid_m = arith.addi %M, %c127_i32 : i32 loc(#loc69)
    %num_pid_m_4 = arith.divsi %num_pid_m, %c128_i32 : i32 loc(#loc70)
    %num_pid_n = arith.addi %N, %c127_i32 : i32 loc(#loc71)
    %num_pid_n_5 = arith.divsi %num_pid_n, %c128_i32 : i32 loc(#loc72)
    %k_tiles = arith.addi %K, %c127_i32 : i32 loc(#loc73)
    %k_tiles_6 = arith.divsi %k_tiles, %c128_i32 : i32 loc(#loc74)
    %num_tiles = arith.muli %num_pid_m_4, %num_pid_n_5 : i32 loc(#loc50)
    %num_pid_in_group = arith.muli %num_pid_n_5, %c8_i32 : i32 loc(#loc75)
    %accumulator = arith.cmpi eq, %k_tiles_6, %c0_i32 : i32 loc(#loc52)
    scf.if %accumulator {
      scf.for %tile_id = %start_pid to %num_tiles step %c150_i32  : i32 {
        %group_id = arith.divsi %tile_id, %num_pid_in_group : i32 loc(#loc76)
        %first_pid_m = arith.muli %group_id, %c8_i32 : i32 loc(#loc77)
        %group_size_m = arith.subi %num_pid_m_4, %first_pid_m : i32 loc(#loc78)
        %group_size_m_7 = arith.minsi %group_size_m, %c8_i32 : i32 loc(#loc79)
        %pid_m = arith.remsi %tile_id, %group_size_m_7 : i32 loc(#loc80)
        %pid_m_8 = arith.addi %first_pid_m, %pid_m : i32 loc(#loc81)
        %pid_n = arith.remsi %tile_id, %num_pid_in_group : i32 loc(#loc82)
        %pid_n_9 = arith.divsi %pid_n, %group_size_m_7 : i32 loc(#loc83)
        %off_am = arith.muli %pid_m_8, %c128_i32 : i32 loc(#loc61)
        %off_bn = arith.muli %pid_n_9, %c128_i32 : i32 loc(#loc62)
        tt.descriptor_store %c_desc_3[%off_am, %off_bn], %cst : !tt.tensordesc<tensor<128x128xf16, #shared>>, tensor<128x128xf16, #blocked> loc(#loc26)
      } {tt.flatten, tt.num_stages = 2 : i32} loc(#loc2)
    } else {
      %0 = arith.subi %num_tiles, %start_pid : i32 loc(#loc2)
      %1 = arith.ceildivsi %0, %c150_i32 : i32 loc(#loc2)
      %2 = arith.maxsi %k_tiles_6, %c1_i32 : i32 loc(#loc2)
      %3 = arith.muli %1, %2 : i32 loc(#loc2)
      %4 = arith.subi %start_pid, %c150_i32 : i32 loc(#loc2)
      %5 = arith.subi %2, %c1_i32 : i32 loc(#loc2)
      %6 = arith.subi %2, %c1_i32 : i32 loc(#loc2)
      %accumulator_7, %accumulator_8 = ttng.tmem_alloc : () -> (!ttg.memdesc<128x128xf32, #tmem, #ttng.tensor_memory, mutable>, !ttg.async.token) loc(#loc63)
      %accumulator_9 = ttng.tmem_store %cst_0, %accumulator_7[%accumulator_8], %true : tensor<128x128xf32, #linear> -> !ttg.memdesc<128x128xf32, #tmem, #ttng.tensor_memory, mutable> loc(#loc63)
      %7:7 = scf.for %arg9 = %c0_i32 to %3 step %c1_i32 iter_args(%arg10 = %c0_i32, %arg11 = %4, %arg12 = %c0_i32, %arg13 = %c0_i32, %arg14 = %c0_i32, %arg15 = %false, %accumulator_10 = %accumulator_9) -> (i32, i32, i32, i32, i32, i1, !ttg.async.token)  : i32 {
        %8 = arith.cmpi eq, %arg10, %c0_i32 {loop.cluster = 1 : i32, loop.stage = 0 : i32, ttg.partition = array<i32: 0, 2>} : i32 loc(#loc2)
        %9 = arith.select %8, %c0_i32, %arg12 {loop.cluster = 7 : i32, loop.stage = 0 : i32, ttg.partition = array<i32: 2>} : i32 loc(#loc2)
        %10:3 = scf.if %8 -> (i32, i32, i32) {
          %17 = arith.addi %arg11, %c150_i32 {ttg.partition = array<i32: 0, 2>} : i32 loc(#loc2)
          %group_id = arith.divsi %17, %num_pid_in_group {ttg.partition = array<i32: 0, 2>} : i32 loc(#loc76)
          %first_pid_m = arith.muli %group_id, %c8_i32 {ttg.partition = array<i32: 0, 2>} : i32 loc(#loc77)
          %group_size_m = arith.subi %num_pid_m_4, %first_pid_m {ttg.partition = array<i32: 0, 2>} : i32 loc(#loc78)
          %group_size_m_16 = arith.minsi %group_size_m, %c8_i32 {ttg.partition = array<i32: 0, 2>} : i32 loc(#loc79)
          %pid_m = arith.remsi %17, %group_size_m_16 {ttg.partition = array<i32: 0, 2>} : i32 loc(#loc80)
          %pid_m_17 = arith.addi %first_pid_m, %pid_m {ttg.partition = array<i32: 0, 2>} : i32 loc(#loc81)
          %pid_n = arith.remsi %17, %num_pid_in_group {ttg.partition = array<i32: 0, 2>} : i32 loc(#loc82)
          %pid_n_18 = arith.divsi %pid_n, %group_size_m_16 {ttg.partition = array<i32: 0, 2>} : i32 loc(#loc83)
          %off_am = arith.muli %pid_m_17, %c128_i32 {ttg.partition = array<i32: 0, 2>} : i32 loc(#loc61)
          %off_bn = arith.muli %pid_n_18, %c128_i32 {ttg.partition = array<i32: 0, 2>} : i32 loc(#loc62)
          scf.yield {ttg.partition = array<i32: 0, 2>} %off_am, %off_bn, %17 : i32, i32, i32 loc(#loc2)
        } else {
          scf.yield {ttg.partition = array<i32: 0, 2>} %arg13, %arg14, %arg11 : i32, i32, i32 loc(#loc2)
        } {loop.cluster = 1 : i32, loop.stage = 0 : i32, ttg.partition = array<i32: 0, 2>, ttg.partition.outputs = [array<i32: 0, 2>, array<i32: 0, 2>, array<i32: 0, 2>]} loc(#loc2)
        %off_k = arith.muli %9, %c128_i32 {loop.cluster = 7 : i32, loop.stage = 0 : i32, ttg.partition = array<i32: 2>} : i32 loc(#loc64)
        %a = tt.descriptor_load %a_desc_1[%10#0, %off_k] {loop.cluster = 7 : i32, loop.stage = 0 : i32, ttg.partition = array<i32: 2>} : !tt.tensordesc<tensor<128x128xf16, #shared>> -> tensor<128x128xf16, #blocked> loc(#loc65)
        %a_11 = ttg.local_alloc %a {loop.cluster = 5 : i32, loop.stage = 1 : i32, ttg.partition = array<i32: 2>} : (tensor<128x128xf16, #blocked>) -> !ttg.memdesc<128x128xf16, #shared, #smem> loc(#loc65)
        %b = tt.descriptor_load %b_desc_2[%10#1, %off_k] {loop.cluster = 7 : i32, loop.stage = 0 : i32, ttg.partition = array<i32: 2>} : !tt.tensordesc<tensor<128x128xf16, #shared>> -> tensor<128x128xf16, #blocked> loc(#loc66)
        %accumulator_12 = ttg.local_alloc %b {loop.cluster = 5 : i32, loop.stage = 1 : i32, ttg.partition = array<i32: 2>} : (tensor<128x128xf16, #blocked>) -> !ttg.memdesc<128x128xf16, #shared, #smem> loc(#loc67)
        %accumulator_13 = ttg.memdesc_trans %accumulator_12 {loop.cluster = 5 : i32, loop.stage = 1 : i32, order = array<i32: 1, 0>, ttg.partition = array<i32: 1>} : !ttg.memdesc<128x128xf16, #shared, #smem> -> !ttg.memdesc<128x128xf16, #shared1, #smem> loc(#loc67)
        %accumulator_14 = ttng.tc_gen5_mma %a_11, %accumulator_13, %accumulator_7[%accumulator_10], %arg15, %true {loop.cluster = 5 : i32, loop.stage = 1 : i32, tt.self_latency = 1 : i32, ttg.partition = array<i32: 1>} : !ttg.memdesc<128x128xf16, #shared, #smem>, !ttg.memdesc<128x128xf16, #shared1, #smem>, !ttg.memdesc<128x128xf32, #tmem, #ttng.tensor_memory, mutable> loc(#loc63)
        %11 = arith.addi %9, %c1_i32 {loop.cluster = 6 : i32, loop.stage = 1 : i32, ttg.partition = array<i32: 2>} : i32 loc(#loc2)
        %12 = arith.cmpi eq, %arg10, %5 {loop.cluster = 4 : i32, loop.stage = 2 : i32, ttg.partition = array<i32: 0, 1>} : i32 loc(#loc2)
        %accumulator_15 = arith.select %12, %false, %true {loop.cluster = 4 : i32, loop.stage = 2 : i32, ttg.partition = array<i32: 1>} : i1 loc(#loc63)
        %13 = scf.if %12 -> (!ttg.async.token) {
          %accumulator_16, %accumulator_17 = ttng.tmem_load %accumulator_7[%accumulator_14] {ttg.partition = array<i32: 0>} : !ttg.memdesc<128x128xf32, #tmem, #ttng.tensor_memory, mutable> -> tensor<128x128xf32, #linear> loc(#loc63)
          %c = arith.truncf %accumulator_16 {ttg.partition = array<i32: 0>} : tensor<128x128xf32, #linear> to tensor<128x128xf16, #linear> loc(#loc68)
          %17 = ttg.convert_layout %c {ttg.partition = array<i32: 0>} : tensor<128x128xf16, #linear> -> tensor<128x128xf16, #blocked> loc(#loc26)
          tt.descriptor_store %c_desc_3[%10#0, %10#1], %17 {ttg.partition = array<i32: 0>} : !tt.tensordesc<tensor<128x128xf16, #shared>>, tensor<128x128xf16, #blocked> loc(#loc26)
          scf.yield {ttg.partition = array<i32: 0, 1>} %accumulator_17 : !ttg.async.token loc(#loc2)
        } else {
          scf.yield {ttg.partition = array<i32: 0, 1>} %accumulator_14 : !ttg.async.token loc(#loc2)
        } {loop.cluster = 8 : i32, loop.stage = 3 : i32, ttg.partition = array<i32: 0, 1>, ttg.partition.outputs = [array<i32: 1>]} loc(#loc2)
        %14 = arith.addi %arg10, %c1_i32 {loop.cluster = 0 : i32, loop.stage = 1 : i32, ttg.partition = array<i32: 0, 1, 2>} : i32 loc(#loc2)
        %15 = arith.cmpi eq, %arg10, %6 {loop.cluster = 0 : i32, loop.stage = 1 : i32, ttg.partition = array<i32: 0, 1, 2>} : i32 loc(#loc2)
        %16 = arith.select %15, %c0_i32, %14 {loop.cluster = 0 : i32, loop.stage = 1 : i32, ttg.partition = array<i32: 0, 1, 2>} : i32 loc(#loc2)
        scf.yield {ttg.partition = array<i32: 0, 1, 2>} %16, %10#2, %11, %10#0, %10#1, %accumulator_15, %13 : i32, i32, i32, i32, i32, i1, !ttg.async.token loc(#loc2)
      } {tt.num_stages = 2 : i32, tt.scheduled_max_stage = 3 : i32, tt.warp_specialize, ttg.partition = array<i32: 0, 1, 2>, ttg.partition.outputs = [array<i32: 0, 1, 2>, array<i32: 0, 2>, array<i32: 2>, array<i32: 0, 2>, array<i32: 0, 2>, array<i32: 1>, array<i32: 1>], ttg.partition.stages = [0 : i32, 1 : i32, 0 : i32], ttg.warp_specialize.tag = 0 : i32} loc(#loc2)
    } loc(#loc52)
    tt.return loc(#loc33)
  } loc(#loc)
} loc(#loc)
#loc1 = loc(unknown)
#loc2 = loc("/home/scratch.egaburov_sw/oai-triton/triton-src/triton-solid-01.git/python/test/unit/language/test_warp_specialization.py":323:28)
#loc3 = loc("/home/scratch.egaburov_sw/oai-triton/triton-src/triton-solid-01.git/python/test/unit/language/test_warp_specialization.py":309:39)
#loc4 = loc("/home/scratch.egaburov_sw/oai-triton/triton-src/triton-solid-01.git/python/test/unit/language/test_warp_specialization.py":311:39)
#loc5 = loc("/home/scratch.egaburov_sw/oai-triton/triton-src/triton-solid-01.git/python/test/unit/language/test_warp_specialization.py":313:39)
#loc6 = loc("/home/scratch.egaburov_sw/oai-triton/triton-src/triton-solid-01.git/python/test/unit/language/test_warp_specialization.py":316:30)
#loc7 = loc("/home/scratch.egaburov_sw/oai-triton/triton-src/triton-solid-01.git/python/triton/language/standard.py":43:17)
#loc8 = loc("/home/scratch.egaburov_sw/oai-triton/triton-src/triton-solid-01.git/python/test/unit/language/test_warp_specialization.py":317:27)
#loc9 = loc("/home/scratch.egaburov_sw/oai-triton/triton-src/triton-solid-01.git/python/triton/language/standard.py":43:30)
#loc10 = loc("/home/scratch.egaburov_sw/oai-triton/triton-src/triton-solid-01.git/python/test/unit/language/test_warp_specialization.py":318:27)
#loc11 = loc("/home/scratch.egaburov_sw/oai-triton/triton-src/triton-solid-01.git/python/test/unit/language/test_warp_specialization.py":319:25)
#loc12 = loc("/home/scratch.egaburov_sw/oai-triton/triton-src/triton-solid-01.git/python/test/unit/language/test_warp_specialization.py":320:28)
#loc13 = loc("/home/scratch.egaburov_sw/oai-triton/triton-src/triton-solid-01.git/python/test/unit/language/test_warp_specialization.py":191:38)
#loc14 = loc("/home/scratch.egaburov_sw/oai-triton/triton-src/triton-solid-01.git/python/test/unit/language/test_warp_specialization.py":324:67)
#loc15 = loc("/home/scratch.egaburov_sw/oai-triton/triton-src/triton-solid-01.git/python/test/unit/language/test_warp_specialization.py":329:24)
#loc16 = loc("/home/scratch.egaburov_sw/oai-triton/triton-src/triton-solid-01.git/python/test/unit/language/test_warp_specialization.py":192:26)
#loc17 = loc("/home/scratch.egaburov_sw/oai-triton/triton-src/triton-solid-01.git/python/test/unit/language/test_warp_specialization.py":193:29)
#loc18 = loc("/home/scratch.egaburov_sw/oai-triton/triton-src/triton-solid-01.git/python/test/unit/language/test_warp_specialization.py":194:35)
#loc19 = loc("/home/scratch.egaburov_sw/oai-triton/triton-src/triton-solid-01.git/python/test/unit/language/test_warp_specialization.py":194:48)
#loc20 = loc("/home/scratch.egaburov_sw/oai-triton/triton-src/triton-solid-01.git/python/test/unit/language/test_warp_specialization.py":195:37)
#loc21 = loc("/home/scratch.egaburov_sw/oai-triton/triton-src/triton-solid-01.git/python/test/unit/language/test_warp_specialization.py":195:27)
#loc22 = loc("/home/scratch.egaburov_sw/oai-triton/triton-src/triton-solid-01.git/python/test/unit/language/test_warp_specialization.py":196:23)
#loc23 = loc("/home/scratch.egaburov_sw/oai-triton/triton-src/triton-solid-01.git/python/test/unit/language/test_warp_specialization.py":196:44)
#loc24 = loc("/home/scratch.egaburov_sw/oai-triton/triton-src/triton-solid-01.git/python/test/unit/language/test_warp_specialization.py":326:25)
#loc25 = loc("/home/scratch.egaburov_sw/oai-triton/triton-src/triton-solid-01.git/python/test/unit/language/test_warp_specialization.py":327:25)
#loc26 = loc("/home/scratch.egaburov_sw/oai-triton/triton-src/triton-solid-01.git/python/test/unit/language/test_warp_specialization.py":336:39)
#loc27 = loc("/home/scratch.egaburov_sw/oai-triton/triton-src/triton-solid-01.git/python/test/unit/language/test_warp_specialization.py":333:41)
#loc28 = loc("/home/scratch.egaburov_sw/oai-triton/triton-src/triton-solid-01.git/python/test/unit/language/test_warp_specialization.py":330:25)
#loc29 = loc("/home/scratch.egaburov_sw/oai-triton/triton-src/triton-solid-01.git/python/test/unit/language/test_warp_specialization.py":331:28)
#loc30 = loc("/home/scratch.egaburov_sw/oai-triton/triton-src/triton-solid-01.git/python/test/unit/language/test_warp_specialization.py":332:28)
#loc31 = loc("/home/scratch.egaburov_sw/oai-triton/triton-src/triton-solid-01.git/python/test/unit/language/test_warp_specialization.py":333:36)
#loc32 = loc("/home/scratch.egaburov_sw/oai-triton/triton-src/triton-solid-01.git/python/test/unit/language/test_warp_specialization.py":335:27)
#loc33 = loc("/home/scratch.egaburov_sw/oai-triton/triton-src/triton-solid-01.git/python/test/unit/language/test_warp_specialization.py":322:4)
#loc43 = loc("a_desc"(#loc3))
#loc44 = loc("b_desc"(#loc4))
#loc45 = loc("c_desc"(#loc5))
#loc46 = loc("start_pid"(#loc6))
#loc47 = loc("num_pid_m"(#loc8))
#loc48 = loc("num_pid_n"(#loc10))
#loc49 = loc("k_tiles"(#loc11))
#loc50 = loc("num_tiles"(#loc12))
#loc51 = loc("num_pid_in_group"(#loc13))
#loc52 = loc("accumulator"(#loc15))
#loc53 = loc("group_id"(#loc16))
#loc54 = loc("first_pid_m"(#loc17))
#loc55 = loc("group_size_m"(#loc18))
#loc56 = loc("group_size_m"(#loc19))
#loc57 = loc("pid_m"(#loc20))
#loc58 = loc("pid_m"(#loc21))
#loc59 = loc("pid_n"(#loc22))
#loc60 = loc("pid_n"(#loc23))
#loc61 = loc("off_am"(#loc24))
#loc62 = loc("off_bn"(#loc25))
#loc63 = loc("accumulator"(#loc27))
#loc64 = loc("off_k"(#loc28))
#loc65 = loc("a"(#loc29))
#loc66 = loc("b"(#loc30))
#loc67 = loc("accumulator"(#loc31))
#loc68 = loc("c"(#loc32))
#loc69 = loc(callsite(#loc7 at #loc47))
#loc70 = loc(callsite(#loc9 at #loc47))
#loc71 = loc(callsite(#loc7 at #loc48))
#loc72 = loc(callsite(#loc9 at #loc48))
#loc73 = loc(callsite(#loc7 at #loc49))
#loc74 = loc(callsite(#loc9 at #loc49))
#loc75 = loc(callsite(#loc51 at #loc14))
#loc76 = loc(callsite(#loc53 at #loc14))
#loc77 = loc(callsite(#loc54 at #loc14))
#loc78 = loc(callsite(#loc55 at #loc14))
#loc79 = loc(callsite(#loc56 at #loc14))
#loc80 = loc(callsite(#loc57 at #loc14))
#loc81 = loc(callsite(#loc58 at #loc14))
#loc82 = loc(callsite(#loc59 at #loc14))
#loc83 = loc(callsite(#loc60 at #loc14))


// -----// IR Dump Before {anonymous}::VerifyWarpSpecializationPartitions () ('builtin.module' operation) //----- //
#blocked = #ttg.blocked<{sizePerThread = [1, 8], threadsPerWarp = [2, 16], warpsPerCTA = [8, 1], order = [1, 0]}>
#linear = #ttg.linear<{register = [[0, 1], [0, 2], [0, 4], [0, 8], [0, 16], [0, 32]], lane = [[1, 0], [2, 0], [4, 0], [8, 0], [16, 0]], warp = [[32, 0], [64, 0], [0, 64]], block = []}>
#loc = loc("/home/scratch.egaburov_sw/oai-triton/triton-src/triton-solid-01.git/python/test/unit/language/test_warp_specialization.py":294:0)
#shared = #ttg.nvmma_shared<{swizzlingByteWidth = 128, transposed = false, elementBitWidth = 16}>
#shared1 = #ttg.nvmma_shared<{swizzlingByteWidth = 128, transposed = true, elementBitWidth = 16}>
#smem = #ttg.shared_memory
#tmem = #ttng.tensor_memory_encoding<blockM = 128, blockN = 128, colStride = 1>
#loc33 = loc("a_ptr"(#loc))
#loc34 = loc("b_ptr"(#loc))
#loc35 = loc("c_ptr"(#loc))
#loc36 = loc("a_stride0"(#loc))
#loc37 = loc("b_stride0"(#loc))
#loc38 = loc("c_stride0"(#loc))
#loc39 = loc("M"(#loc))
#loc40 = loc("N"(#loc))
#loc41 = loc("K"(#loc))
module attributes {"ttg.cluster-dim-x" = 1 : i32, "ttg.cluster-dim-y" = 1 : i32, "ttg.cluster-dim-z" = 1 : i32, ttg.max_reg_auto_ws = 152 : i32, ttg.min_reg_auto_ws = 24 : i32, "ttg.num-ctas" = 1 : i32, "ttg.num-warps" = 8 : i32, ttg.target = "cuda:103", "ttg.threads-per-warp" = 32 : i32} {
  tt.func public @matmul_tma_persistent_ws_kernel(%a_ptr: !tt.ptr<f16> {tt.divisibility = 16 : i32} loc("a_ptr"(#loc)), %b_ptr: !tt.ptr<f16> {tt.divisibility = 16 : i32} loc("b_ptr"(#loc)), %c_ptr: !tt.ptr<f16> {tt.divisibility = 16 : i32} loc("c_ptr"(#loc)), %a_stride0: i32 {tt.divisibility = 16 : i32} loc("a_stride0"(#loc)), %b_stride0: i32 {tt.divisibility = 16 : i32} loc("b_stride0"(#loc)), %c_stride0: i32 {tt.divisibility = 16 : i32} loc("c_stride0"(#loc)), %M: i32 {tt.divisibility = 16 : i32} loc("M"(#loc)), %N: i32 {tt.divisibility = 16 : i32} loc("N"(#loc)), %K: i32 {tt.divisibility = 16 : i32} loc("K"(#loc))) attributes {noinline = false} {
    %false = arith.constant false loc(#loc1)
    %cst = arith.constant dense<0.000000e+00> : tensor<128x128xf16, #blocked> loc(#loc1)
    %true = arith.constant true loc(#loc1)
    %c1_i64 = arith.constant 1 : i64 loc(#loc1)
    %c128_i32 = arith.constant 128 : i32 loc(#loc1)
    %c150_i32 = arith.constant 150 : i32 loc(#loc2)
    %c0_i32 = arith.constant 0 : i32 loc(#loc1)
    %c1_i32 = arith.constant 1 : i32 loc(#loc1)
    %c127_i32 = arith.constant 127 : i32 loc(#loc1)
    %c8_i32 = arith.constant 8 : i32 loc(#loc1)
    %cst_0 = arith.constant dense<0.000000e+00> : tensor<128x128xf32, #linear> loc(#loc1)
    %a_desc = arith.extsi %a_stride0 : i32 to i64 loc(#loc42)
    %a_desc_1 = tt.make_tensor_descriptor %a_ptr, [%M, %K], [%a_desc, %c1_i64] : !tt.ptr<f16>, !tt.tensordesc<tensor<128x128xf16, #shared>> loc(#loc42)
    %b_desc = arith.extsi %b_stride0 : i32 to i64 loc(#loc43)
    %b_desc_2 = tt.make_tensor_descriptor %b_ptr, [%N, %K], [%b_desc, %c1_i64] : !tt.ptr<f16>, !tt.tensordesc<tensor<128x128xf16, #shared>> loc(#loc43)
    %c_desc = arith.extsi %c_stride0 : i32 to i64 loc(#loc44)
    %c_desc_3 = tt.make_tensor_descriptor %c_ptr, [%M, %N], [%c_desc, %c1_i64] : !tt.ptr<f16>, !tt.tensordesc<tensor<128x128xf16, #shared>> loc(#loc44)
    %start_pid = tt.get_program_id x : i32 loc(#loc45)
    %num_pid_m = arith.addi %M, %c127_i32 : i32 loc(#loc67)
    %num_pid_m_4 = arith.divsi %num_pid_m, %c128_i32 : i32 loc(#loc68)
    %num_pid_n = arith.addi %N, %c127_i32 : i32 loc(#loc69)
    %num_pid_n_5 = arith.divsi %num_pid_n, %c128_i32 : i32 loc(#loc70)
    %k_tiles = arith.addi %K, %c127_i32 : i32 loc(#loc71)
    %k_tiles_6 = arith.divsi %k_tiles, %c128_i32 : i32 loc(#loc72)
    %num_tiles = arith.muli %num_pid_m_4, %num_pid_n_5 : i32 loc(#loc49)
    %num_pid_in_group = arith.muli %num_pid_n_5, %c8_i32 : i32 loc(#loc73)
    %accumulator = arith.cmpi eq, %k_tiles_6, %c0_i32 : i32 loc(#loc51)
    scf.if %accumulator {
      scf.for %tile_id = %start_pid to %num_tiles step %c150_i32  : i32 {
        %group_id = arith.divsi %tile_id, %num_pid_in_group : i32 loc(#loc74)
        %first_pid_m = arith.muli %group_id, %c8_i32 : i32 loc(#loc75)
        %group_size_m = arith.subi %num_pid_m_4, %first_pid_m : i32 loc(#loc76)
        %group_size_m_7 = arith.minsi %group_size_m, %c8_i32 : i32 loc(#loc77)
        %pid_m = arith.remsi %tile_id, %group_size_m_7 : i32 loc(#loc78)
        %pid_m_8 = arith.addi %first_pid_m, %pid_m : i32 loc(#loc79)
        %pid_n = arith.remsi %tile_id, %num_pid_in_group : i32 loc(#loc80)
        %pid_n_9 = arith.divsi %pid_n, %group_size_m_7 : i32 loc(#loc81)
        %off_am = arith.muli %pid_m_8, %c128_i32 : i32 loc(#loc60)
        %off_bn = arith.muli %pid_n_9, %c128_i32 : i32 loc(#loc61)
        tt.descriptor_store %c_desc_3[%off_am, %off_bn], %cst : !tt.tensordesc<tensor<128x128xf16, #shared>>, tensor<128x128xf16, #blocked> loc(#loc26)
      } {tt.flatten, tt.num_stages = 2 : i32} loc(#loc2)
    } else {
      %0 = arith.subi %num_tiles, %start_pid : i32 loc(#loc2)
      %1 = arith.ceildivsi %0, %c150_i32 : i32 loc(#loc2)
      %2 = arith.maxsi %k_tiles_6, %c1_i32 : i32 loc(#loc2)
      %3 = arith.muli %1, %2 : i32 loc(#loc2)
      %4 = arith.subi %start_pid, %c150_i32 : i32 loc(#loc2)
      %5 = arith.subi %2, %c1_i32 : i32 loc(#loc2)
      %6 = arith.subi %2, %c1_i32 : i32 loc(#loc2)
      %accumulator_7, %accumulator_8 = ttng.tmem_alloc : () -> (!ttg.memdesc<128x128xf32, #tmem, #ttng.tensor_memory, mutable>, !ttg.async.token) loc(#loc62)
      %accumulator_9 = ttng.tmem_store %cst_0, %accumulator_7[%accumulator_8], %true : tensor<128x128xf32, #linear> -> !ttg.memdesc<128x128xf32, #tmem, #ttng.tensor_memory, mutable> loc(#loc62)
      %a = ttg.local_alloc : () -> !ttg.memdesc<128x128xf16, #shared, #smem, mutable> loc(#loc63)
      %accumulator_10 = ttg.local_alloc : () -> !ttg.memdesc<128x128xf16, #shared, #smem, mutable> loc(#loc64)
      %7:7 = scf.for %arg9 = %c0_i32 to %3 step %c1_i32 iter_args(%arg10 = %c0_i32, %arg11 = %4, %arg12 = %c0_i32, %arg13 = %c0_i32, %arg14 = %c0_i32, %arg15 = %false, %accumulator_11 = %accumulator_9) -> (i32, i32, i32, i32, i32, i1, !ttg.async.token)  : i32 {
        %8 = arith.cmpi eq, %arg10, %c0_i32 {loop.cluster = 1 : i32, loop.stage = 0 : i32, ttg.partition = array<i32: 0, 2>} : i32 loc(#loc2)
        %9 = arith.select %8, %c0_i32, %arg12 {loop.cluster = 7 : i32, loop.stage = 0 : i32, ttg.partition = array<i32: 2>} : i32 loc(#loc2)
        %10:3 = scf.if %8 -> (i32, i32, i32) {
          %17 = arith.addi %arg11, %c150_i32 {ttg.partition = array<i32: 0, 2>} : i32 loc(#loc2)
          %group_id = arith.divsi %17, %num_pid_in_group {ttg.partition = array<i32: 0, 2>} : i32 loc(#loc74)
          %first_pid_m = arith.muli %group_id, %c8_i32 {ttg.partition = array<i32: 0, 2>} : i32 loc(#loc75)
          %group_size_m = arith.subi %num_pid_m_4, %first_pid_m {ttg.partition = array<i32: 0, 2>} : i32 loc(#loc76)
          %group_size_m_15 = arith.minsi %group_size_m, %c8_i32 {ttg.partition = array<i32: 0, 2>} : i32 loc(#loc77)
          %pid_m = arith.remsi %17, %group_size_m_15 {ttg.partition = array<i32: 0, 2>} : i32 loc(#loc78)
          %pid_m_16 = arith.addi %first_pid_m, %pid_m {ttg.partition = array<i32: 0, 2>} : i32 loc(#loc79)
          %pid_n = arith.remsi %17, %num_pid_in_group {ttg.partition = array<i32: 0, 2>} : i32 loc(#loc80)
          %pid_n_17 = arith.divsi %pid_n, %group_size_m_15 {ttg.partition = array<i32: 0, 2>} : i32 loc(#loc81)
          %off_am = arith.muli %pid_m_16, %c128_i32 {ttg.partition = array<i32: 0, 2>} : i32 loc(#loc60)
          %off_bn = arith.muli %pid_n_17, %c128_i32 {ttg.partition = array<i32: 0, 2>} : i32 loc(#loc61)
          scf.yield {ttg.partition = array<i32: 0, 2>} %off_am, %off_bn, %17 : i32, i32, i32 loc(#loc2)
        } else {
          scf.yield {ttg.partition = array<i32: 0, 2>} %arg13, %arg14, %arg11 : i32, i32, i32 loc(#loc2)
        } {loop.cluster = 1 : i32, loop.stage = 0 : i32, ttg.partition = array<i32: 0, 2>, ttg.partition.outputs = [array<i32: 0, 2>, array<i32: 0, 2>, array<i32: 0, 2>]} loc(#loc2)
        %off_k = arith.muli %9, %c128_i32 {loop.cluster = 7 : i32, loop.stage = 0 : i32, ttg.partition = array<i32: 2>} : i32 loc(#loc65)
        nvws.descriptor_load %a_desc_1[%10#0, %off_k] 32768 %a {loop.cluster = 7 : i32, loop.stage = 0 : i32, ttg.partition = array<i32: 2>} : !tt.tensordesc<tensor<128x128xf16, #shared>>, i32, i32, !ttg.memdesc<128x128xf16, #shared, #smem, mutable> loc(#loc63)
        nvws.descriptor_load %b_desc_2[%10#1, %off_k] 32768 %accumulator_10 {loop.cluster = 7 : i32, loop.stage = 0 : i32, ttg.partition = array<i32: 2>} : !tt.tensordesc<tensor<128x128xf16, #shared>>, i32, i32, !ttg.memdesc<128x128xf16, #shared, #smem, mutable> loc(#loc64)
        %accumulator_12 = ttg.memdesc_trans %accumulator_10 {loop.cluster = 5 : i32, loop.stage = 1 : i32, order = array<i32: 1, 0>, ttg.partition = array<i32: 1>} : !ttg.memdesc<128x128xf16, #shared, #smem, mutable> -> !ttg.memdesc<128x128xf16, #shared1, #smem, mutable> loc(#loc64)
        %accumulator_13 = ttng.tc_gen5_mma %a, %accumulator_12, %accumulator_7[%accumulator_11], %arg15, %true {loop.cluster = 5 : i32, loop.stage = 1 : i32, tt.self_latency = 1 : i32, ttg.partition = array<i32: 1>} : !ttg.memdesc<128x128xf16, #shared, #smem, mutable>, !ttg.memdesc<128x128xf16, #shared1, #smem, mutable>, !ttg.memdesc<128x128xf32, #tmem, #ttng.tensor_memory, mutable> loc(#loc62)
        %11 = arith.addi %9, %c1_i32 {loop.cluster = 6 : i32, loop.stage = 1 : i32, ttg.partition = array<i32: 2>} : i32 loc(#loc2)
        %12 = arith.cmpi eq, %arg10, %5 {loop.cluster = 4 : i32, loop.stage = 2 : i32, ttg.partition = array<i32: 0, 1>} : i32 loc(#loc2)
        %accumulator_14 = arith.select %12, %false, %true {loop.cluster = 4 : i32, loop.stage = 2 : i32, ttg.partition = array<i32: 1>} : i1 loc(#loc62)
        %13 = scf.if %12 -> (!ttg.async.token) {
          %accumulator_15, %accumulator_16 = ttng.tmem_load %accumulator_7[%accumulator_13] {ttg.partition = array<i32: 0>} : !ttg.memdesc<128x128xf32, #tmem, #ttng.tensor_memory, mutable> -> tensor<128x128xf32, #linear> loc(#loc62)
          %c = arith.truncf %accumulator_15 {ttg.partition = array<i32: 0>} : tensor<128x128xf32, #linear> to tensor<128x128xf16, #linear> loc(#loc66)
          %17 = ttg.convert_layout %c {ttg.partition = array<i32: 0>} : tensor<128x128xf16, #linear> -> tensor<128x128xf16, #blocked> loc(#loc26)
          tt.descriptor_store %c_desc_3[%10#0, %10#1], %17 {ttg.partition = array<i32: 0>} : !tt.tensordesc<tensor<128x128xf16, #shared>>, tensor<128x128xf16, #blocked> loc(#loc26)
          scf.yield {ttg.partition = array<i32: 0, 1>} %accumulator_16 : !ttg.async.token loc(#loc2)
        } else {
          scf.yield {ttg.partition = array<i32: 0, 1>} %accumulator_13 : !ttg.async.token loc(#loc2)
        } {loop.cluster = 8 : i32, loop.stage = 3 : i32, ttg.partition = array<i32: 0, 1>, ttg.partition.outputs = [array<i32: 1>]} loc(#loc2)
        %14 = arith.addi %arg10, %c1_i32 {loop.cluster = 0 : i32, loop.stage = 1 : i32, ttg.partition = array<i32: 0, 1, 2>} : i32 loc(#loc2)
        %15 = arith.cmpi eq, %arg10, %6 {loop.cluster = 0 : i32, loop.stage = 1 : i32, ttg.partition = array<i32: 0, 1, 2>} : i32 loc(#loc2)
        %16 = arith.select %15, %c0_i32, %14 {loop.cluster = 0 : i32, loop.stage = 1 : i32, ttg.partition = array<i32: 0, 1, 2>} : i32 loc(#loc2)
        scf.yield {ttg.partition = array<i32: 0, 1, 2>} %16, %10#2, %11, %10#0, %10#1, %accumulator_14, %13 : i32, i32, i32, i32, i32, i1, !ttg.async.token loc(#loc2)
      } {tt.num_stages = 2 : i32, tt.scheduled_max_stage = 3 : i32, tt.warp_specialize, ttg.partition = array<i32: 0, 1, 2>, ttg.partition.outputs = [array<i32: 0, 1, 2>, array<i32: 0, 2>, array<i32: 2>, array<i32: 0, 2>, array<i32: 0, 2>, array<i32: 1>, array<i32: 1>], ttg.partition.stages = [0 : i32, 1 : i32, 0 : i32], ttg.warp_specialize.tag = 0 : i32} loc(#loc2)
    } loc(#loc51)
    tt.return loc(#loc32)
  } loc(#loc)
} loc(#loc)
#loc1 = loc(unknown)
#loc2 = loc("/home/scratch.egaburov_sw/oai-triton/triton-src/triton-solid-01.git/python/test/unit/language/test_warp_specialization.py":323:28)
#loc3 = loc("/home/scratch.egaburov_sw/oai-triton/triton-src/triton-solid-01.git/python/test/unit/language/test_warp_specialization.py":309:39)
#loc4 = loc("/home/scratch.egaburov_sw/oai-triton/triton-src/triton-solid-01.git/python/test/unit/language/test_warp_specialization.py":311:39)
#loc5 = loc("/home/scratch.egaburov_sw/oai-triton/triton-src/triton-solid-01.git/python/test/unit/language/test_warp_specialization.py":313:39)
#loc6 = loc("/home/scratch.egaburov_sw/oai-triton/triton-src/triton-solid-01.git/python/test/unit/language/test_warp_specialization.py":316:30)
#loc7 = loc("/home/scratch.egaburov_sw/oai-triton/triton-src/triton-solid-01.git/python/triton/language/standard.py":43:17)
#loc8 = loc("/home/scratch.egaburov_sw/oai-triton/triton-src/triton-solid-01.git/python/test/unit/language/test_warp_specialization.py":317:27)
#loc9 = loc("/home/scratch.egaburov_sw/oai-triton/triton-src/triton-solid-01.git/python/triton/language/standard.py":43:30)
#loc10 = loc("/home/scratch.egaburov_sw/oai-triton/triton-src/triton-solid-01.git/python/test/unit/language/test_warp_specialization.py":318:27)
#loc11 = loc("/home/scratch.egaburov_sw/oai-triton/triton-src/triton-solid-01.git/python/test/unit/language/test_warp_specialization.py":319:25)
#loc12 = loc("/home/scratch.egaburov_sw/oai-triton/triton-src/triton-solid-01.git/python/test/unit/language/test_warp_specialization.py":320:28)
#loc13 = loc("/home/scratch.egaburov_sw/oai-triton/triton-src/triton-solid-01.git/python/test/unit/language/test_warp_specialization.py":191:38)
#loc14 = loc("/home/scratch.egaburov_sw/oai-triton/triton-src/triton-solid-01.git/python/test/unit/language/test_warp_specialization.py":324:67)
#loc15 = loc("/home/scratch.egaburov_sw/oai-triton/triton-src/triton-solid-01.git/python/test/unit/language/test_warp_specialization.py":329:24)
#loc16 = loc("/home/scratch.egaburov_sw/oai-triton/triton-src/triton-solid-01.git/python/test/unit/language/test_warp_specialization.py":192:26)
#loc17 = loc("/home/scratch.egaburov_sw/oai-triton/triton-src/triton-solid-01.git/python/test/unit/language/test_warp_specialization.py":193:29)
#loc18 = loc("/home/scratch.egaburov_sw/oai-triton/triton-src/triton-solid-01.git/python/test/unit/language/test_warp_specialization.py":194:35)
#loc19 = loc("/home/scratch.egaburov_sw/oai-triton/triton-src/triton-solid-01.git/python/test/unit/language/test_warp_specialization.py":194:48)
#loc20 = loc("/home/scratch.egaburov_sw/oai-triton/triton-src/triton-solid-01.git/python/test/unit/language/test_warp_specialization.py":195:37)
#loc21 = loc("/home/scratch.egaburov_sw/oai-triton/triton-src/triton-solid-01.git/python/test/unit/language/test_warp_specialization.py":195:27)
#loc22 = loc("/home/scratch.egaburov_sw/oai-triton/triton-src/triton-solid-01.git/python/test/unit/language/test_warp_specialization.py":196:23)
#loc23 = loc("/home/scratch.egaburov_sw/oai-triton/triton-src/triton-solid-01.git/python/test/unit/language/test_warp_specialization.py":196:44)
#loc24 = loc("/home/scratch.egaburov_sw/oai-triton/triton-src/triton-solid-01.git/python/test/unit/language/test_warp_specialization.py":326:25)
#loc25 = loc("/home/scratch.egaburov_sw/oai-triton/triton-src/triton-solid-01.git/python/test/unit/language/test_warp_specialization.py":327:25)
#loc26 = loc("/home/scratch.egaburov_sw/oai-triton/triton-src/triton-solid-01.git/python/test/unit/language/test_warp_specialization.py":336:39)
#loc27 = loc("/home/scratch.egaburov_sw/oai-triton/triton-src/triton-solid-01.git/python/test/unit/language/test_warp_specialization.py":333:41)
#loc28 = loc("/home/scratch.egaburov_sw/oai-triton/triton-src/triton-solid-01.git/python/test/unit/language/test_warp_specialization.py":331:28)
#loc29 = loc("/home/scratch.egaburov_sw/oai-triton/triton-src/triton-solid-01.git/python/test/unit/language/test_warp_specialization.py":333:36)
#loc30 = loc("/home/scratch.egaburov_sw/oai-triton/triton-src/triton-solid-01.git/python/test/unit/language/test_warp_specialization.py":330:25)
#loc31 = loc("/home/scratch.egaburov_sw/oai-triton/triton-src/triton-solid-01.git/python/test/unit/language/test_warp_specialization.py":335:27)
#loc32 = loc("/home/scratch.egaburov_sw/oai-triton/triton-src/triton-solid-01.git/python/test/unit/language/test_warp_specialization.py":322:4)
#loc42 = loc("a_desc"(#loc3))
#loc43 = loc("b_desc"(#loc4))
#loc44 = loc("c_desc"(#loc5))
#loc45 = loc("start_pid"(#loc6))
#loc46 = loc("num_pid_m"(#loc8))
#loc47 = loc("num_pid_n"(#loc10))
#loc48 = loc("k_tiles"(#loc11))
#loc49 = loc("num_tiles"(#loc12))
#loc50 = loc("num_pid_in_group"(#loc13))
#loc51 = loc("accumulator"(#loc15))
#loc52 = loc("group_id"(#loc16))
#loc53 = loc("first_pid_m"(#loc17))
#loc54 = loc("group_size_m"(#loc18))
#loc55 = loc("group_size_m"(#loc19))
#loc56 = loc("pid_m"(#loc20))
#loc57 = loc("pid_m"(#loc21))
#loc58 = loc("pid_n"(#loc22))
#loc59 = loc("pid_n"(#loc23))
#loc60 = loc("off_am"(#loc24))
#loc61 = loc("off_bn"(#loc25))
#loc62 = loc("accumulator"(#loc27))
#loc63 = loc("a"(#loc28))
#loc64 = loc("accumulator"(#loc29))
#loc65 = loc("off_k"(#loc30))
#loc66 = loc("c"(#loc31))
#loc67 = loc(callsite(#loc7 at #loc46))
#loc68 = loc(callsite(#loc9 at #loc46))
#loc69 = loc(callsite(#loc7 at #loc47))
#loc70 = loc(callsite(#loc9 at #loc47))
#loc71 = loc(callsite(#loc7 at #loc48))
#loc72 = loc(callsite(#loc9 at #loc48))
#loc73 = loc(callsite(#loc50 at #loc14))
#loc74 = loc(callsite(#loc52 at #loc14))
#loc75 = loc(callsite(#loc53 at #loc14))
#loc76 = loc(callsite(#loc54 at #loc14))
#loc77 = loc(callsite(#loc55 at #loc14))
#loc78 = loc(callsite(#loc56 at #loc14))
#loc79 = loc(callsite(#loc57 at #loc14))
#loc80 = loc(callsite(#loc58 at #loc14))
#loc81 = loc(callsite(#loc59 at #loc14))


// -----// IR Dump Before NVWSInsertSemas (nvws-insert-semas) ('builtin.module' operation) //----- //
#blocked = #ttg.blocked<{sizePerThread = [1, 8], threadsPerWarp = [2, 16], warpsPerCTA = [8, 1], order = [1, 0]}>
#linear = #ttg.linear<{register = [[0, 1], [0, 2], [0, 4], [0, 8], [0, 16], [0, 32]], lane = [[1, 0], [2, 0], [4, 0], [8, 0], [16, 0]], warp = [[32, 0], [64, 0], [0, 64]], block = []}>
#loc = loc("/home/scratch.egaburov_sw/oai-triton/triton-src/triton-solid-01.git/python/test/unit/language/test_warp_specialization.py":294:0)
#shared = #ttg.nvmma_shared<{swizzlingByteWidth = 128, transposed = false, elementBitWidth = 16}>
#shared1 = #ttg.nvmma_shared<{swizzlingByteWidth = 128, transposed = true, elementBitWidth = 16}>
#smem = #ttg.shared_memory
#tmem = #ttng.tensor_memory_encoding<blockM = 128, blockN = 128, colStride = 1>
#loc33 = loc("a_ptr"(#loc))
#loc34 = loc("b_ptr"(#loc))
#loc35 = loc("c_ptr"(#loc))
#loc36 = loc("a_stride0"(#loc))
#loc37 = loc("b_stride0"(#loc))
#loc38 = loc("c_stride0"(#loc))
#loc39 = loc("M"(#loc))
#loc40 = loc("N"(#loc))
#loc41 = loc("K"(#loc))
module attributes {"ttg.cluster-dim-x" = 1 : i32, "ttg.cluster-dim-y" = 1 : i32, "ttg.cluster-dim-z" = 1 : i32, ttg.max_reg_auto_ws = 152 : i32, ttg.min_reg_auto_ws = 24 : i32, "ttg.num-ctas" = 1 : i32, "ttg.num-warps" = 8 : i32, ttg.target = "cuda:103", "ttg.threads-per-warp" = 32 : i32} {
  tt.func public @matmul_tma_persistent_ws_kernel(%a_ptr: !tt.ptr<f16> {tt.divisibility = 16 : i32} loc("a_ptr"(#loc)), %b_ptr: !tt.ptr<f16> {tt.divisibility = 16 : i32} loc("b_ptr"(#loc)), %c_ptr: !tt.ptr<f16> {tt.divisibility = 16 : i32} loc("c_ptr"(#loc)), %a_stride0: i32 {tt.divisibility = 16 : i32} loc("a_stride0"(#loc)), %b_stride0: i32 {tt.divisibility = 16 : i32} loc("b_stride0"(#loc)), %c_stride0: i32 {tt.divisibility = 16 : i32} loc("c_stride0"(#loc)), %M: i32 {tt.divisibility = 16 : i32} loc("M"(#loc)), %N: i32 {tt.divisibility = 16 : i32} loc("N"(#loc)), %K: i32 {tt.divisibility = 16 : i32} loc("K"(#loc))) attributes {noinline = false} {
    %false = arith.constant false loc(#loc1)
    %cst = arith.constant dense<0.000000e+00> : tensor<128x128xf16, #blocked> loc(#loc1)
    %true = arith.constant true loc(#loc1)
    %c1_i64 = arith.constant 1 : i64 loc(#loc1)
    %c128_i32 = arith.constant 128 : i32 loc(#loc1)
    %c150_i32 = arith.constant 150 : i32 loc(#loc2)
    %c0_i32 = arith.constant 0 : i32 loc(#loc1)
    %c1_i32 = arith.constant 1 : i32 loc(#loc1)
    %c127_i32 = arith.constant 127 : i32 loc(#loc1)
    %c8_i32 = arith.constant 8 : i32 loc(#loc1)
    %cst_0 = arith.constant dense<0.000000e+00> : tensor<128x128xf32, #linear> loc(#loc1)
    %a_desc = arith.extsi %a_stride0 : i32 to i64 loc(#loc42)
    %a_desc_1 = tt.make_tensor_descriptor %a_ptr, [%M, %K], [%a_desc, %c1_i64] : !tt.ptr<f16>, !tt.tensordesc<tensor<128x128xf16, #shared>> loc(#loc42)
    %b_desc = arith.extsi %b_stride0 : i32 to i64 loc(#loc43)
    %b_desc_2 = tt.make_tensor_descriptor %b_ptr, [%N, %K], [%b_desc, %c1_i64] : !tt.ptr<f16>, !tt.tensordesc<tensor<128x128xf16, #shared>> loc(#loc43)
    %c_desc = arith.extsi %c_stride0 : i32 to i64 loc(#loc44)
    %c_desc_3 = tt.make_tensor_descriptor %c_ptr, [%M, %N], [%c_desc, %c1_i64] : !tt.ptr<f16>, !tt.tensordesc<tensor<128x128xf16, #shared>> loc(#loc44)
    %start_pid = tt.get_program_id x : i32 loc(#loc45)
    %num_pid_m = arith.addi %M, %c127_i32 : i32 loc(#loc67)
    %num_pid_m_4 = arith.divsi %num_pid_m, %c128_i32 : i32 loc(#loc68)
    %num_pid_n = arith.addi %N, %c127_i32 : i32 loc(#loc69)
    %num_pid_n_5 = arith.divsi %num_pid_n, %c128_i32 : i32 loc(#loc70)
    %k_tiles = arith.addi %K, %c127_i32 : i32 loc(#loc71)
    %k_tiles_6 = arith.divsi %k_tiles, %c128_i32 : i32 loc(#loc72)
    %num_tiles = arith.muli %num_pid_m_4, %num_pid_n_5 : i32 loc(#loc49)
    %num_pid_in_group = arith.muli %num_pid_n_5, %c8_i32 : i32 loc(#loc73)
    %accumulator = arith.cmpi eq, %k_tiles_6, %c0_i32 : i32 loc(#loc51)
    scf.if %accumulator {
      scf.for %tile_id = %start_pid to %num_tiles step %c150_i32  : i32 {
        %group_id = arith.divsi %tile_id, %num_pid_in_group : i32 loc(#loc74)
        %first_pid_m = arith.muli %group_id, %c8_i32 : i32 loc(#loc75)
        %group_size_m = arith.subi %num_pid_m_4, %first_pid_m : i32 loc(#loc76)
        %group_size_m_7 = arith.minsi %group_size_m, %c8_i32 : i32 loc(#loc77)
        %pid_m = arith.remsi %tile_id, %group_size_m_7 : i32 loc(#loc78)
        %pid_m_8 = arith.addi %first_pid_m, %pid_m : i32 loc(#loc79)
        %pid_n = arith.remsi %tile_id, %num_pid_in_group : i32 loc(#loc80)
        %pid_n_9 = arith.divsi %pid_n, %group_size_m_7 : i32 loc(#loc81)
        %off_am = arith.muli %pid_m_8, %c128_i32 : i32 loc(#loc60)
        %off_bn = arith.muli %pid_n_9, %c128_i32 : i32 loc(#loc61)
        tt.descriptor_store %c_desc_3[%off_am, %off_bn], %cst : !tt.tensordesc<tensor<128x128xf16, #shared>>, tensor<128x128xf16, #blocked> loc(#loc26)
      } {tt.flatten, tt.num_stages = 2 : i32} loc(#loc2)
    } else {
      %0 = arith.subi %num_tiles, %start_pid : i32 loc(#loc2)
      %1 = arith.ceildivsi %0, %c150_i32 : i32 loc(#loc2)
      %2 = arith.maxsi %k_tiles_6, %c1_i32 : i32 loc(#loc2)
      %3 = arith.muli %1, %2 : i32 loc(#loc2)
      %4 = arith.subi %start_pid, %c150_i32 : i32 loc(#loc2)
      %5 = arith.subi %2, %c1_i32 : i32 loc(#loc2)
      %6 = arith.subi %2, %c1_i32 : i32 loc(#loc2)
      %accumulator_7, %accumulator_8 = ttng.tmem_alloc : () -> (!ttg.memdesc<128x128xf32, #tmem, #ttng.tensor_memory, mutable>, !ttg.async.token) loc(#loc62)
      %accumulator_9 = ttng.tmem_store %cst_0, %accumulator_7[%accumulator_8], %true : tensor<128x128xf32, #linear> -> !ttg.memdesc<128x128xf32, #tmem, #ttng.tensor_memory, mutable> loc(#loc62)
      %a = ttg.local_alloc : () -> !ttg.memdesc<128x128xf16, #shared, #smem, mutable> loc(#loc63)
      %accumulator_10 = ttg.local_alloc : () -> !ttg.memdesc<128x128xf16, #shared, #smem, mutable> loc(#loc64)
      %7:7 = scf.for %arg9 = %c0_i32 to %3 step %c1_i32 iter_args(%arg10 = %c0_i32, %arg11 = %4, %arg12 = %c0_i32, %arg13 = %c0_i32, %arg14 = %c0_i32, %arg15 = %false, %accumulator_11 = %accumulator_9) -> (i32, i32, i32, i32, i32, i1, !ttg.async.token)  : i32 {
        %8 = arith.cmpi eq, %arg10, %c0_i32 {loop.cluster = 1 : i32, loop.stage = 0 : i32, ttg.partition = array<i32: 0, 2>} : i32 loc(#loc2)
        %9 = arith.select %8, %c0_i32, %arg12 {loop.cluster = 7 : i32, loop.stage = 0 : i32, ttg.partition = array<i32: 2>} : i32 loc(#loc2)
        %10:3 = scf.if %8 -> (i32, i32, i32) {
          %17 = arith.addi %arg11, %c150_i32 {ttg.partition = array<i32: 0, 2>} : i32 loc(#loc2)
          %group_id = arith.divsi %17, %num_pid_in_group {ttg.partition = array<i32: 0, 2>} : i32 loc(#loc74)
          %first_pid_m = arith.muli %group_id, %c8_i32 {ttg.partition = array<i32: 0, 2>} : i32 loc(#loc75)
          %group_size_m = arith.subi %num_pid_m_4, %first_pid_m {ttg.partition = array<i32: 0, 2>} : i32 loc(#loc76)
          %group_size_m_15 = arith.minsi %group_size_m, %c8_i32 {ttg.partition = array<i32: 0, 2>} : i32 loc(#loc77)
          %pid_m = arith.remsi %17, %group_size_m_15 {ttg.partition = array<i32: 0, 2>} : i32 loc(#loc78)
          %pid_m_16 = arith.addi %first_pid_m, %pid_m {ttg.partition = array<i32: 0, 2>} : i32 loc(#loc79)
          %pid_n = arith.remsi %17, %num_pid_in_group {ttg.partition = array<i32: 0, 2>} : i32 loc(#loc80)
          %pid_n_17 = arith.divsi %pid_n, %group_size_m_15 {ttg.partition = array<i32: 0, 2>} : i32 loc(#loc81)
          %off_am = arith.muli %pid_m_16, %c128_i32 {ttg.partition = array<i32: 0, 2>} : i32 loc(#loc60)
          %off_bn = arith.muli %pid_n_17, %c128_i32 {ttg.partition = array<i32: 0, 2>} : i32 loc(#loc61)
          scf.yield {ttg.partition = array<i32: 0, 2>} %off_am, %off_bn, %17 : i32, i32, i32 loc(#loc2)
        } else {
          scf.yield {ttg.partition = array<i32: 0, 2>} %arg13, %arg14, %arg11 : i32, i32, i32 loc(#loc2)
        } {loop.cluster = 1 : i32, loop.stage = 0 : i32, ttg.partition = array<i32: 0, 2>, ttg.partition.outputs = [array<i32: 0, 2>, array<i32: 0, 2>, array<i32: 0, 2>]} loc(#loc2)
        %off_k = arith.muli %9, %c128_i32 {loop.cluster = 7 : i32, loop.stage = 0 : i32, ttg.partition = array<i32: 2>} : i32 loc(#loc65)
        nvws.descriptor_load %a_desc_1[%10#0, %off_k] 32768 %a {loop.cluster = 7 : i32, loop.stage = 0 : i32, ttg.partition = array<i32: 2>} : !tt.tensordesc<tensor<128x128xf16, #shared>>, i32, i32, !ttg.memdesc<128x128xf16, #shared, #smem, mutable> loc(#loc63)
        nvws.descriptor_load %b_desc_2[%10#1, %off_k] 32768 %accumulator_10 {loop.cluster = 7 : i32, loop.stage = 0 : i32, ttg.partition = array<i32: 2>} : !tt.tensordesc<tensor<128x128xf16, #shared>>, i32, i32, !ttg.memdesc<128x128xf16, #shared, #smem, mutable> loc(#loc64)
        %accumulator_12 = ttg.memdesc_trans %accumulator_10 {loop.cluster = 5 : i32, loop.stage = 1 : i32, order = array<i32: 1, 0>, ttg.partition = array<i32: 1>} : !ttg.memdesc<128x128xf16, #shared, #smem, mutable> -> !ttg.memdesc<128x128xf16, #shared1, #smem, mutable> loc(#loc64)
        %accumulator_13 = ttng.tc_gen5_mma %a, %accumulator_12, %accumulator_7[%accumulator_11], %arg15, %true {loop.cluster = 5 : i32, loop.stage = 1 : i32, tt.self_latency = 1 : i32, ttg.partition = array<i32: 1>} : !ttg.memdesc<128x128xf16, #shared, #smem, mutable>, !ttg.memdesc<128x128xf16, #shared1, #smem, mutable>, !ttg.memdesc<128x128xf32, #tmem, #ttng.tensor_memory, mutable> loc(#loc62)
        %11 = arith.addi %9, %c1_i32 {loop.cluster = 6 : i32, loop.stage = 1 : i32, ttg.partition = array<i32: 2>} : i32 loc(#loc2)
        %12 = arith.cmpi eq, %arg10, %5 {loop.cluster = 4 : i32, loop.stage = 2 : i32, ttg.partition = array<i32: 0, 1>} : i32 loc(#loc2)
        %accumulator_14 = arith.select %12, %false, %true {loop.cluster = 4 : i32, loop.stage = 2 : i32, ttg.partition = array<i32: 1>} : i1 loc(#loc62)
        %13 = scf.if %12 -> (!ttg.async.token) {
          %accumulator_15, %accumulator_16 = ttng.tmem_load %accumulator_7[%accumulator_13] {ttg.partition = array<i32: 0>} : !ttg.memdesc<128x128xf32, #tmem, #ttng.tensor_memory, mutable> -> tensor<128x128xf32, #linear> loc(#loc62)
          %c = arith.truncf %accumulator_15 {ttg.partition = array<i32: 0>} : tensor<128x128xf32, #linear> to tensor<128x128xf16, #linear> loc(#loc66)
          %17 = ttg.convert_layout %c {ttg.partition = array<i32: 0>} : tensor<128x128xf16, #linear> -> tensor<128x128xf16, #blocked> loc(#loc26)
          tt.descriptor_store %c_desc_3[%10#0, %10#1], %17 {ttg.partition = array<i32: 0>} : !tt.tensordesc<tensor<128x128xf16, #shared>>, tensor<128x128xf16, #blocked> loc(#loc26)
          scf.yield {ttg.partition = array<i32: 0, 1>} %accumulator_16 : !ttg.async.token loc(#loc2)
        } else {
          scf.yield {ttg.partition = array<i32: 0, 1>} %accumulator_13 : !ttg.async.token loc(#loc2)
        } {loop.cluster = 8 : i32, loop.stage = 3 : i32, ttg.partition = array<i32: 0, 1>, ttg.partition.outputs = [array<i32: 1>]} loc(#loc2)
        %14 = arith.addi %arg10, %c1_i32 {loop.cluster = 0 : i32, loop.stage = 1 : i32, ttg.partition = array<i32: 0, 1, 2>} : i32 loc(#loc2)
        %15 = arith.cmpi eq, %arg10, %6 {loop.cluster = 0 : i32, loop.stage = 1 : i32, ttg.partition = array<i32: 0, 1, 2>} : i32 loc(#loc2)
        %16 = arith.select %15, %c0_i32, %14 {loop.cluster = 0 : i32, loop.stage = 1 : i32, ttg.partition = array<i32: 0, 1, 2>} : i32 loc(#loc2)
        scf.yield {ttg.partition = array<i32: 0, 1, 2>} %16, %10#2, %11, %10#0, %10#1, %accumulator_14, %13 : i32, i32, i32, i32, i32, i1, !ttg.async.token loc(#loc2)
      } {tt.num_stages = 2 : i32, tt.scheduled_max_stage = 3 : i32, tt.warp_specialize, ttg.partition = array<i32: 0, 1, 2>, ttg.partition.outputs = [array<i32: 0, 1, 2>, array<i32: 0, 2>, array<i32: 2>, array<i32: 0, 2>, array<i32: 0, 2>, array<i32: 1>, array<i32: 1>], ttg.partition.stages = [0 : i32, 1 : i32, 0 : i32], ttg.warp_specialize.tag = 0 : i32} loc(#loc2)
    } loc(#loc51)
    tt.return loc(#loc32)
  } loc(#loc)
} loc(#loc)
#loc1 = loc(unknown)
#loc2 = loc("/home/scratch.egaburov_sw/oai-triton/triton-src/triton-solid-01.git/python/test/unit/language/test_warp_specialization.py":323:28)
#loc3 = loc("/home/scratch.egaburov_sw/oai-triton/triton-src/triton-solid-01.git/python/test/unit/language/test_warp_specialization.py":309:39)
#loc4 = loc("/home/scratch.egaburov_sw/oai-triton/triton-src/triton-solid-01.git/python/test/unit/language/test_warp_specialization.py":311:39)
#loc5 = loc("/home/scratch.egaburov_sw/oai-triton/triton-src/triton-solid-01.git/python/test/unit/language/test_warp_specialization.py":313:39)
#loc6 = loc("/home/scratch.egaburov_sw/oai-triton/triton-src/triton-solid-01.git/python/test/unit/language/test_warp_specialization.py":316:30)
#loc7 = loc("/home/scratch.egaburov_sw/oai-triton/triton-src/triton-solid-01.git/python/triton/language/standard.py":43:17)
#loc8 = loc("/home/scratch.egaburov_sw/oai-triton/triton-src/triton-solid-01.git/python/test/unit/language/test_warp_specialization.py":317:27)
#loc9 = loc("/home/scratch.egaburov_sw/oai-triton/triton-src/triton-solid-01.git/python/triton/language/standard.py":43:30)
#loc10 = loc("/home/scratch.egaburov_sw/oai-triton/triton-src/triton-solid-01.git/python/test/unit/language/test_warp_specialization.py":318:27)
#loc11 = loc("/home/scratch.egaburov_sw/oai-triton/triton-src/triton-solid-01.git/python/test/unit/language/test_warp_specialization.py":319:25)
#loc12 = loc("/home/scratch.egaburov_sw/oai-triton/triton-src/triton-solid-01.git/python/test/unit/language/test_warp_specialization.py":320:28)
#loc13 = loc("/home/scratch.egaburov_sw/oai-triton/triton-src/triton-solid-01.git/python/test/unit/language/test_warp_specialization.py":191:38)
#loc14 = loc("/home/scratch.egaburov_sw/oai-triton/triton-src/triton-solid-01.git/python/test/unit/language/test_warp_specialization.py":324:67)
#loc15 = loc("/home/scratch.egaburov_sw/oai-triton/triton-src/triton-solid-01.git/python/test/unit/language/test_warp_specialization.py":329:24)
#loc16 = loc("/home/scratch.egaburov_sw/oai-triton/triton-src/triton-solid-01.git/python/test/unit/language/test_warp_specialization.py":192:26)
#loc17 = loc("/home/scratch.egaburov_sw/oai-triton/triton-src/triton-solid-01.git/python/test/unit/language/test_warp_specialization.py":193:29)
#loc18 = loc("/home/scratch.egaburov_sw/oai-triton/triton-src/triton-solid-01.git/python/test/unit/language/test_warp_specialization.py":194:35)
#loc19 = loc("/home/scratch.egaburov_sw/oai-triton/triton-src/triton-solid-01.git/python/test/unit/language/test_warp_specialization.py":194:48)
#loc20 = loc("/home/scratch.egaburov_sw/oai-triton/triton-src/triton-solid-01.git/python/test/unit/language/test_warp_specialization.py":195:37)
#loc21 = loc("/home/scratch.egaburov_sw/oai-triton/triton-src/triton-solid-01.git/python/test/unit/language/test_warp_specialization.py":195:27)
#loc22 = loc("/home/scratch.egaburov_sw/oai-triton/triton-src/triton-solid-01.git/python/test/unit/language/test_warp_specialization.py":196:23)
#loc23 = loc("/home/scratch.egaburov_sw/oai-triton/triton-src/triton-solid-01.git/python/test/unit/language/test_warp_specialization.py":196:44)
#loc24 = loc("/home/scratch.egaburov_sw/oai-triton/triton-src/triton-solid-01.git/python/test/unit/language/test_warp_specialization.py":326:25)
#loc25 = loc("/home/scratch.egaburov_sw/oai-triton/triton-src/triton-solid-01.git/python/test/unit/language/test_warp_specialization.py":327:25)
#loc26 = loc("/home/scratch.egaburov_sw/oai-triton/triton-src/triton-solid-01.git/python/test/unit/language/test_warp_specialization.py":336:39)
#loc27 = loc("/home/scratch.egaburov_sw/oai-triton/triton-src/triton-solid-01.git/python/test/unit/language/test_warp_specialization.py":333:41)
#loc28 = loc("/home/scratch.egaburov_sw/oai-triton/triton-src/triton-solid-01.git/python/test/unit/language/test_warp_specialization.py":331:28)
#loc29 = loc("/home/scratch.egaburov_sw/oai-triton/triton-src/triton-solid-01.git/python/test/unit/language/test_warp_specialization.py":333:36)
#loc30 = loc("/home/scratch.egaburov_sw/oai-triton/triton-src/triton-solid-01.git/python/test/unit/language/test_warp_specialization.py":330:25)
#loc31 = loc("/home/scratch.egaburov_sw/oai-triton/triton-src/triton-solid-01.git/python/test/unit/language/test_warp_specialization.py":335:27)
#loc32 = loc("/home/scratch.egaburov_sw/oai-triton/triton-src/triton-solid-01.git/python/test/unit/language/test_warp_specialization.py":322:4)
#loc42 = loc("a_desc"(#loc3))
#loc43 = loc("b_desc"(#loc4))
#loc44 = loc("c_desc"(#loc5))
#loc45 = loc("start_pid"(#loc6))
#loc46 = loc("num_pid_m"(#loc8))
#loc47 = loc("num_pid_n"(#loc10))
#loc48 = loc("k_tiles"(#loc11))
#loc49 = loc("num_tiles"(#loc12))
#loc50 = loc("num_pid_in_group"(#loc13))
#loc51 = loc("accumulator"(#loc15))
#loc52 = loc("group_id"(#loc16))
#loc53 = loc("first_pid_m"(#loc17))
#loc54 = loc("group_size_m"(#loc18))
#loc55 = loc("group_size_m"(#loc19))
#loc56 = loc("pid_m"(#loc20))
#loc57 = loc("pid_m"(#loc21))
#loc58 = loc("pid_n"(#loc22))
#loc59 = loc("pid_n"(#loc23))
#loc60 = loc("off_am"(#loc24))
#loc61 = loc("off_bn"(#loc25))
#loc62 = loc("accumulator"(#loc27))
#loc63 = loc("a"(#loc28))
#loc64 = loc("accumulator"(#loc29))
#loc65 = loc("off_k"(#loc30))
#loc66 = loc("c"(#loc31))
#loc67 = loc(callsite(#loc7 at #loc46))
#loc68 = loc(callsite(#loc9 at #loc46))
#loc69 = loc(callsite(#loc7 at #loc47))
#loc70 = loc(callsite(#loc9 at #loc47))
#loc71 = loc(callsite(#loc7 at #loc48))
#loc72 = loc(callsite(#loc9 at #loc48))
#loc73 = loc(callsite(#loc50 at #loc14))
#loc74 = loc(callsite(#loc52 at #loc14))
#loc75 = loc(callsite(#loc53 at #loc14))
#loc76 = loc(callsite(#loc54 at #loc14))
#loc77 = loc(callsite(#loc55 at #loc14))
#loc78 = loc(callsite(#loc56 at #loc14))
#loc79 = loc(callsite(#loc57 at #loc14))
#loc80 = loc(callsite(#loc58 at #loc14))
#loc81 = loc(callsite(#loc59 at #loc14))


// -----// IR Dump Before {anonymous}::VerifyWarpSpecializationPartitions () ('builtin.module' operation) //----- //
#blocked = #ttg.blocked<{sizePerThread = [1, 8], threadsPerWarp = [2, 16], warpsPerCTA = [8, 1], order = [1, 0]}>
#linear = #ttg.linear<{register = [[0, 1], [0, 2], [0, 4], [0, 8], [0, 16], [0, 32]], lane = [[1, 0], [2, 0], [4, 0], [8, 0], [16, 0]], warp = [[32, 0], [64, 0], [0, 64]], block = []}>
#loc = loc("/home/scratch.egaburov_sw/oai-triton/triton-src/triton-solid-01.git/python/test/unit/language/test_warp_specialization.py":294:0)
#shared = #ttg.nvmma_shared<{swizzlingByteWidth = 128, transposed = false, elementBitWidth = 16}>
#shared1 = #ttg.nvmma_shared<{swizzlingByteWidth = 128, transposed = true, elementBitWidth = 16}>
#smem = #ttg.shared_memory
#tmem = #ttng.tensor_memory_encoding<blockM = 128, blockN = 128, colStride = 1>
#loc33 = loc("a_ptr"(#loc))
#loc34 = loc("b_ptr"(#loc))
#loc35 = loc("c_ptr"(#loc))
#loc36 = loc("a_stride0"(#loc))
#loc37 = loc("b_stride0"(#loc))
#loc38 = loc("c_stride0"(#loc))
#loc39 = loc("M"(#loc))
#loc40 = loc("N"(#loc))
#loc41 = loc("K"(#loc))
module attributes {"ttg.cluster-dim-x" = 1 : i32, "ttg.cluster-dim-y" = 1 : i32, "ttg.cluster-dim-z" = 1 : i32, ttg.max_reg_auto_ws = 152 : i32, ttg.min_reg_auto_ws = 24 : i32, "ttg.num-ctas" = 1 : i32, "ttg.num-warps" = 8 : i32, ttg.target = "cuda:103", "ttg.threads-per-warp" = 32 : i32} {
  tt.func public @matmul_tma_persistent_ws_kernel(%a_ptr: !tt.ptr<f16> {tt.divisibility = 16 : i32} loc("a_ptr"(#loc)), %b_ptr: !tt.ptr<f16> {tt.divisibility = 16 : i32} loc("b_ptr"(#loc)), %c_ptr: !tt.ptr<f16> {tt.divisibility = 16 : i32} loc("c_ptr"(#loc)), %a_stride0: i32 {tt.divisibility = 16 : i32} loc("a_stride0"(#loc)), %b_stride0: i32 {tt.divisibility = 16 : i32} loc("b_stride0"(#loc)), %c_stride0: i32 {tt.divisibility = 16 : i32} loc("c_stride0"(#loc)), %M: i32 {tt.divisibility = 16 : i32} loc("M"(#loc)), %N: i32 {tt.divisibility = 16 : i32} loc("N"(#loc)), %K: i32 {tt.divisibility = 16 : i32} loc("K"(#loc))) attributes {noinline = false} {
    %0 = ub.poison : !ttg.async.token loc(#loc)
    %false = arith.constant false loc(#loc1)
    %cst = arith.constant dense<0.000000e+00> : tensor<128x128xf16, #blocked> loc(#loc1)
    %true = arith.constant true loc(#loc1)
    %c1_i64 = arith.constant 1 : i64 loc(#loc1)
    %c128_i32 = arith.constant 128 : i32 loc(#loc1)
    %c150_i32 = arith.constant 150 : i32 loc(#loc2)
    %c0_i32 = arith.constant 0 : i32 loc(#loc1)
    %c1_i32 = arith.constant 1 : i32 loc(#loc1)
    %c127_i32 = arith.constant 127 : i32 loc(#loc1)
    %c8_i32 = arith.constant 8 : i32 loc(#loc1)
    %cst_0 = arith.constant dense<0.000000e+00> : tensor<128x128xf32, #linear> loc(#loc1)
    %a_desc = arith.extsi %a_stride0 : i32 to i64 loc(#loc42)
    %a_desc_1 = tt.make_tensor_descriptor %a_ptr, [%M, %K], [%a_desc, %c1_i64] : !tt.ptr<f16>, !tt.tensordesc<tensor<128x128xf16, #shared>> loc(#loc42)
    %b_desc = arith.extsi %b_stride0 : i32 to i64 loc(#loc43)
    %b_desc_2 = tt.make_tensor_descriptor %b_ptr, [%N, %K], [%b_desc, %c1_i64] : !tt.ptr<f16>, !tt.tensordesc<tensor<128x128xf16, #shared>> loc(#loc43)
    %c_desc = arith.extsi %c_stride0 : i32 to i64 loc(#loc44)
    %c_desc_3 = tt.make_tensor_descriptor %c_ptr, [%M, %N], [%c_desc, %c1_i64] : !tt.ptr<f16>, !tt.tensordesc<tensor<128x128xf16, #shared>> loc(#loc44)
    %start_pid = tt.get_program_id x : i32 loc(#loc45)
    %num_pid_m = arith.addi %M, %c127_i32 : i32 loc(#loc67)
    %num_pid_m_4 = arith.divsi %num_pid_m, %c128_i32 : i32 loc(#loc68)
    %num_pid_n = arith.addi %N, %c127_i32 : i32 loc(#loc69)
    %num_pid_n_5 = arith.divsi %num_pid_n, %c128_i32 : i32 loc(#loc70)
    %k_tiles = arith.addi %K, %c127_i32 : i32 loc(#loc71)
    %k_tiles_6 = arith.divsi %k_tiles, %c128_i32 : i32 loc(#loc72)
    %num_tiles = arith.muli %num_pid_m_4, %num_pid_n_5 : i32 loc(#loc49)
    %num_pid_in_group = arith.muli %num_pid_n_5, %c8_i32 : i32 loc(#loc73)
    %accumulator = arith.cmpi eq, %k_tiles_6, %c0_i32 : i32 loc(#loc51)
    %accumulator_7 = ttng.tmem_alloc : () -> !ttg.memdesc<2x128x128xf32, #tmem, #ttng.tensor_memory, mutable> loc(#loc51)
    %accumulator_8 = nvws.semaphore.create %accumulator_7 true {nvws.dag_pending_count = 1 : i32} : <[!ttg.memdesc<2x128x128xf32, #tmem, #ttng.tensor_memory, mutable>]> loc(#loc51)
    %accumulator_9 = nvws.semaphore.create %accumulator_7 false {nvws.dag_pending_count = 1 : i32} : <[!ttg.memdesc<2x128x128xf32, #tmem, #ttng.tensor_memory, mutable>]> loc(#loc51)
    %accumulator_10 = ttg.local_alloc : () -> !ttg.memdesc<1x128x128xf16, #shared, #smem, mutable> loc(#loc51)
    %accumulator_11 = nvws.semaphore.create %accumulator_10 true {nvws.dag_pending_count = 1 : i32} : <[!ttg.memdesc<1x128x128xf16, #shared, #smem, mutable>]> loc(#loc51)
    %accumulator_12 = nvws.semaphore.create %accumulator_10 false {nvws.dag_pending_count = 1 : i32} : <[!ttg.memdesc<1x128x128xf16, #shared, #smem, mutable>]> loc(#loc51)
    %accumulator_13 = ttg.local_alloc : () -> !ttg.memdesc<1x128x128xf16, #shared, #smem, mutable> loc(#loc51)
    %accumulator_14 = nvws.semaphore.create %accumulator_13 true {nvws.dag_pending_count = 1 : i32} : <[!ttg.memdesc<1x128x128xf16, #shared, #smem, mutable>]> loc(#loc51)
    %accumulator_15 = nvws.semaphore.create %accumulator_13 false {nvws.dag_pending_count = 1 : i32} : <[!ttg.memdesc<1x128x128xf16, #shared, #smem, mutable>]> loc(#loc51)
    %accumulator_16:3 = scf.if %accumulator -> (!ttg.async.token, !ttg.async.token, !ttg.async.token) {
      scf.for %tile_id = %start_pid to %num_tiles step %c150_i32  : i32 {
        %group_id = arith.divsi %tile_id, %num_pid_in_group : i32 loc(#loc74)
        %first_pid_m = arith.muli %group_id, %c8_i32 : i32 loc(#loc75)
        %group_size_m = arith.subi %num_pid_m_4, %first_pid_m : i32 loc(#loc76)
        %group_size_m_17 = arith.minsi %group_size_m, %c8_i32 : i32 loc(#loc77)
        %pid_m = arith.remsi %tile_id, %group_size_m_17 : i32 loc(#loc78)
        %pid_m_18 = arith.addi %first_pid_m, %pid_m : i32 loc(#loc79)
        %pid_n = arith.remsi %tile_id, %num_pid_in_group : i32 loc(#loc80)
        %pid_n_19 = arith.divsi %pid_n, %group_size_m_17 : i32 loc(#loc81)
        %off_am = arith.muli %pid_m_18, %c128_i32 : i32 loc(#loc60)
        %off_bn = arith.muli %pid_n_19, %c128_i32 : i32 loc(#loc61)
        tt.descriptor_store %c_desc_3[%off_am, %off_bn], %cst : !tt.tensordesc<tensor<128x128xf16, #shared>>, tensor<128x128xf16, #blocked> loc(#loc26)
      } {tt.flatten, tt.num_stages = 2 : i32} loc(#loc2)
      scf.yield %0, %0, %0 : !ttg.async.token, !ttg.async.token, !ttg.async.token loc(#loc51)
    } else {
      %1 = arith.subi %num_tiles, %start_pid : i32 loc(#loc2)
      %2 = arith.ceildivsi %1, %c150_i32 : i32 loc(#loc2)
      %3 = arith.maxsi %k_tiles_6, %c1_i32 : i32 loc(#loc2)
      %4 = arith.muli %2, %3 : i32 loc(#loc2)
      %5 = arith.subi %start_pid, %c150_i32 : i32 loc(#loc2)
      %6 = arith.subi %3, %c1_i32 : i32 loc(#loc2)
      %7 = arith.subi %3, %c1_i32 : i32 loc(#loc2)
      %accumulator_17 = nvws.semaphore.acquire %accumulator_8 : <[!ttg.memdesc<2x128x128xf32, #tmem, #ttng.tensor_memory, mutable>]> -> !ttg.async.token loc(#loc62)
      %accumulator_18 = nvws.semaphore.buffer %accumulator_8, %accumulator_17 : <[!ttg.memdesc<2x128x128xf32, #tmem, #ttng.tensor_memory, mutable>]>, !ttg.async.token -> !ttg.memdesc<128x128xf32, #tmem, #ttng.tensor_memory, mutable, 2x128x128> loc(#loc62)
      %accumulator_19 = ttng.tmem_store %cst_0, %accumulator_18[], %true : tensor<128x128xf32, #linear> -> !ttg.memdesc<128x128xf32, #tmem, #ttng.tensor_memory, mutable, 2x128x128> loc(#loc62)
      %accumulator_20 = ttg.local_alloc : () -> !ttg.memdesc<128x128xf16, #shared, #smem, mutable> loc(#loc63)
      %8 = nvws.semaphore.acquire %accumulator_11 {ttg.partition = array<i32: 2>, ttg.warp_specialize.tag = 0 : i32} : <[!ttg.memdesc<1x128x128xf16, #shared, #smem, mutable>]> -> !ttg.async.token loc(#loc2)
      %9 = nvws.semaphore.acquire %accumulator_14 {ttg.partition = array<i32: 2>, ttg.warp_specialize.tag = 0 : i32} : <[!ttg.memdesc<1x128x128xf16, #shared, #smem, mutable>]> -> !ttg.async.token loc(#loc2)
      %10:9 = scf.for %arg9 = %c0_i32 to %4 step %c1_i32 iter_args(%arg10 = %c0_i32, %arg11 = %5, %arg12 = %c0_i32, %arg13 = %c0_i32, %arg14 = %c0_i32, %arg15 = %false, %arg16 = %accumulator_17, %arg17 = %8, %arg18 = %9) -> (i32, i32, i32, i32, i32, i1, !ttg.async.token, !ttg.async.token, !ttg.async.token)  : i32 {
        %11 = arith.cmpi eq, %arg10, %c0_i32 {loop.cluster = 1 : i32, loop.stage = 0 : i32, ttg.partition = array<i32: 0, 2>} : i32 loc(#loc2)
        %12 = arith.select %11, %c0_i32, %arg12 {loop.cluster = 7 : i32, loop.stage = 0 : i32, ttg.partition = array<i32: 2>} : i32 loc(#loc2)
        %13:3 = scf.if %11 -> (i32, i32, i32) {
          %24 = arith.addi %arg11, %c150_i32 {ttg.partition = array<i32: 0, 2>} : i32 loc(#loc2)
          %group_id = arith.divsi %24, %num_pid_in_group {ttg.partition = array<i32: 0, 2>} : i32 loc(#loc74)
          %first_pid_m = arith.muli %group_id, %c8_i32 {ttg.partition = array<i32: 0, 2>} : i32 loc(#loc75)
          %group_size_m = arith.subi %num_pid_m_4, %first_pid_m {ttg.partition = array<i32: 0, 2>} : i32 loc(#loc76)
          %group_size_m_31 = arith.minsi %group_size_m, %c8_i32 {ttg.partition = array<i32: 0, 2>} : i32 loc(#loc77)
          %pid_m = arith.remsi %24, %group_size_m_31 {ttg.partition = array<i32: 0, 2>} : i32 loc(#loc78)
          %pid_m_32 = arith.addi %first_pid_m, %pid_m {ttg.partition = array<i32: 0, 2>} : i32 loc(#loc79)
          %pid_n = arith.remsi %24, %num_pid_in_group {ttg.partition = array<i32: 0, 2>} : i32 loc(#loc80)
          %pid_n_33 = arith.divsi %pid_n, %group_size_m_31 {ttg.partition = array<i32: 0, 2>} : i32 loc(#loc81)
          %off_am = arith.muli %pid_m_32, %c128_i32 {ttg.partition = array<i32: 0, 2>} : i32 loc(#loc60)
          %off_bn = arith.muli %pid_n_33, %c128_i32 {ttg.partition = array<i32: 0, 2>} : i32 loc(#loc61)
          scf.yield {ttg.partition = array<i32: 0, 2>} %off_am, %off_bn, %24 : i32, i32, i32 loc(#loc2)
        } else {
          scf.yield {ttg.partition = array<i32: 0, 2>} %arg13, %arg14, %arg11 : i32, i32, i32 loc(#loc2)
        } {loop.cluster = 1 : i32, loop.stage = 0 : i32, ttg.partition = array<i32: 0, 2>, ttg.partition.outputs = [array<i32: 0, 2>, array<i32: 0, 2>, array<i32: 0, 2>]} loc(#loc2)
        %off_k = arith.muli %12, %c128_i32 {loop.cluster = 7 : i32, loop.stage = 0 : i32, ttg.partition = array<i32: 2>} : i32 loc(#loc64)
        %a = nvws.semaphore.buffer %accumulator_11, %arg17 {loop.cluster = 7 : i32, loop.stage = 0 : i32, ttg.partition = array<i32: 2>} : <[!ttg.memdesc<1x128x128xf16, #shared, #smem, mutable>]>, !ttg.async.token -> !ttg.memdesc<128x128xf16, #shared, #smem, mutable> loc(#loc65)
        nvws.descriptor_load %a_desc_1[%13#0, %off_k] 32768 %a {loop.cluster = 7 : i32, loop.stage = 0 : i32, ttg.partition = array<i32: 2>} : !tt.tensordesc<tensor<128x128xf16, #shared>>, i32, i32, !ttg.memdesc<128x128xf16, #shared, #smem, mutable> loc(#loc65)
        nvws.semaphore.release %accumulator_12, %arg17 [#nvws.async_op<tma_load>] {loop.cluster = 7 : i32, loop.stage = 0 : i32, ttg.partition = array<i32: 2>} : <[!ttg.memdesc<1x128x128xf16, #shared, #smem, mutable>]>, !ttg.async.token loc(#loc65)
        %accumulator_21 = nvws.semaphore.buffer %accumulator_14, %arg18 {loop.cluster = 7 : i32, loop.stage = 0 : i32, ttg.partition = array<i32: 2>} : <[!ttg.memdesc<1x128x128xf16, #shared, #smem, mutable>]>, !ttg.async.token -> !ttg.memdesc<128x128xf16, #shared, #smem, mutable> loc(#loc63)
        nvws.descriptor_load %b_desc_2[%13#1, %off_k] 32768 %accumulator_21 {loop.cluster = 7 : i32, loop.stage = 0 : i32, ttg.partition = array<i32: 2>} : !tt.tensordesc<tensor<128x128xf16, #shared>>, i32, i32, !ttg.memdesc<128x128xf16, #shared, #smem, mutable> loc(#loc63)
        nvws.semaphore.release %accumulator_15, %arg18 [#nvws.async_op<tma_load>] {loop.cluster = 7 : i32, loop.stage = 0 : i32, ttg.partition = array<i32: 2>} : <[!ttg.memdesc<1x128x128xf16, #shared, #smem, mutable>]>, !ttg.async.token loc(#loc63)
        %accumulator_22 = ttg.memdesc_trans %accumulator_20 {loop.cluster = 5 : i32, loop.stage = 1 : i32, order = array<i32: 1, 0>, ttg.partition = array<i32: 1>} : !ttg.memdesc<128x128xf16, #shared, #smem, mutable> -> !ttg.memdesc<128x128xf16, #shared1, #smem, mutable> loc(#loc63)
        %accumulator_23 = nvws.semaphore.buffer %accumulator_8, %arg16 {loop.cluster = 5 : i32, loop.stage = 1 : i32, ttg.partition = array<i32: 1>} : <[!ttg.memdesc<2x128x128xf32, #tmem, #ttng.tensor_memory, mutable>]>, !ttg.async.token -> !ttg.memdesc<128x128xf32, #tmem, #ttng.tensor_memory, mutable, 2x128x128> loc(#loc62)
        %accumulator_24 = nvws.semaphore.acquire %accumulator_12 {loop.cluster = 5 : i32, loop.stage = 1 : i32, ttg.partition = array<i32: 1>} : <[!ttg.memdesc<1x128x128xf16, #shared, #smem, mutable>]> -> !ttg.async.token loc(#loc62)
        %accumulator_25 = nvws.semaphore.buffer %accumulator_12, %accumulator_24 {loop.cluster = 5 : i32, loop.stage = 1 : i32, ttg.partition = array<i32: 1>} : <[!ttg.memdesc<1x128x128xf16, #shared, #smem, mutable>]>, !ttg.async.token -> !ttg.memdesc<128x128xf16, #shared, #smem, mutable> loc(#loc62)
        %accumulator_26 = nvws.semaphore.acquire %accumulator_15 {loop.cluster = 5 : i32, loop.stage = 1 : i32, ttg.partition = array<i32: 1>} : <[!ttg.memdesc<1x128x128xf16, #shared, #smem, mutable>]> -> !ttg.async.token loc(#loc62)
        %accumulator_27 = nvws.semaphore.buffer %accumulator_15, %accumulator_26 {loop.cluster = 5 : i32, loop.stage = 1 : i32, ttg.partition = array<i32: 1>} : <[!ttg.memdesc<1x128x128xf16, #shared, #smem, mutable>]>, !ttg.async.token -> !ttg.memdesc<128x128xf16, #shared, #smem, mutable> loc(#loc62)
        %accumulator_28 = ttg.memdesc_trans %accumulator_27 {loop.cluster = 5 : i32, loop.stage = 1 : i32, order = array<i32: 1, 0>, ttg.partition = array<i32: 1>} : !ttg.memdesc<128x128xf16, #shared, #smem, mutable> -> !ttg.memdesc<128x128xf16, #shared1, #smem, mutable> loc(#loc63)
        %accumulator_29 = ttng.tc_gen5_mma %accumulator_25, %accumulator_28, %accumulator_23[], %arg15, %true {loop.cluster = 5 : i32, loop.stage = 1 : i32, tt.self_latency = 1 : i32, ttg.partition = array<i32: 1>} : !ttg.memdesc<128x128xf16, #shared, #smem, mutable>, !ttg.memdesc<128x128xf16, #shared1, #smem, mutable>, !ttg.memdesc<128x128xf32, #tmem, #ttng.tensor_memory, mutable, 2x128x128> loc(#loc62)
        nvws.semaphore.release %accumulator_14, %accumulator_26 [#nvws.async_op<tc5mma>] {loop.cluster = 5 : i32, loop.stage = 1 : i32, ttg.partition = array<i32: 1>} : <[!ttg.memdesc<1x128x128xf16, #shared, #smem, mutable>]>, !ttg.async.token loc(#loc62)
        nvws.semaphore.release %accumulator_11, %accumulator_24 [#nvws.async_op<tc5mma>] {loop.cluster = 5 : i32, loop.stage = 1 : i32, ttg.partition = array<i32: 1>} : <[!ttg.memdesc<1x128x128xf16, #shared, #smem, mutable>]>, !ttg.async.token loc(#loc62)
        %14 = arith.addi %12, %c1_i32 {loop.cluster = 6 : i32, loop.stage = 1 : i32, ttg.partition = array<i32: 2>} : i32 loc(#loc2)
        %15 = arith.cmpi eq, %arg10, %6 {loop.cluster = 4 : i32, loop.stage = 2 : i32, ttg.partition = array<i32: 0, 1>} : i32 loc(#loc2)
        %accumulator_30 = arith.select %15, %false, %true {loop.cluster = 4 : i32, loop.stage = 2 : i32, ttg.partition = array<i32: 1>} : i1 loc(#loc62)
        scf.if %15 {
          nvws.semaphore.release %accumulator_9, %arg16 [#nvws.async_op<tc5mma>] {loop.cluster = 5 : i32, loop.stage = 1 : i32, ttg.partition = array<i32: 1>} : <[!ttg.memdesc<2x128x128xf32, #tmem, #ttng.tensor_memory, mutable>]>, !ttg.async.token loc(#loc)
        } {loop.cluster = 5 : i32, loop.stage = 1 : i32, ttg.partition = array<i32: 1>} loc(#loc2)
        %16 = ub.poison : !ttg.async.token loc(#loc2)
        %17 = scf.if %15 -> (!ttg.async.token) {
          %accumulator_31 = nvws.semaphore.acquire %accumulator_9 {ttg.partition = array<i32: 0>} : <[!ttg.memdesc<2x128x128xf32, #tmem, #ttng.tensor_memory, mutable>]> -> !ttg.async.token loc(#loc62)
          %accumulator_32 = nvws.semaphore.buffer %accumulator_9, %accumulator_31 {ttg.partition = array<i32: 0>} : <[!ttg.memdesc<2x128x128xf32, #tmem, #ttng.tensor_memory, mutable>]>, !ttg.async.token -> !ttg.memdesc<128x128xf32, #tmem, #ttng.tensor_memory, mutable, 2x128x128> loc(#loc62)
          %accumulator_33, %accumulator_34 = ttng.tmem_load %accumulator_32[] {ttg.partition = array<i32: 0>} : !ttg.memdesc<128x128xf32, #tmem, #ttng.tensor_memory, mutable, 2x128x128> -> tensor<128x128xf32, #linear> loc(#loc62)
          nvws.semaphore.release %accumulator_8, %accumulator_31 [#nvws.async_op<none>] {ttg.partition = array<i32: 0>} : <[!ttg.memdesc<2x128x128xf32, #tmem, #ttng.tensor_memory, mutable>]>, !ttg.async.token loc(#loc62)
          %c = arith.truncf %accumulator_33 {ttg.partition = array<i32: 0>} : tensor<128x128xf32, #linear> to tensor<128x128xf16, #linear> loc(#loc66)
          %24 = ttg.convert_layout %c {ttg.partition = array<i32: 0>} : tensor<128x128xf16, #linear> -> tensor<128x128xf16, #blocked> loc(#loc26)
          tt.descriptor_store %c_desc_3[%13#0, %13#1], %24 {ttg.partition = array<i32: 0>} : !tt.tensordesc<tensor<128x128xf16, #shared>>, tensor<128x128xf16, #blocked> loc(#loc26)
          scf.yield {ttg.partition = array<i32: 0, 1>} %16 : !ttg.async.token loc(#loc2)
        } else {
          scf.yield {ttg.partition = array<i32: 0, 1>} %16 : !ttg.async.token loc(#loc2)
        } {loop.cluster = 8 : i32, loop.stage = 3 : i32, ttg.partition = array<i32: 0, 1>, ttg.partition.outputs = [array<i32: 1>]} loc(#loc2)
        %18 = scf.if %15 -> (!ttg.async.token) {
          %24 = nvws.semaphore.acquire %accumulator_8 {loop.cluster = 5 : i32, loop.stage = 1 : i32, ttg.partition = array<i32: 1>} : <[!ttg.memdesc<2x128x128xf32, #tmem, #ttng.tensor_memory, mutable>]> -> !ttg.async.token loc(#loc)
          scf.yield {ttg.partition = array<i32: 1>} %24 : !ttg.async.token loc(#loc2)
        } else {
          scf.yield {ttg.partition = array<i32: 1>} %arg16 : !ttg.async.token loc(#loc2)
        } {loop.cluster = 5 : i32, loop.stage = 1 : i32, ttg.partition = array<i32: 1>, ttg.partition.outputs = [array<i32: 1>]} loc(#loc2)
        %19 = arith.addi %arg10, %c1_i32 {loop.cluster = 0 : i32, loop.stage = 1 : i32, ttg.partition = array<i32: 0, 1, 2>} : i32 loc(#loc2)
        %20 = arith.cmpi eq, %arg10, %7 {loop.cluster = 0 : i32, loop.stage = 1 : i32, ttg.partition = array<i32: 0, 1, 2>} : i32 loc(#loc2)
        %21 = arith.select %20, %c0_i32, %19 {loop.cluster = 0 : i32, loop.stage = 1 : i32, ttg.partition = array<i32: 0, 1, 2>} : i32 loc(#loc2)
        %22 = nvws.semaphore.acquire %accumulator_11 {loop.cluster = 7 : i32, loop.stage = 0 : i32, ttg.partition = array<i32: 2>} : <[!ttg.memdesc<1x128x128xf16, #shared, #smem, mutable>]> -> !ttg.async.token loc(#loc)
        %23 = nvws.semaphore.acquire %accumulator_14 {loop.cluster = 7 : i32, loop.stage = 0 : i32, ttg.partition = array<i32: 2>} : <[!ttg.memdesc<1x128x128xf16, #shared, #smem, mutable>]> -> !ttg.async.token loc(#loc)
        scf.yield {ttg.partition = array<i32: 0, 1, 2>} %21, %13#2, %14, %13#0, %13#1, %accumulator_30, %18, %22, %23 : i32, i32, i32, i32, i32, i1, !ttg.async.token, !ttg.async.token, !ttg.async.token loc(#loc2)
      } {tt.num_stages = 2 : i32, tt.scheduled_max_stage = 3 : i32, tt.warp_specialize, ttg.partition = array<i32: 0, 1, 2>, ttg.partition.outputs = [array<i32: 0, 1, 2>, array<i32: 0, 2>, array<i32: 2>, array<i32: 0, 2>, array<i32: 0, 2>, array<i32: 1>, array<i32: 1>, array<i32: 2>, array<i32: 2>], ttg.partition.stages = [0 : i32, 1 : i32, 0 : i32], ttg.warp_specialize.tag = 0 : i32} loc(#loc2)
      scf.yield %10#6, %10#7, %10#8 : !ttg.async.token, !ttg.async.token, !ttg.async.token loc(#loc51)
    } loc(#loc51)
    tt.return loc(#loc32)
  } loc(#loc)
} loc(#loc)
#loc1 = loc(unknown)
#loc2 = loc("/home/scratch.egaburov_sw/oai-triton/triton-src/triton-solid-01.git/python/test/unit/language/test_warp_specialization.py":323:28)
#loc3 = loc("/home/scratch.egaburov_sw/oai-triton/triton-src/triton-solid-01.git/python/test/unit/language/test_warp_specialization.py":309:39)
#loc4 = loc("/home/scratch.egaburov_sw/oai-triton/triton-src/triton-solid-01.git/python/test/unit/language/test_warp_specialization.py":311:39)
#loc5 = loc("/home/scratch.egaburov_sw/oai-triton/triton-src/triton-solid-01.git/python/test/unit/language/test_warp_specialization.py":313:39)
#loc6 = loc("/home/scratch.egaburov_sw/oai-triton/triton-src/triton-solid-01.git/python/test/unit/language/test_warp_specialization.py":316:30)
#loc7 = loc("/home/scratch.egaburov_sw/oai-triton/triton-src/triton-solid-01.git/python/triton/language/standard.py":43:17)
#loc8 = loc("/home/scratch.egaburov_sw/oai-triton/triton-src/triton-solid-01.git/python/test/unit/language/test_warp_specialization.py":317:27)
#loc9 = loc("/home/scratch.egaburov_sw/oai-triton/triton-src/triton-solid-01.git/python/triton/language/standard.py":43:30)
#loc10 = loc("/home/scratch.egaburov_sw/oai-triton/triton-src/triton-solid-01.git/python/test/unit/language/test_warp_specialization.py":318:27)
#loc11 = loc("/home/scratch.egaburov_sw/oai-triton/triton-src/triton-solid-01.git/python/test/unit/language/test_warp_specialization.py":319:25)
#loc12 = loc("/home/scratch.egaburov_sw/oai-triton/triton-src/triton-solid-01.git/python/test/unit/language/test_warp_specialization.py":320:28)
#loc13 = loc("/home/scratch.egaburov_sw/oai-triton/triton-src/triton-solid-01.git/python/test/unit/language/test_warp_specialization.py":191:38)
#loc14 = loc("/home/scratch.egaburov_sw/oai-triton/triton-src/triton-solid-01.git/python/test/unit/language/test_warp_specialization.py":324:67)
#loc15 = loc("/home/scratch.egaburov_sw/oai-triton/triton-src/triton-solid-01.git/python/test/unit/language/test_warp_specialization.py":329:24)
#loc16 = loc("/home/scratch.egaburov_sw/oai-triton/triton-src/triton-solid-01.git/python/test/unit/language/test_warp_specialization.py":192:26)
#loc17 = loc("/home/scratch.egaburov_sw/oai-triton/triton-src/triton-solid-01.git/python/test/unit/language/test_warp_specialization.py":193:29)
#loc18 = loc("/home/scratch.egaburov_sw/oai-triton/triton-src/triton-solid-01.git/python/test/unit/language/test_warp_specialization.py":194:35)
#loc19 = loc("/home/scratch.egaburov_sw/oai-triton/triton-src/triton-solid-01.git/python/test/unit/language/test_warp_specialization.py":194:48)
#loc20 = loc("/home/scratch.egaburov_sw/oai-triton/triton-src/triton-solid-01.git/python/test/unit/language/test_warp_specialization.py":195:37)
#loc21 = loc("/home/scratch.egaburov_sw/oai-triton/triton-src/triton-solid-01.git/python/test/unit/language/test_warp_specialization.py":195:27)
#loc22 = loc("/home/scratch.egaburov_sw/oai-triton/triton-src/triton-solid-01.git/python/test/unit/language/test_warp_specialization.py":196:23)
#loc23 = loc("/home/scratch.egaburov_sw/oai-triton/triton-src/triton-solid-01.git/python/test/unit/language/test_warp_specialization.py":196:44)
#loc24 = loc("/home/scratch.egaburov_sw/oai-triton/triton-src/triton-solid-01.git/python/test/unit/language/test_warp_specialization.py":326:25)
#loc25 = loc("/home/scratch.egaburov_sw/oai-triton/triton-src/triton-solid-01.git/python/test/unit/language/test_warp_specialization.py":327:25)
#loc26 = loc("/home/scratch.egaburov_sw/oai-triton/triton-src/triton-solid-01.git/python/test/unit/language/test_warp_specialization.py":336:39)
#loc27 = loc("/home/scratch.egaburov_sw/oai-triton/triton-src/triton-solid-01.git/python/test/unit/language/test_warp_specialization.py":333:41)
#loc28 = loc("/home/scratch.egaburov_sw/oai-triton/triton-src/triton-solid-01.git/python/test/unit/language/test_warp_specialization.py":333:36)
#loc29 = loc("/home/scratch.egaburov_sw/oai-triton/triton-src/triton-solid-01.git/python/test/unit/language/test_warp_specialization.py":330:25)
#loc30 = loc("/home/scratch.egaburov_sw/oai-triton/triton-src/triton-solid-01.git/python/test/unit/language/test_warp_specialization.py":331:28)
#loc31 = loc("/home/scratch.egaburov_sw/oai-triton/triton-src/triton-solid-01.git/python/test/unit/language/test_warp_specialization.py":335:27)
#loc32 = loc("/home/scratch.egaburov_sw/oai-triton/triton-src/triton-solid-01.git/python/test/unit/language/test_warp_specialization.py":322:4)
#loc42 = loc("a_desc"(#loc3))
#loc43 = loc("b_desc"(#loc4))
#loc44 = loc("c_desc"(#loc5))
#loc45 = loc("start_pid"(#loc6))
#loc46 = loc("num_pid_m"(#loc8))
#loc47 = loc("num_pid_n"(#loc10))
#loc48 = loc("k_tiles"(#loc11))
#loc49 = loc("num_tiles"(#loc12))
#loc50 = loc("num_pid_in_group"(#loc13))
#loc51 = loc("accumulator"(#loc15))
#loc52 = loc("group_id"(#loc16))
#loc53 = loc("first_pid_m"(#loc17))
#loc54 = loc("group_size_m"(#loc18))
#loc55 = loc("group_size_m"(#loc19))
#loc56 = loc("pid_m"(#loc20))
#loc57 = loc("pid_m"(#loc21))
#loc58 = loc("pid_n"(#loc22))
#loc59 = loc("pid_n"(#loc23))
#loc60 = loc("off_am"(#loc24))
#loc61 = loc("off_bn"(#loc25))
#loc62 = loc("accumulator"(#loc27))
#loc63 = loc("accumulator"(#loc28))
#loc64 = loc("off_k"(#loc29))
#loc65 = loc("a"(#loc30))
#loc66 = loc("c"(#loc31))
#loc67 = loc(callsite(#loc7 at #loc46))
#loc68 = loc(callsite(#loc9 at #loc46))
#loc69 = loc(callsite(#loc7 at #loc47))
#loc70 = loc(callsite(#loc9 at #loc47))
#loc71 = loc(callsite(#loc7 at #loc48))
#loc72 = loc(callsite(#loc9 at #loc48))
#loc73 = loc(callsite(#loc50 at #loc14))
#loc74 = loc(callsite(#loc52 at #loc14))
#loc75 = loc(callsite(#loc53 at #loc14))
#loc76 = loc(callsite(#loc54 at #loc14))
#loc77 = loc(callsite(#loc55 at #loc14))
#loc78 = loc(callsite(#loc56 at #loc14))
#loc79 = loc(callsite(#loc57 at #loc14))
#loc80 = loc(callsite(#loc58 at #loc14))
#loc81 = loc(callsite(#loc59 at #loc14))


// -----// IR Dump Before NVWSLowerSemaphore (nvws-lower-semaphore) ('builtin.module' operation) //----- //
#blocked = #ttg.blocked<{sizePerThread = [1, 8], threadsPerWarp = [2, 16], warpsPerCTA = [8, 1], order = [1, 0]}>
#linear = #ttg.linear<{register = [[0, 1], [0, 2], [0, 4], [0, 8], [0, 16], [0, 32]], lane = [[1, 0], [2, 0], [4, 0], [8, 0], [16, 0]], warp = [[32, 0], [64, 0], [0, 64]], block = []}>
#loc = loc("/home/scratch.egaburov_sw/oai-triton/triton-src/triton-solid-01.git/python/test/unit/language/test_warp_specialization.py":294:0)
#shared = #ttg.nvmma_shared<{swizzlingByteWidth = 128, transposed = false, elementBitWidth = 16}>
#shared1 = #ttg.nvmma_shared<{swizzlingByteWidth = 128, transposed = true, elementBitWidth = 16}>
#smem = #ttg.shared_memory
#tmem = #ttng.tensor_memory_encoding<blockM = 128, blockN = 128, colStride = 1>
#loc33 = loc("a_ptr"(#loc))
#loc34 = loc("b_ptr"(#loc))
#loc35 = loc("c_ptr"(#loc))
#loc36 = loc("a_stride0"(#loc))
#loc37 = loc("b_stride0"(#loc))
#loc38 = loc("c_stride0"(#loc))
#loc39 = loc("M"(#loc))
#loc40 = loc("N"(#loc))
#loc41 = loc("K"(#loc))
module attributes {"ttg.cluster-dim-x" = 1 : i32, "ttg.cluster-dim-y" = 1 : i32, "ttg.cluster-dim-z" = 1 : i32, ttg.max_reg_auto_ws = 152 : i32, ttg.min_reg_auto_ws = 24 : i32, "ttg.num-ctas" = 1 : i32, "ttg.num-warps" = 8 : i32, ttg.target = "cuda:103", "ttg.threads-per-warp" = 32 : i32} {
  tt.func public @matmul_tma_persistent_ws_kernel(%a_ptr: !tt.ptr<f16> {tt.divisibility = 16 : i32} loc("a_ptr"(#loc)), %b_ptr: !tt.ptr<f16> {tt.divisibility = 16 : i32} loc("b_ptr"(#loc)), %c_ptr: !tt.ptr<f16> {tt.divisibility = 16 : i32} loc("c_ptr"(#loc)), %a_stride0: i32 {tt.divisibility = 16 : i32} loc("a_stride0"(#loc)), %b_stride0: i32 {tt.divisibility = 16 : i32} loc("b_stride0"(#loc)), %c_stride0: i32 {tt.divisibility = 16 : i32} loc("c_stride0"(#loc)), %M: i32 {tt.divisibility = 16 : i32} loc("M"(#loc)), %N: i32 {tt.divisibility = 16 : i32} loc("N"(#loc)), %K: i32 {tt.divisibility = 16 : i32} loc("K"(#loc))) attributes {noinline = false} {
    %0 = ub.poison : !ttg.async.token loc(#loc)
    %false = arith.constant false loc(#loc1)
    %cst = arith.constant dense<0.000000e+00> : tensor<128x128xf16, #blocked> loc(#loc1)
    %true = arith.constant true loc(#loc1)
    %c1_i64 = arith.constant 1 : i64 loc(#loc1)
    %c128_i32 = arith.constant 128 : i32 loc(#loc1)
    %c150_i32 = arith.constant 150 : i32 loc(#loc2)
    %c0_i32 = arith.constant 0 : i32 loc(#loc1)
    %c1_i32 = arith.constant 1 : i32 loc(#loc1)
    %c127_i32 = arith.constant 127 : i32 loc(#loc1)
    %c8_i32 = arith.constant 8 : i32 loc(#loc1)
    %cst_0 = arith.constant dense<0.000000e+00> : tensor<128x128xf32, #linear> loc(#loc1)
    %a_desc = arith.extsi %a_stride0 : i32 to i64 loc(#loc42)
    %a_desc_1 = tt.make_tensor_descriptor %a_ptr, [%M, %K], [%a_desc, %c1_i64] : !tt.ptr<f16>, !tt.tensordesc<tensor<128x128xf16, #shared>> loc(#loc42)
    %b_desc = arith.extsi %b_stride0 : i32 to i64 loc(#loc43)
    %b_desc_2 = tt.make_tensor_descriptor %b_ptr, [%N, %K], [%b_desc, %c1_i64] : !tt.ptr<f16>, !tt.tensordesc<tensor<128x128xf16, #shared>> loc(#loc43)
    %c_desc = arith.extsi %c_stride0 : i32 to i64 loc(#loc44)
    %c_desc_3 = tt.make_tensor_descriptor %c_ptr, [%M, %N], [%c_desc, %c1_i64] : !tt.ptr<f16>, !tt.tensordesc<tensor<128x128xf16, #shared>> loc(#loc44)
    %start_pid = tt.get_program_id x : i32 loc(#loc45)
    %num_pid_m = arith.addi %M, %c127_i32 : i32 loc(#loc67)
    %num_pid_m_4 = arith.divsi %num_pid_m, %c128_i32 : i32 loc(#loc68)
    %num_pid_n = arith.addi %N, %c127_i32 : i32 loc(#loc69)
    %num_pid_n_5 = arith.divsi %num_pid_n, %c128_i32 : i32 loc(#loc70)
    %k_tiles = arith.addi %K, %c127_i32 : i32 loc(#loc71)
    %k_tiles_6 = arith.divsi %k_tiles, %c128_i32 : i32 loc(#loc72)
    %num_tiles = arith.muli %num_pid_m_4, %num_pid_n_5 : i32 loc(#loc49)
    %num_pid_in_group = arith.muli %num_pid_n_5, %c8_i32 : i32 loc(#loc73)
    %accumulator = arith.cmpi eq, %k_tiles_6, %c0_i32 : i32 loc(#loc51)
    %accumulator_7 = ttng.tmem_alloc : () -> !ttg.memdesc<2x128x128xf32, #tmem, #ttng.tensor_memory, mutable> loc(#loc51)
    %accumulator_8 = nvws.semaphore.create %accumulator_7 true {nvws.dag_pending_count = 1 : i32} : <[!ttg.memdesc<2x128x128xf32, #tmem, #ttng.tensor_memory, mutable>]> loc(#loc51)
    %accumulator_9 = nvws.semaphore.create %accumulator_7 false {nvws.dag_pending_count = 1 : i32} : <[!ttg.memdesc<2x128x128xf32, #tmem, #ttng.tensor_memory, mutable>]> loc(#loc51)
    %accumulator_10 = ttg.local_alloc : () -> !ttg.memdesc<1x128x128xf16, #shared, #smem, mutable> loc(#loc51)
    %accumulator_11 = nvws.semaphore.create %accumulator_10 true {nvws.dag_pending_count = 1 : i32} : <[!ttg.memdesc<1x128x128xf16, #shared, #smem, mutable>]> loc(#loc51)
    %accumulator_12 = nvws.semaphore.create %accumulator_10 false {nvws.dag_pending_count = 1 : i32} : <[!ttg.memdesc<1x128x128xf16, #shared, #smem, mutable>]> loc(#loc51)
    %accumulator_13 = ttg.local_alloc : () -> !ttg.memdesc<1x128x128xf16, #shared, #smem, mutable> loc(#loc51)
    %accumulator_14 = nvws.semaphore.create %accumulator_13 true {nvws.dag_pending_count = 1 : i32} : <[!ttg.memdesc<1x128x128xf16, #shared, #smem, mutable>]> loc(#loc51)
    %accumulator_15 = nvws.semaphore.create %accumulator_13 false {nvws.dag_pending_count = 1 : i32} : <[!ttg.memdesc<1x128x128xf16, #shared, #smem, mutable>]> loc(#loc51)
    %accumulator_16:3 = scf.if %accumulator -> (!ttg.async.token, !ttg.async.token, !ttg.async.token) {
      scf.for %tile_id = %start_pid to %num_tiles step %c150_i32  : i32 {
        %group_id = arith.divsi %tile_id, %num_pid_in_group : i32 loc(#loc74)
        %first_pid_m = arith.muli %group_id, %c8_i32 : i32 loc(#loc75)
        %group_size_m = arith.subi %num_pid_m_4, %first_pid_m : i32 loc(#loc76)
        %group_size_m_17 = arith.minsi %group_size_m, %c8_i32 : i32 loc(#loc77)
        %pid_m = arith.remsi %tile_id, %group_size_m_17 : i32 loc(#loc78)
        %pid_m_18 = arith.addi %first_pid_m, %pid_m : i32 loc(#loc79)
        %pid_n = arith.remsi %tile_id, %num_pid_in_group : i32 loc(#loc80)
        %pid_n_19 = arith.divsi %pid_n, %group_size_m_17 : i32 loc(#loc81)
        %off_am = arith.muli %pid_m_18, %c128_i32 : i32 loc(#loc60)
        %off_bn = arith.muli %pid_n_19, %c128_i32 : i32 loc(#loc61)
        tt.descriptor_store %c_desc_3[%off_am, %off_bn], %cst : !tt.tensordesc<tensor<128x128xf16, #shared>>, tensor<128x128xf16, #blocked> loc(#loc26)
      } {tt.flatten, tt.num_stages = 2 : i32} loc(#loc2)
      scf.yield %0, %0, %0 : !ttg.async.token, !ttg.async.token, !ttg.async.token loc(#loc51)
    } else {
      %1 = arith.subi %num_tiles, %start_pid : i32 loc(#loc2)
      %2 = arith.ceildivsi %1, %c150_i32 : i32 loc(#loc2)
      %3 = arith.maxsi %k_tiles_6, %c1_i32 : i32 loc(#loc2)
      %4 = arith.muli %2, %3 : i32 loc(#loc2)
      %5 = arith.subi %start_pid, %c150_i32 : i32 loc(#loc2)
      %6 = arith.subi %3, %c1_i32 : i32 loc(#loc2)
      %7 = arith.subi %3, %c1_i32 : i32 loc(#loc2)
      %accumulator_17 = nvws.semaphore.acquire %accumulator_8 : <[!ttg.memdesc<2x128x128xf32, #tmem, #ttng.tensor_memory, mutable>]> -> !ttg.async.token loc(#loc62)
      %accumulator_18 = nvws.semaphore.buffer %accumulator_8, %accumulator_17 : <[!ttg.memdesc<2x128x128xf32, #tmem, #ttng.tensor_memory, mutable>]>, !ttg.async.token -> !ttg.memdesc<128x128xf32, #tmem, #ttng.tensor_memory, mutable, 2x128x128> loc(#loc62)
      %accumulator_19 = ttng.tmem_store %cst_0, %accumulator_18[], %true : tensor<128x128xf32, #linear> -> !ttg.memdesc<128x128xf32, #tmem, #ttng.tensor_memory, mutable, 2x128x128> loc(#loc62)
      %accumulator_20 = ttg.local_alloc : () -> !ttg.memdesc<128x128xf16, #shared, #smem, mutable> loc(#loc63)
      %8 = nvws.semaphore.acquire %accumulator_11 {ttg.partition = array<i32: 2>, ttg.warp_specialize.tag = 0 : i32} : <[!ttg.memdesc<1x128x128xf16, #shared, #smem, mutable>]> -> !ttg.async.token loc(#loc2)
      %9 = nvws.semaphore.acquire %accumulator_14 {ttg.partition = array<i32: 2>, ttg.warp_specialize.tag = 0 : i32} : <[!ttg.memdesc<1x128x128xf16, #shared, #smem, mutable>]> -> !ttg.async.token loc(#loc2)
      %10:9 = scf.for %arg9 = %c0_i32 to %4 step %c1_i32 iter_args(%arg10 = %c0_i32, %arg11 = %5, %arg12 = %c0_i32, %arg13 = %c0_i32, %arg14 = %c0_i32, %arg15 = %false, %arg16 = %accumulator_17, %arg17 = %8, %arg18 = %9) -> (i32, i32, i32, i32, i32, i1, !ttg.async.token, !ttg.async.token, !ttg.async.token)  : i32 {
        %11 = arith.cmpi eq, %arg10, %c0_i32 {loop.cluster = 1 : i32, loop.stage = 0 : i32, ttg.partition = array<i32: 0, 2>} : i32 loc(#loc2)
        %12 = arith.select %11, %c0_i32, %arg12 {loop.cluster = 7 : i32, loop.stage = 0 : i32, ttg.partition = array<i32: 2>} : i32 loc(#loc2)
        %13:3 = scf.if %11 -> (i32, i32, i32) {
          %24 = arith.addi %arg11, %c150_i32 {ttg.partition = array<i32: 0, 2>} : i32 loc(#loc2)
          %group_id = arith.divsi %24, %num_pid_in_group {ttg.partition = array<i32: 0, 2>} : i32 loc(#loc74)
          %first_pid_m = arith.muli %group_id, %c8_i32 {ttg.partition = array<i32: 0, 2>} : i32 loc(#loc75)
          %group_size_m = arith.subi %num_pid_m_4, %first_pid_m {ttg.partition = array<i32: 0, 2>} : i32 loc(#loc76)
          %group_size_m_31 = arith.minsi %group_size_m, %c8_i32 {ttg.partition = array<i32: 0, 2>} : i32 loc(#loc77)
          %pid_m = arith.remsi %24, %group_size_m_31 {ttg.partition = array<i32: 0, 2>} : i32 loc(#loc78)
          %pid_m_32 = arith.addi %first_pid_m, %pid_m {ttg.partition = array<i32: 0, 2>} : i32 loc(#loc79)
          %pid_n = arith.remsi %24, %num_pid_in_group {ttg.partition = array<i32: 0, 2>} : i32 loc(#loc80)
          %pid_n_33 = arith.divsi %pid_n, %group_size_m_31 {ttg.partition = array<i32: 0, 2>} : i32 loc(#loc81)
          %off_am = arith.muli %pid_m_32, %c128_i32 {ttg.partition = array<i32: 0, 2>} : i32 loc(#loc60)
          %off_bn = arith.muli %pid_n_33, %c128_i32 {ttg.partition = array<i32: 0, 2>} : i32 loc(#loc61)
          scf.yield {ttg.partition = array<i32: 0, 2>} %off_am, %off_bn, %24 : i32, i32, i32 loc(#loc2)
        } else {
          scf.yield {ttg.partition = array<i32: 0, 2>} %arg13, %arg14, %arg11 : i32, i32, i32 loc(#loc2)
        } {loop.cluster = 1 : i32, loop.stage = 0 : i32, ttg.partition = array<i32: 0, 2>, ttg.partition.outputs = [array<i32: 0, 2>, array<i32: 0, 2>, array<i32: 0, 2>]} loc(#loc2)
        %off_k = arith.muli %12, %c128_i32 {loop.cluster = 7 : i32, loop.stage = 0 : i32, ttg.partition = array<i32: 2>} : i32 loc(#loc64)
        %a = nvws.semaphore.buffer %accumulator_11, %arg17 {loop.cluster = 7 : i32, loop.stage = 0 : i32, ttg.partition = array<i32: 2>} : <[!ttg.memdesc<1x128x128xf16, #shared, #smem, mutable>]>, !ttg.async.token -> !ttg.memdesc<128x128xf16, #shared, #smem, mutable> loc(#loc65)
        nvws.descriptor_load %a_desc_1[%13#0, %off_k] 32768 %a {loop.cluster = 7 : i32, loop.stage = 0 : i32, ttg.partition = array<i32: 2>} : !tt.tensordesc<tensor<128x128xf16, #shared>>, i32, i32, !ttg.memdesc<128x128xf16, #shared, #smem, mutable> loc(#loc65)
        nvws.semaphore.release %accumulator_12, %arg17 [#nvws.async_op<tma_load>] {loop.cluster = 7 : i32, loop.stage = 0 : i32, ttg.partition = array<i32: 2>} : <[!ttg.memdesc<1x128x128xf16, #shared, #smem, mutable>]>, !ttg.async.token loc(#loc65)
        %accumulator_21 = nvws.semaphore.buffer %accumulator_14, %arg18 {loop.cluster = 7 : i32, loop.stage = 0 : i32, ttg.partition = array<i32: 2>} : <[!ttg.memdesc<1x128x128xf16, #shared, #smem, mutable>]>, !ttg.async.token -> !ttg.memdesc<128x128xf16, #shared, #smem, mutable> loc(#loc63)
        nvws.descriptor_load %b_desc_2[%13#1, %off_k] 32768 %accumulator_21 {loop.cluster = 7 : i32, loop.stage = 0 : i32, ttg.partition = array<i32: 2>} : !tt.tensordesc<tensor<128x128xf16, #shared>>, i32, i32, !ttg.memdesc<128x128xf16, #shared, #smem, mutable> loc(#loc63)
        nvws.semaphore.release %accumulator_15, %arg18 [#nvws.async_op<tma_load>] {loop.cluster = 7 : i32, loop.stage = 0 : i32, ttg.partition = array<i32: 2>} : <[!ttg.memdesc<1x128x128xf16, #shared, #smem, mutable>]>, !ttg.async.token loc(#loc63)
        %accumulator_22 = ttg.memdesc_trans %accumulator_20 {loop.cluster = 5 : i32, loop.stage = 1 : i32, order = array<i32: 1, 0>, ttg.partition = array<i32: 1>} : !ttg.memdesc<128x128xf16, #shared, #smem, mutable> -> !ttg.memdesc<128x128xf16, #shared1, #smem, mutable> loc(#loc63)
        %accumulator_23 = nvws.semaphore.buffer %accumulator_8, %arg16 {loop.cluster = 5 : i32, loop.stage = 1 : i32, ttg.partition = array<i32: 1>} : <[!ttg.memdesc<2x128x128xf32, #tmem, #ttng.tensor_memory, mutable>]>, !ttg.async.token -> !ttg.memdesc<128x128xf32, #tmem, #ttng.tensor_memory, mutable, 2x128x128> loc(#loc62)
        %accumulator_24 = nvws.semaphore.acquire %accumulator_12 {loop.cluster = 5 : i32, loop.stage = 1 : i32, ttg.partition = array<i32: 1>} : <[!ttg.memdesc<1x128x128xf16, #shared, #smem, mutable>]> -> !ttg.async.token loc(#loc62)
        %accumulator_25 = nvws.semaphore.buffer %accumulator_12, %accumulator_24 {loop.cluster = 5 : i32, loop.stage = 1 : i32, ttg.partition = array<i32: 1>} : <[!ttg.memdesc<1x128x128xf16, #shared, #smem, mutable>]>, !ttg.async.token -> !ttg.memdesc<128x128xf16, #shared, #smem, mutable> loc(#loc62)
        %accumulator_26 = nvws.semaphore.acquire %accumulator_15 {loop.cluster = 5 : i32, loop.stage = 1 : i32, ttg.partition = array<i32: 1>} : <[!ttg.memdesc<1x128x128xf16, #shared, #smem, mutable>]> -> !ttg.async.token loc(#loc62)
        %accumulator_27 = nvws.semaphore.buffer %accumulator_15, %accumulator_26 {loop.cluster = 5 : i32, loop.stage = 1 : i32, ttg.partition = array<i32: 1>} : <[!ttg.memdesc<1x128x128xf16, #shared, #smem, mutable>]>, !ttg.async.token -> !ttg.memdesc<128x128xf16, #shared, #smem, mutable> loc(#loc62)
        %accumulator_28 = ttg.memdesc_trans %accumulator_27 {loop.cluster = 5 : i32, loop.stage = 1 : i32, order = array<i32: 1, 0>, ttg.partition = array<i32: 1>} : !ttg.memdesc<128x128xf16, #shared, #smem, mutable> -> !ttg.memdesc<128x128xf16, #shared1, #smem, mutable> loc(#loc63)
        %accumulator_29 = ttng.tc_gen5_mma %accumulator_25, %accumulator_28, %accumulator_23[], %arg15, %true {loop.cluster = 5 : i32, loop.stage = 1 : i32, tt.self_latency = 1 : i32, ttg.partition = array<i32: 1>} : !ttg.memdesc<128x128xf16, #shared, #smem, mutable>, !ttg.memdesc<128x128xf16, #shared1, #smem, mutable>, !ttg.memdesc<128x128xf32, #tmem, #ttng.tensor_memory, mutable, 2x128x128> loc(#loc62)
        nvws.semaphore.release %accumulator_14, %accumulator_26 [#nvws.async_op<tc5mma>] {loop.cluster = 5 : i32, loop.stage = 1 : i32, ttg.partition = array<i32: 1>} : <[!ttg.memdesc<1x128x128xf16, #shared, #smem, mutable>]>, !ttg.async.token loc(#loc62)
        nvws.semaphore.release %accumulator_11, %accumulator_24 [#nvws.async_op<tc5mma>] {loop.cluster = 5 : i32, loop.stage = 1 : i32, ttg.partition = array<i32: 1>} : <[!ttg.memdesc<1x128x128xf16, #shared, #smem, mutable>]>, !ttg.async.token loc(#loc62)
        %14 = arith.addi %12, %c1_i32 {loop.cluster = 6 : i32, loop.stage = 1 : i32, ttg.partition = array<i32: 2>} : i32 loc(#loc2)
        %15 = arith.cmpi eq, %arg10, %6 {loop.cluster = 4 : i32, loop.stage = 2 : i32, ttg.partition = array<i32: 0, 1>} : i32 loc(#loc2)
        %accumulator_30 = arith.select %15, %false, %true {loop.cluster = 4 : i32, loop.stage = 2 : i32, ttg.partition = array<i32: 1>} : i1 loc(#loc62)
        scf.if %15 {
          nvws.semaphore.release %accumulator_9, %arg16 [#nvws.async_op<tc5mma>] {loop.cluster = 5 : i32, loop.stage = 1 : i32, ttg.partition = array<i32: 1>} : <[!ttg.memdesc<2x128x128xf32, #tmem, #ttng.tensor_memory, mutable>]>, !ttg.async.token loc(#loc)
        } {loop.cluster = 5 : i32, loop.stage = 1 : i32, ttg.partition = array<i32: 1>} loc(#loc2)
        %16 = ub.poison : !ttg.async.token loc(#loc2)
        %17 = scf.if %15 -> (!ttg.async.token) {
          %accumulator_31 = nvws.semaphore.acquire %accumulator_9 {ttg.partition = array<i32: 0>} : <[!ttg.memdesc<2x128x128xf32, #tmem, #ttng.tensor_memory, mutable>]> -> !ttg.async.token loc(#loc62)
          %accumulator_32 = nvws.semaphore.buffer %accumulator_9, %accumulator_31 {ttg.partition = array<i32: 0>} : <[!ttg.memdesc<2x128x128xf32, #tmem, #ttng.tensor_memory, mutable>]>, !ttg.async.token -> !ttg.memdesc<128x128xf32, #tmem, #ttng.tensor_memory, mutable, 2x128x128> loc(#loc62)
          %accumulator_33, %accumulator_34 = ttng.tmem_load %accumulator_32[] {ttg.partition = array<i32: 0>} : !ttg.memdesc<128x128xf32, #tmem, #ttng.tensor_memory, mutable, 2x128x128> -> tensor<128x128xf32, #linear> loc(#loc62)
          nvws.semaphore.release %accumulator_8, %accumulator_31 [#nvws.async_op<none>] {ttg.partition = array<i32: 0>} : <[!ttg.memdesc<2x128x128xf32, #tmem, #ttng.tensor_memory, mutable>]>, !ttg.async.token loc(#loc62)
          %c = arith.truncf %accumulator_33 {ttg.partition = array<i32: 0>} : tensor<128x128xf32, #linear> to tensor<128x128xf16, #linear> loc(#loc66)
          %24 = ttg.convert_layout %c {ttg.partition = array<i32: 0>} : tensor<128x128xf16, #linear> -> tensor<128x128xf16, #blocked> loc(#loc26)
          tt.descriptor_store %c_desc_3[%13#0, %13#1], %24 {ttg.partition = array<i32: 0>} : !tt.tensordesc<tensor<128x128xf16, #shared>>, tensor<128x128xf16, #blocked> loc(#loc26)
          scf.yield {ttg.partition = array<i32: 0, 1>} %16 : !ttg.async.token loc(#loc2)
        } else {
          scf.yield {ttg.partition = array<i32: 0, 1>} %16 : !ttg.async.token loc(#loc2)
        } {loop.cluster = 8 : i32, loop.stage = 3 : i32, ttg.partition = array<i32: 0, 1>, ttg.partition.outputs = [array<i32: 1>]} loc(#loc2)
        %18 = scf.if %15 -> (!ttg.async.token) {
          %24 = nvws.semaphore.acquire %accumulator_8 {loop.cluster = 5 : i32, loop.stage = 1 : i32, ttg.partition = array<i32: 1>} : <[!ttg.memdesc<2x128x128xf32, #tmem, #ttng.tensor_memory, mutable>]> -> !ttg.async.token loc(#loc)
          scf.yield {ttg.partition = array<i32: 1>} %24 : !ttg.async.token loc(#loc2)
        } else {
          scf.yield {ttg.partition = array<i32: 1>} %arg16 : !ttg.async.token loc(#loc2)
        } {loop.cluster = 5 : i32, loop.stage = 1 : i32, ttg.partition = array<i32: 1>, ttg.partition.outputs = [array<i32: 1>]} loc(#loc2)
        %19 = arith.addi %arg10, %c1_i32 {loop.cluster = 0 : i32, loop.stage = 1 : i32, ttg.partition = array<i32: 0, 1, 2>} : i32 loc(#loc2)
        %20 = arith.cmpi eq, %arg10, %7 {loop.cluster = 0 : i32, loop.stage = 1 : i32, ttg.partition = array<i32: 0, 1, 2>} : i32 loc(#loc2)
        %21 = arith.select %20, %c0_i32, %19 {loop.cluster = 0 : i32, loop.stage = 1 : i32, ttg.partition = array<i32: 0, 1, 2>} : i32 loc(#loc2)
        %22 = nvws.semaphore.acquire %accumulator_11 {loop.cluster = 7 : i32, loop.stage = 0 : i32, ttg.partition = array<i32: 2>} : <[!ttg.memdesc<1x128x128xf16, #shared, #smem, mutable>]> -> !ttg.async.token loc(#loc)
        %23 = nvws.semaphore.acquire %accumulator_14 {loop.cluster = 7 : i32, loop.stage = 0 : i32, ttg.partition = array<i32: 2>} : <[!ttg.memdesc<1x128x128xf16, #shared, #smem, mutable>]> -> !ttg.async.token loc(#loc)
        scf.yield {ttg.partition = array<i32: 0, 1, 2>} %21, %13#2, %14, %13#0, %13#1, %accumulator_30, %18, %22, %23 : i32, i32, i32, i32, i32, i1, !ttg.async.token, !ttg.async.token, !ttg.async.token loc(#loc2)
      } {tt.num_stages = 2 : i32, tt.scheduled_max_stage = 3 : i32, tt.warp_specialize, ttg.partition = array<i32: 0, 1, 2>, ttg.partition.outputs = [array<i32: 0, 1, 2>, array<i32: 0, 2>, array<i32: 2>, array<i32: 0, 2>, array<i32: 0, 2>, array<i32: 1>, array<i32: 1>, array<i32: 2>, array<i32: 2>], ttg.partition.stages = [0 : i32, 1 : i32, 0 : i32], ttg.warp_specialize.tag = 0 : i32} loc(#loc2)
      scf.yield %10#6, %10#7, %10#8 : !ttg.async.token, !ttg.async.token, !ttg.async.token loc(#loc51)
    } loc(#loc51)
    tt.return loc(#loc32)
  } loc(#loc)
} loc(#loc)
#loc1 = loc(unknown)
#loc2 = loc("/home/scratch.egaburov_sw/oai-triton/triton-src/triton-solid-01.git/python/test/unit/language/test_warp_specialization.py":323:28)
#loc3 = loc("/home/scratch.egaburov_sw/oai-triton/triton-src/triton-solid-01.git/python/test/unit/language/test_warp_specialization.py":309:39)
#loc4 = loc("/home/scratch.egaburov_sw/oai-triton/triton-src/triton-solid-01.git/python/test/unit/language/test_warp_specialization.py":311:39)
#loc5 = loc("/home/scratch.egaburov_sw/oai-triton/triton-src/triton-solid-01.git/python/test/unit/language/test_warp_specialization.py":313:39)
#loc6 = loc("/home/scratch.egaburov_sw/oai-triton/triton-src/triton-solid-01.git/python/test/unit/language/test_warp_specialization.py":316:30)
#loc7 = loc("/home/scratch.egaburov_sw/oai-triton/triton-src/triton-solid-01.git/python/triton/language/standard.py":43:17)
#loc8 = loc("/home/scratch.egaburov_sw/oai-triton/triton-src/triton-solid-01.git/python/test/unit/language/test_warp_specialization.py":317:27)
#loc9 = loc("/home/scratch.egaburov_sw/oai-triton/triton-src/triton-solid-01.git/python/triton/language/standard.py":43:30)
#loc10 = loc("/home/scratch.egaburov_sw/oai-triton/triton-src/triton-solid-01.git/python/test/unit/language/test_warp_specialization.py":318:27)
#loc11 = loc("/home/scratch.egaburov_sw/oai-triton/triton-src/triton-solid-01.git/python/test/unit/language/test_warp_specialization.py":319:25)
#loc12 = loc("/home/scratch.egaburov_sw/oai-triton/triton-src/triton-solid-01.git/python/test/unit/language/test_warp_specialization.py":320:28)
#loc13 = loc("/home/scratch.egaburov_sw/oai-triton/triton-src/triton-solid-01.git/python/test/unit/language/test_warp_specialization.py":191:38)
#loc14 = loc("/home/scratch.egaburov_sw/oai-triton/triton-src/triton-solid-01.git/python/test/unit/language/test_warp_specialization.py":324:67)
#loc15 = loc("/home/scratch.egaburov_sw/oai-triton/triton-src/triton-solid-01.git/python/test/unit/language/test_warp_specialization.py":329:24)
#loc16 = loc("/home/scratch.egaburov_sw/oai-triton/triton-src/triton-solid-01.git/python/test/unit/language/test_warp_specialization.py":192:26)
#loc17 = loc("/home/scratch.egaburov_sw/oai-triton/triton-src/triton-solid-01.git/python/test/unit/language/test_warp_specialization.py":193:29)
#loc18 = loc("/home/scratch.egaburov_sw/oai-triton/triton-src/triton-solid-01.git/python/test/unit/language/test_warp_specialization.py":194:35)
#loc19 = loc("/home/scratch.egaburov_sw/oai-triton/triton-src/triton-solid-01.git/python/test/unit/language/test_warp_specialization.py":194:48)
#loc20 = loc("/home/scratch.egaburov_sw/oai-triton/triton-src/triton-solid-01.git/python/test/unit/language/test_warp_specialization.py":195:37)
#loc21 = loc("/home/scratch.egaburov_sw/oai-triton/triton-src/triton-solid-01.git/python/test/unit/language/test_warp_specialization.py":195:27)
#loc22 = loc("/home/scratch.egaburov_sw/oai-triton/triton-src/triton-solid-01.git/python/test/unit/language/test_warp_specialization.py":196:23)
#loc23 = loc("/home/scratch.egaburov_sw/oai-triton/triton-src/triton-solid-01.git/python/test/unit/language/test_warp_specialization.py":196:44)
#loc24 = loc("/home/scratch.egaburov_sw/oai-triton/triton-src/triton-solid-01.git/python/test/unit/language/test_warp_specialization.py":326:25)
#loc25 = loc("/home/scratch.egaburov_sw/oai-triton/triton-src/triton-solid-01.git/python/test/unit/language/test_warp_specialization.py":327:25)
#loc26 = loc("/home/scratch.egaburov_sw/oai-triton/triton-src/triton-solid-01.git/python/test/unit/language/test_warp_specialization.py":336:39)
#loc27 = loc("/home/scratch.egaburov_sw/oai-triton/triton-src/triton-solid-01.git/python/test/unit/language/test_warp_specialization.py":333:41)
#loc28 = loc("/home/scratch.egaburov_sw/oai-triton/triton-src/triton-solid-01.git/python/test/unit/language/test_warp_specialization.py":333:36)
#loc29 = loc("/home/scratch.egaburov_sw/oai-triton/triton-src/triton-solid-01.git/python/test/unit/language/test_warp_specialization.py":330:25)
#loc30 = loc("/home/scratch.egaburov_sw/oai-triton/triton-src/triton-solid-01.git/python/test/unit/language/test_warp_specialization.py":331:28)
#loc31 = loc("/home/scratch.egaburov_sw/oai-triton/triton-src/triton-solid-01.git/python/test/unit/language/test_warp_specialization.py":335:27)
#loc32 = loc("/home/scratch.egaburov_sw/oai-triton/triton-src/triton-solid-01.git/python/test/unit/language/test_warp_specialization.py":322:4)
#loc42 = loc("a_desc"(#loc3))
#loc43 = loc("b_desc"(#loc4))
#loc44 = loc("c_desc"(#loc5))
#loc45 = loc("start_pid"(#loc6))
#loc46 = loc("num_pid_m"(#loc8))
#loc47 = loc("num_pid_n"(#loc10))
#loc48 = loc("k_tiles"(#loc11))
#loc49 = loc("num_tiles"(#loc12))
#loc50 = loc("num_pid_in_group"(#loc13))
#loc51 = loc("accumulator"(#loc15))
#loc52 = loc("group_id"(#loc16))
#loc53 = loc("first_pid_m"(#loc17))
#loc54 = loc("group_size_m"(#loc18))
#loc55 = loc("group_size_m"(#loc19))
#loc56 = loc("pid_m"(#loc20))
#loc57 = loc("pid_m"(#loc21))
#loc58 = loc("pid_n"(#loc22))
#loc59 = loc("pid_n"(#loc23))
#loc60 = loc("off_am"(#loc24))
#loc61 = loc("off_bn"(#loc25))
#loc62 = loc("accumulator"(#loc27))
#loc63 = loc("accumulator"(#loc28))
#loc64 = loc("off_k"(#loc29))
#loc65 = loc("a"(#loc30))
#loc66 = loc("c"(#loc31))
#loc67 = loc(callsite(#loc7 at #loc46))
#loc68 = loc(callsite(#loc9 at #loc46))
#loc69 = loc(callsite(#loc7 at #loc47))
#loc70 = loc(callsite(#loc9 at #loc47))
#loc71 = loc(callsite(#loc7 at #loc48))
#loc72 = loc(callsite(#loc9 at #loc48))
#loc73 = loc(callsite(#loc50 at #loc14))
#loc74 = loc(callsite(#loc52 at #loc14))
#loc75 = loc(callsite(#loc53 at #loc14))
#loc76 = loc(callsite(#loc54 at #loc14))
#loc77 = loc(callsite(#loc55 at #loc14))
#loc78 = loc(callsite(#loc56 at #loc14))
#loc79 = loc(callsite(#loc57 at #loc14))
#loc80 = loc(callsite(#loc58 at #loc14))
#loc81 = loc(callsite(#loc59 at #loc14))


// -----// IR Dump Before NVWSAssignStagePhase (nvws-assign-stage-phase) ('builtin.module' operation) //----- //
#blocked = #ttg.blocked<{sizePerThread = [1, 8], threadsPerWarp = [2, 16], warpsPerCTA = [8, 1], order = [1, 0]}>
#linear = #ttg.linear<{register = [[0, 1], [0, 2], [0, 4], [0, 8], [0, 16], [0, 32]], lane = [[1, 0], [2, 0], [4, 0], [8, 0], [16, 0]], warp = [[32, 0], [64, 0], [0, 64]], block = []}>
#loc = loc("/home/scratch.egaburov_sw/oai-triton/triton-src/triton-solid-01.git/python/test/unit/language/test_warp_specialization.py":294:0)
#shared = #ttg.nvmma_shared<{swizzlingByteWidth = 128, transposed = false, elementBitWidth = 16}>
#shared1 = #ttg.nvmma_shared<{swizzlingByteWidth = 128, transposed = true, elementBitWidth = 16}>
#smem = #ttg.shared_memory
#tmem = #ttng.tensor_memory_encoding<blockM = 128, blockN = 128, colStride = 1>
#loc33 = loc("a_ptr"(#loc))
#loc34 = loc("b_ptr"(#loc))
#loc35 = loc("c_ptr"(#loc))
#loc36 = loc("a_stride0"(#loc))
#loc37 = loc("b_stride0"(#loc))
#loc38 = loc("c_stride0"(#loc))
#loc39 = loc("M"(#loc))
#loc40 = loc("N"(#loc))
#loc41 = loc("K"(#loc))
module attributes {"ttg.cluster-dim-x" = 1 : i32, "ttg.cluster-dim-y" = 1 : i32, "ttg.cluster-dim-z" = 1 : i32, ttg.max_reg_auto_ws = 152 : i32, ttg.min_reg_auto_ws = 24 : i32, "ttg.num-ctas" = 1 : i32, "ttg.num-warps" = 8 : i32, ttg.target = "cuda:103", "ttg.threads-per-warp" = 32 : i32} {
  tt.func public @matmul_tma_persistent_ws_kernel(%a_ptr: !tt.ptr<f16> {tt.divisibility = 16 : i32} loc("a_ptr"(#loc)), %b_ptr: !tt.ptr<f16> {tt.divisibility = 16 : i32} loc("b_ptr"(#loc)), %c_ptr: !tt.ptr<f16> {tt.divisibility = 16 : i32} loc("c_ptr"(#loc)), %a_stride0: i32 {tt.divisibility = 16 : i32} loc("a_stride0"(#loc)), %b_stride0: i32 {tt.divisibility = 16 : i32} loc("b_stride0"(#loc)), %c_stride0: i32 {tt.divisibility = 16 : i32} loc("c_stride0"(#loc)), %M: i32 {tt.divisibility = 16 : i32} loc("M"(#loc)), %N: i32 {tt.divisibility = 16 : i32} loc("N"(#loc)), %K: i32 {tt.divisibility = 16 : i32} loc("K"(#loc))) attributes {noinline = false} {
    %0 = ub.poison : !ttg.async.token loc(#loc)
    %false = arith.constant false loc(#loc1)
    %cst = arith.constant dense<0.000000e+00> : tensor<128x128xf16, #blocked> loc(#loc1)
    %true = arith.constant true loc(#loc1)
    %c1_i64 = arith.constant 1 : i64 loc(#loc1)
    %c128_i32 = arith.constant 128 : i32 loc(#loc1)
    %c150_i32 = arith.constant 150 : i32 loc(#loc2)
    %c0_i32 = arith.constant 0 : i32 loc(#loc1)
    %c1_i32 = arith.constant 1 : i32 loc(#loc1)
    %c127_i32 = arith.constant 127 : i32 loc(#loc1)
    %c8_i32 = arith.constant 8 : i32 loc(#loc1)
    %cst_0 = arith.constant dense<0.000000e+00> : tensor<128x128xf32, #linear> loc(#loc1)
    %a_desc = arith.extsi %a_stride0 : i32 to i64 loc(#loc42)
    %a_desc_1 = tt.make_tensor_descriptor %a_ptr, [%M, %K], [%a_desc, %c1_i64] : !tt.ptr<f16>, !tt.tensordesc<tensor<128x128xf16, #shared>> loc(#loc42)
    %b_desc = arith.extsi %b_stride0 : i32 to i64 loc(#loc43)
    %b_desc_2 = tt.make_tensor_descriptor %b_ptr, [%N, %K], [%b_desc, %c1_i64] : !tt.ptr<f16>, !tt.tensordesc<tensor<128x128xf16, #shared>> loc(#loc43)
    %c_desc = arith.extsi %c_stride0 : i32 to i64 loc(#loc44)
    %c_desc_3 = tt.make_tensor_descriptor %c_ptr, [%M, %N], [%c_desc, %c1_i64] : !tt.ptr<f16>, !tt.tensordesc<tensor<128x128xf16, #shared>> loc(#loc44)
    %start_pid = tt.get_program_id x : i32 loc(#loc45)
    %num_pid_m = arith.addi %M, %c127_i32 : i32 loc(#loc67)
    %num_pid_m_4 = arith.divsi %num_pid_m, %c128_i32 : i32 loc(#loc68)
    %num_pid_n = arith.addi %N, %c127_i32 : i32 loc(#loc69)
    %num_pid_n_5 = arith.divsi %num_pid_n, %c128_i32 : i32 loc(#loc70)
    %k_tiles = arith.addi %K, %c127_i32 : i32 loc(#loc71)
    %k_tiles_6 = arith.divsi %k_tiles, %c128_i32 : i32 loc(#loc72)
    %num_tiles = arith.muli %num_pid_m_4, %num_pid_n_5 : i32 loc(#loc49)
    %num_pid_in_group = arith.muli %num_pid_n_5, %c8_i32 : i32 loc(#loc73)
    %accumulator = arith.cmpi eq, %k_tiles_6, %c0_i32 : i32 loc(#loc51)
    %accumulator_7 = ttng.tmem_alloc : () -> !ttg.memdesc<2x128x128xf32, #tmem, #ttng.tensor_memory, mutable> loc(#loc51)
    %accumulator_8 = nvws.semaphore.create %accumulator_7 true {nvws.dag_pending_count = 1 : i32} : <[!ttg.memdesc<2x128x128xf32, #tmem, #ttng.tensor_memory, mutable>]> loc(#loc51)
    %accumulator_9 = nvws.semaphore.create %accumulator_7 false {nvws.dag_pending_count = 1 : i32} : <[!ttg.memdesc<2x128x128xf32, #tmem, #ttng.tensor_memory, mutable>]> loc(#loc51)
    %accumulator_10 = ttg.local_alloc : () -> !ttg.memdesc<3x128x128xf16, #shared, #smem, mutable> loc(#loc51)
    %accumulator_11 = nvws.semaphore.create %accumulator_10 true {nvws.dag_pending_count = 1 : i32} : <[!ttg.memdesc<3x128x128xf16, #shared, #smem, mutable>]> loc(#loc51)
    %accumulator_12 = nvws.semaphore.create %accumulator_10 false {nvws.dag_pending_count = 1 : i32} : <[!ttg.memdesc<3x128x128xf16, #shared, #smem, mutable>]> loc(#loc51)
    %accumulator_13 = ttg.local_alloc : () -> !ttg.memdesc<3x128x128xf16, #shared, #smem, mutable> loc(#loc51)
    %accumulator_14 = nvws.semaphore.create %accumulator_13 true {nvws.dag_pending_count = 1 : i32} : <[!ttg.memdesc<3x128x128xf16, #shared, #smem, mutable>]> loc(#loc51)
    %accumulator_15 = nvws.semaphore.create %accumulator_13 false {nvws.dag_pending_count = 1 : i32} : <[!ttg.memdesc<3x128x128xf16, #shared, #smem, mutable>]> loc(#loc51)
    %accumulator_16:3 = scf.if %accumulator -> (!ttg.async.token, !ttg.async.token, !ttg.async.token) {
      scf.for %tile_id = %start_pid to %num_tiles step %c150_i32  : i32 {
        %group_id = arith.divsi %tile_id, %num_pid_in_group : i32 loc(#loc74)
        %first_pid_m = arith.muli %group_id, %c8_i32 : i32 loc(#loc75)
        %group_size_m = arith.subi %num_pid_m_4, %first_pid_m : i32 loc(#loc76)
        %group_size_m_17 = arith.minsi %group_size_m, %c8_i32 : i32 loc(#loc77)
        %pid_m = arith.remsi %tile_id, %group_size_m_17 : i32 loc(#loc78)
        %pid_m_18 = arith.addi %first_pid_m, %pid_m : i32 loc(#loc79)
        %pid_n = arith.remsi %tile_id, %num_pid_in_group : i32 loc(#loc80)
        %pid_n_19 = arith.divsi %pid_n, %group_size_m_17 : i32 loc(#loc81)
        %off_am = arith.muli %pid_m_18, %c128_i32 : i32 loc(#loc60)
        %off_bn = arith.muli %pid_n_19, %c128_i32 : i32 loc(#loc61)
        tt.descriptor_store %c_desc_3[%off_am, %off_bn], %cst : !tt.tensordesc<tensor<128x128xf16, #shared>>, tensor<128x128xf16, #blocked> loc(#loc26)
      } {tt.flatten, tt.num_stages = 2 : i32} loc(#loc2)
      scf.yield %0, %0, %0 : !ttg.async.token, !ttg.async.token, !ttg.async.token loc(#loc51)
    } else {
      %1 = arith.subi %num_tiles, %start_pid : i32 loc(#loc2)
      %2 = arith.ceildivsi %1, %c150_i32 : i32 loc(#loc2)
      %3 = arith.maxsi %k_tiles_6, %c1_i32 : i32 loc(#loc2)
      %4 = arith.muli %2, %3 : i32 loc(#loc2)
      %5 = arith.subi %start_pid, %c150_i32 : i32 loc(#loc2)
      %6 = arith.subi %3, %c1_i32 : i32 loc(#loc2)
      %7 = arith.subi %3, %c1_i32 : i32 loc(#loc2)
      %accumulator_17 = nvws.semaphore.acquire %accumulator_8 : <[!ttg.memdesc<2x128x128xf32, #tmem, #ttng.tensor_memory, mutable>]> -> !ttg.async.token loc(#loc62)
      %accumulator_18 = nvws.semaphore.buffer %accumulator_8, %accumulator_17 : <[!ttg.memdesc<2x128x128xf32, #tmem, #ttng.tensor_memory, mutable>]>, !ttg.async.token -> !ttg.memdesc<128x128xf32, #tmem, #ttng.tensor_memory, mutable, 2x128x128> loc(#loc62)
      %accumulator_19 = ttng.tmem_store %cst_0, %accumulator_18[], %true : tensor<128x128xf32, #linear> -> !ttg.memdesc<128x128xf32, #tmem, #ttng.tensor_memory, mutable, 2x128x128> loc(#loc62)
      %accumulator_20 = ttg.local_alloc : () -> !ttg.memdesc<128x128xf16, #shared, #smem, mutable> loc(#loc63)
      %8 = nvws.semaphore.acquire %accumulator_11 {ttg.partition = array<i32: 2>, ttg.warp_specialize.tag = 0 : i32} : <[!ttg.memdesc<3x128x128xf16, #shared, #smem, mutable>]> -> !ttg.async.token loc(#loc2)
      %9 = nvws.semaphore.acquire %accumulator_14 {ttg.partition = array<i32: 2>, ttg.warp_specialize.tag = 0 : i32} : <[!ttg.memdesc<3x128x128xf16, #shared, #smem, mutable>]> -> !ttg.async.token loc(#loc2)
      %10:9 = scf.for %arg9 = %c0_i32 to %4 step %c1_i32 iter_args(%arg10 = %c0_i32, %arg11 = %5, %arg12 = %c0_i32, %arg13 = %c0_i32, %arg14 = %c0_i32, %arg15 = %false, %arg16 = %accumulator_17, %arg17 = %8, %arg18 = %9) -> (i32, i32, i32, i32, i32, i1, !ttg.async.token, !ttg.async.token, !ttg.async.token)  : i32 {
        %11 = arith.cmpi eq, %arg10, %c0_i32 {loop.cluster = 1 : i32, loop.stage = 0 : i32, ttg.partition = array<i32: 0, 2>} : i32 loc(#loc2)
        %12 = arith.select %11, %c0_i32, %arg12 {loop.cluster = 7 : i32, loop.stage = 0 : i32, ttg.partition = array<i32: 2>} : i32 loc(#loc2)
        %13:3 = scf.if %11 -> (i32, i32, i32) {
          %24 = arith.addi %arg11, %c150_i32 {ttg.partition = array<i32: 0, 2>} : i32 loc(#loc2)
          %group_id = arith.divsi %24, %num_pid_in_group {ttg.partition = array<i32: 0, 2>} : i32 loc(#loc74)
          %first_pid_m = arith.muli %group_id, %c8_i32 {ttg.partition = array<i32: 0, 2>} : i32 loc(#loc75)
          %group_size_m = arith.subi %num_pid_m_4, %first_pid_m {ttg.partition = array<i32: 0, 2>} : i32 loc(#loc76)
          %group_size_m_31 = arith.minsi %group_size_m, %c8_i32 {ttg.partition = array<i32: 0, 2>} : i32 loc(#loc77)
          %pid_m = arith.remsi %24, %group_size_m_31 {ttg.partition = array<i32: 0, 2>} : i32 loc(#loc78)
          %pid_m_32 = arith.addi %first_pid_m, %pid_m {ttg.partition = array<i32: 0, 2>} : i32 loc(#loc79)
          %pid_n = arith.remsi %24, %num_pid_in_group {ttg.partition = array<i32: 0, 2>} : i32 loc(#loc80)
          %pid_n_33 = arith.divsi %pid_n, %group_size_m_31 {ttg.partition = array<i32: 0, 2>} : i32 loc(#loc81)
          %off_am = arith.muli %pid_m_32, %c128_i32 {ttg.partition = array<i32: 0, 2>} : i32 loc(#loc60)
          %off_bn = arith.muli %pid_n_33, %c128_i32 {ttg.partition = array<i32: 0, 2>} : i32 loc(#loc61)
          scf.yield {ttg.partition = array<i32: 0, 2>} %off_am, %off_bn, %24 : i32, i32, i32 loc(#loc2)
        } else {
          scf.yield {ttg.partition = array<i32: 0, 2>} %arg13, %arg14, %arg11 : i32, i32, i32 loc(#loc2)
        } {loop.cluster = 1 : i32, loop.stage = 0 : i32, ttg.partition = array<i32: 0, 2>, ttg.partition.outputs = [array<i32: 0, 2>, array<i32: 0, 2>, array<i32: 0, 2>]} loc(#loc2)
        %off_k = arith.muli %12, %c128_i32 {loop.cluster = 7 : i32, loop.stage = 0 : i32, ttg.partition = array<i32: 2>} : i32 loc(#loc64)
        %a = nvws.semaphore.buffer %accumulator_11, %arg17 {loop.cluster = 7 : i32, loop.stage = 0 : i32, ttg.partition = array<i32: 2>} : <[!ttg.memdesc<3x128x128xf16, #shared, #smem, mutable>]>, !ttg.async.token -> !ttg.memdesc<128x128xf16, #shared, #smem, mutable> loc(#loc65)
        nvws.descriptor_load %a_desc_1[%13#0, %off_k] 32768 %a {loop.cluster = 7 : i32, loop.stage = 0 : i32, ttg.partition = array<i32: 2>} : !tt.tensordesc<tensor<128x128xf16, #shared>>, i32, i32, !ttg.memdesc<128x128xf16, #shared, #smem, mutable> loc(#loc65)
        nvws.semaphore.release %accumulator_12, %arg17 [#nvws.async_op<tma_load>] {loop.cluster = 7 : i32, loop.stage = 0 : i32, ttg.partition = array<i32: 2>} : <[!ttg.memdesc<3x128x128xf16, #shared, #smem, mutable>]>, !ttg.async.token loc(#loc65)
        %accumulator_21 = nvws.semaphore.buffer %accumulator_14, %arg18 {loop.cluster = 7 : i32, loop.stage = 0 : i32, ttg.partition = array<i32: 2>} : <[!ttg.memdesc<3x128x128xf16, #shared, #smem, mutable>]>, !ttg.async.token -> !ttg.memdesc<128x128xf16, #shared, #smem, mutable> loc(#loc63)
        nvws.descriptor_load %b_desc_2[%13#1, %off_k] 32768 %accumulator_21 {loop.cluster = 7 : i32, loop.stage = 0 : i32, ttg.partition = array<i32: 2>} : !tt.tensordesc<tensor<128x128xf16, #shared>>, i32, i32, !ttg.memdesc<128x128xf16, #shared, #smem, mutable> loc(#loc63)
        nvws.semaphore.release %accumulator_15, %arg18 [#nvws.async_op<tma_load>] {loop.cluster = 7 : i32, loop.stage = 0 : i32, ttg.partition = array<i32: 2>} : <[!ttg.memdesc<3x128x128xf16, #shared, #smem, mutable>]>, !ttg.async.token loc(#loc63)
        %accumulator_22 = ttg.memdesc_trans %accumulator_20 {loop.cluster = 5 : i32, loop.stage = 1 : i32, order = array<i32: 1, 0>, ttg.partition = array<i32: 1>} : !ttg.memdesc<128x128xf16, #shared, #smem, mutable> -> !ttg.memdesc<128x128xf16, #shared1, #smem, mutable> loc(#loc63)
        %accumulator_23 = nvws.semaphore.buffer %accumulator_8, %arg16 {loop.cluster = 5 : i32, loop.stage = 1 : i32, ttg.partition = array<i32: 1>} : <[!ttg.memdesc<2x128x128xf32, #tmem, #ttng.tensor_memory, mutable>]>, !ttg.async.token -> !ttg.memdesc<128x128xf32, #tmem, #ttng.tensor_memory, mutable, 2x128x128> loc(#loc62)
        %accumulator_24 = nvws.semaphore.acquire %accumulator_12 {loop.cluster = 5 : i32, loop.stage = 1 : i32, ttg.partition = array<i32: 1>} : <[!ttg.memdesc<3x128x128xf16, #shared, #smem, mutable>]> -> !ttg.async.token loc(#loc62)
        %accumulator_25 = nvws.semaphore.buffer %accumulator_12, %accumulator_24 {loop.cluster = 5 : i32, loop.stage = 1 : i32, ttg.partition = array<i32: 1>} : <[!ttg.memdesc<3x128x128xf16, #shared, #smem, mutable>]>, !ttg.async.token -> !ttg.memdesc<128x128xf16, #shared, #smem, mutable> loc(#loc62)
        %accumulator_26 = nvws.semaphore.acquire %accumulator_15 {loop.cluster = 5 : i32, loop.stage = 1 : i32, ttg.partition = array<i32: 1>} : <[!ttg.memdesc<3x128x128xf16, #shared, #smem, mutable>]> -> !ttg.async.token loc(#loc62)
        %accumulator_27 = nvws.semaphore.buffer %accumulator_15, %accumulator_26 {loop.cluster = 5 : i32, loop.stage = 1 : i32, ttg.partition = array<i32: 1>} : <[!ttg.memdesc<3x128x128xf16, #shared, #smem, mutable>]>, !ttg.async.token -> !ttg.memdesc<128x128xf16, #shared, #smem, mutable> loc(#loc62)
        %accumulator_28 = ttg.memdesc_trans %accumulator_27 {loop.cluster = 5 : i32, loop.stage = 1 : i32, order = array<i32: 1, 0>, ttg.partition = array<i32: 1>} : !ttg.memdesc<128x128xf16, #shared, #smem, mutable> -> !ttg.memdesc<128x128xf16, #shared1, #smem, mutable> loc(#loc63)
        %accumulator_29 = ttng.tc_gen5_mma %accumulator_25, %accumulator_28, %accumulator_23[], %arg15, %true {loop.cluster = 5 : i32, loop.stage = 1 : i32, tt.self_latency = 1 : i32, ttg.partition = array<i32: 1>} : !ttg.memdesc<128x128xf16, #shared, #smem, mutable>, !ttg.memdesc<128x128xf16, #shared1, #smem, mutable>, !ttg.memdesc<128x128xf32, #tmem, #ttng.tensor_memory, mutable, 2x128x128> loc(#loc62)
        nvws.semaphore.release %accumulator_14, %accumulator_26 [#nvws.async_op<tc5mma>] {loop.cluster = 5 : i32, loop.stage = 1 : i32, ttg.partition = array<i32: 1>} : <[!ttg.memdesc<3x128x128xf16, #shared, #smem, mutable>]>, !ttg.async.token loc(#loc62)
        nvws.semaphore.release %accumulator_11, %accumulator_24 [#nvws.async_op<tc5mma>] {loop.cluster = 5 : i32, loop.stage = 1 : i32, ttg.partition = array<i32: 1>} : <[!ttg.memdesc<3x128x128xf16, #shared, #smem, mutable>]>, !ttg.async.token loc(#loc62)
        %14 = arith.addi %12, %c1_i32 {loop.cluster = 6 : i32, loop.stage = 1 : i32, ttg.partition = array<i32: 2>} : i32 loc(#loc2)
        %15 = arith.cmpi eq, %arg10, %6 {loop.cluster = 4 : i32, loop.stage = 2 : i32, ttg.partition = array<i32: 0, 1>} : i32 loc(#loc2)
        %accumulator_30 = arith.select %15, %false, %true {loop.cluster = 4 : i32, loop.stage = 2 : i32, ttg.partition = array<i32: 1>} : i1 loc(#loc62)
        scf.if %15 {
          nvws.semaphore.release %accumulator_9, %arg16 [#nvws.async_op<tc5mma>] {loop.cluster = 5 : i32, loop.stage = 1 : i32, ttg.partition = array<i32: 1>} : <[!ttg.memdesc<2x128x128xf32, #tmem, #ttng.tensor_memory, mutable>]>, !ttg.async.token loc(#loc)
        } {loop.cluster = 5 : i32, loop.stage = 1 : i32, ttg.partition = array<i32: 1>} loc(#loc2)
        %16 = ub.poison : !ttg.async.token loc(#loc2)
        %17 = scf.if %15 -> (!ttg.async.token) {
          %accumulator_31 = nvws.semaphore.acquire %accumulator_9 {ttg.partition = array<i32: 0>} : <[!ttg.memdesc<2x128x128xf32, #tmem, #ttng.tensor_memory, mutable>]> -> !ttg.async.token loc(#loc62)
          %accumulator_32 = nvws.semaphore.buffer %accumulator_9, %accumulator_31 {ttg.partition = array<i32: 0>} : <[!ttg.memdesc<2x128x128xf32, #tmem, #ttng.tensor_memory, mutable>]>, !ttg.async.token -> !ttg.memdesc<128x128xf32, #tmem, #ttng.tensor_memory, mutable, 2x128x128> loc(#loc62)
          %accumulator_33, %accumulator_34 = ttng.tmem_load %accumulator_32[] {ttg.partition = array<i32: 0>} : !ttg.memdesc<128x128xf32, #tmem, #ttng.tensor_memory, mutable, 2x128x128> -> tensor<128x128xf32, #linear> loc(#loc62)
          nvws.semaphore.release %accumulator_8, %accumulator_31 [#nvws.async_op<none>] {ttg.partition = array<i32: 0>} : <[!ttg.memdesc<2x128x128xf32, #tmem, #ttng.tensor_memory, mutable>]>, !ttg.async.token loc(#loc62)
          %c = arith.truncf %accumulator_33 {ttg.partition = array<i32: 0>} : tensor<128x128xf32, #linear> to tensor<128x128xf16, #linear> loc(#loc66)
          %24 = ttg.convert_layout %c {ttg.partition = array<i32: 0>} : tensor<128x128xf16, #linear> -> tensor<128x128xf16, #blocked> loc(#loc26)
          tt.descriptor_store %c_desc_3[%13#0, %13#1], %24 {ttg.partition = array<i32: 0>} : !tt.tensordesc<tensor<128x128xf16, #shared>>, tensor<128x128xf16, #blocked> loc(#loc26)
          scf.yield {ttg.partition = array<i32: 0, 1>} %16 : !ttg.async.token loc(#loc2)
        } else {
          scf.yield {ttg.partition = array<i32: 0, 1>} %16 : !ttg.async.token loc(#loc2)
        } {loop.cluster = 8 : i32, loop.stage = 3 : i32, ttg.partition = array<i32: 0, 1>, ttg.partition.outputs = [array<i32: 1>]} loc(#loc2)
        %18 = scf.if %15 -> (!ttg.async.token) {
          %24 = nvws.semaphore.acquire %accumulator_8 {loop.cluster = 5 : i32, loop.stage = 1 : i32, ttg.partition = array<i32: 1>} : <[!ttg.memdesc<2x128x128xf32, #tmem, #ttng.tensor_memory, mutable>]> -> !ttg.async.token loc(#loc)
          scf.yield {ttg.partition = array<i32: 1>} %24 : !ttg.async.token loc(#loc2)
        } else {
          scf.yield {ttg.partition = array<i32: 1>} %arg16 : !ttg.async.token loc(#loc2)
        } {loop.cluster = 5 : i32, loop.stage = 1 : i32, ttg.partition = array<i32: 1>, ttg.partition.outputs = [array<i32: 1>]} loc(#loc2)
        %19 = arith.addi %arg10, %c1_i32 {loop.cluster = 0 : i32, loop.stage = 1 : i32, ttg.partition = array<i32: 0, 1, 2>} : i32 loc(#loc2)
        %20 = arith.cmpi eq, %arg10, %7 {loop.cluster = 0 : i32, loop.stage = 1 : i32, ttg.partition = array<i32: 0, 1, 2>} : i32 loc(#loc2)
        %21 = arith.select %20, %c0_i32, %19 {loop.cluster = 0 : i32, loop.stage = 1 : i32, ttg.partition = array<i32: 0, 1, 2>} : i32 loc(#loc2)
        %22 = nvws.semaphore.acquire %accumulator_11 {loop.cluster = 7 : i32, loop.stage = 0 : i32, ttg.partition = array<i32: 2>} : <[!ttg.memdesc<3x128x128xf16, #shared, #smem, mutable>]> -> !ttg.async.token loc(#loc)
        %23 = nvws.semaphore.acquire %accumulator_14 {loop.cluster = 7 : i32, loop.stage = 0 : i32, ttg.partition = array<i32: 2>} : <[!ttg.memdesc<3x128x128xf16, #shared, #smem, mutable>]> -> !ttg.async.token loc(#loc)
        scf.yield {ttg.partition = array<i32: 0, 1, 2>} %21, %13#2, %14, %13#0, %13#1, %accumulator_30, %18, %22, %23 : i32, i32, i32, i32, i32, i1, !ttg.async.token, !ttg.async.token, !ttg.async.token loc(#loc2)
      } {tt.num_stages = 2 : i32, tt.scheduled_max_stage = 3 : i32, tt.warp_specialize, ttg.partition = array<i32: 0, 1, 2>, ttg.partition.outputs = [array<i32: 0, 1, 2>, array<i32: 0, 2>, array<i32: 2>, array<i32: 0, 2>, array<i32: 0, 2>, array<i32: 1>, array<i32: 1>, array<i32: 2>, array<i32: 2>], ttg.partition.stages = [0 : i32, 1 : i32, 0 : i32], ttg.warp_specialize.tag = 0 : i32} loc(#loc2)
      scf.yield %10#6, %10#7, %10#8 : !ttg.async.token, !ttg.async.token, !ttg.async.token loc(#loc51)
    } loc(#loc51)
    tt.return loc(#loc32)
  } loc(#loc)
} loc(#loc)
#loc1 = loc(unknown)
#loc2 = loc("/home/scratch.egaburov_sw/oai-triton/triton-src/triton-solid-01.git/python/test/unit/language/test_warp_specialization.py":323:28)
#loc3 = loc("/home/scratch.egaburov_sw/oai-triton/triton-src/triton-solid-01.git/python/test/unit/language/test_warp_specialization.py":309:39)
#loc4 = loc("/home/scratch.egaburov_sw/oai-triton/triton-src/triton-solid-01.git/python/test/unit/language/test_warp_specialization.py":311:39)
#loc5 = loc("/home/scratch.egaburov_sw/oai-triton/triton-src/triton-solid-01.git/python/test/unit/language/test_warp_specialization.py":313:39)
#loc6 = loc("/home/scratch.egaburov_sw/oai-triton/triton-src/triton-solid-01.git/python/test/unit/language/test_warp_specialization.py":316:30)
#loc7 = loc("/home/scratch.egaburov_sw/oai-triton/triton-src/triton-solid-01.git/python/triton/language/standard.py":43:17)
#loc8 = loc("/home/scratch.egaburov_sw/oai-triton/triton-src/triton-solid-01.git/python/test/unit/language/test_warp_specialization.py":317:27)
#loc9 = loc("/home/scratch.egaburov_sw/oai-triton/triton-src/triton-solid-01.git/python/triton/language/standard.py":43:30)
#loc10 = loc("/home/scratch.egaburov_sw/oai-triton/triton-src/triton-solid-01.git/python/test/unit/language/test_warp_specialization.py":318:27)
#loc11 = loc("/home/scratch.egaburov_sw/oai-triton/triton-src/triton-solid-01.git/python/test/unit/language/test_warp_specialization.py":319:25)
#loc12 = loc("/home/scratch.egaburov_sw/oai-triton/triton-src/triton-solid-01.git/python/test/unit/language/test_warp_specialization.py":320:28)
#loc13 = loc("/home/scratch.egaburov_sw/oai-triton/triton-src/triton-solid-01.git/python/test/unit/language/test_warp_specialization.py":191:38)
#loc14 = loc("/home/scratch.egaburov_sw/oai-triton/triton-src/triton-solid-01.git/python/test/unit/language/test_warp_specialization.py":324:67)
#loc15 = loc("/home/scratch.egaburov_sw/oai-triton/triton-src/triton-solid-01.git/python/test/unit/language/test_warp_specialization.py":329:24)
#loc16 = loc("/home/scratch.egaburov_sw/oai-triton/triton-src/triton-solid-01.git/python/test/unit/language/test_warp_specialization.py":192:26)
#loc17 = loc("/home/scratch.egaburov_sw/oai-triton/triton-src/triton-solid-01.git/python/test/unit/language/test_warp_specialization.py":193:29)
#loc18 = loc("/home/scratch.egaburov_sw/oai-triton/triton-src/triton-solid-01.git/python/test/unit/language/test_warp_specialization.py":194:35)
#loc19 = loc("/home/scratch.egaburov_sw/oai-triton/triton-src/triton-solid-01.git/python/test/unit/language/test_warp_specialization.py":194:48)
#loc20 = loc("/home/scratch.egaburov_sw/oai-triton/triton-src/triton-solid-01.git/python/test/unit/language/test_warp_specialization.py":195:37)
#loc21 = loc("/home/scratch.egaburov_sw/oai-triton/triton-src/triton-solid-01.git/python/test/unit/language/test_warp_specialization.py":195:27)
#loc22 = loc("/home/scratch.egaburov_sw/oai-triton/triton-src/triton-solid-01.git/python/test/unit/language/test_warp_specialization.py":196:23)
#loc23 = loc("/home/scratch.egaburov_sw/oai-triton/triton-src/triton-solid-01.git/python/test/unit/language/test_warp_specialization.py":196:44)
#loc24 = loc("/home/scratch.egaburov_sw/oai-triton/triton-src/triton-solid-01.git/python/test/unit/language/test_warp_specialization.py":326:25)
#loc25 = loc("/home/scratch.egaburov_sw/oai-triton/triton-src/triton-solid-01.git/python/test/unit/language/test_warp_specialization.py":327:25)
#loc26 = loc("/home/scratch.egaburov_sw/oai-triton/triton-src/triton-solid-01.git/python/test/unit/language/test_warp_specialization.py":336:39)
#loc27 = loc("/home/scratch.egaburov_sw/oai-triton/triton-src/triton-solid-01.git/python/test/unit/language/test_warp_specialization.py":333:41)
#loc28 = loc("/home/scratch.egaburov_sw/oai-triton/triton-src/triton-solid-01.git/python/test/unit/language/test_warp_specialization.py":333:36)
#loc29 = loc("/home/scratch.egaburov_sw/oai-triton/triton-src/triton-solid-01.git/python/test/unit/language/test_warp_specialization.py":330:25)
#loc30 = loc("/home/scratch.egaburov_sw/oai-triton/triton-src/triton-solid-01.git/python/test/unit/language/test_warp_specialization.py":331:28)
#loc31 = loc("/home/scratch.egaburov_sw/oai-triton/triton-src/triton-solid-01.git/python/test/unit/language/test_warp_specialization.py":335:27)
#loc32 = loc("/home/scratch.egaburov_sw/oai-triton/triton-src/triton-solid-01.git/python/test/unit/language/test_warp_specialization.py":322:4)
#loc42 = loc("a_desc"(#loc3))
#loc43 = loc("b_desc"(#loc4))
#loc44 = loc("c_desc"(#loc5))
#loc45 = loc("start_pid"(#loc6))
#loc46 = loc("num_pid_m"(#loc8))
#loc47 = loc("num_pid_n"(#loc10))
#loc48 = loc("k_tiles"(#loc11))
#loc49 = loc("num_tiles"(#loc12))
#loc50 = loc("num_pid_in_group"(#loc13))
#loc51 = loc("accumulator"(#loc15))
#loc52 = loc("group_id"(#loc16))
#loc53 = loc("first_pid_m"(#loc17))
#loc54 = loc("group_size_m"(#loc18))
#loc55 = loc("group_size_m"(#loc19))
#loc56 = loc("pid_m"(#loc20))
#loc57 = loc("pid_m"(#loc21))
#loc58 = loc("pid_n"(#loc22))
#loc59 = loc("pid_n"(#loc23))
#loc60 = loc("off_am"(#loc24))
#loc61 = loc("off_bn"(#loc25))
#loc62 = loc("accumulator"(#loc27))
#loc63 = loc("accumulator"(#loc28))
#loc64 = loc("off_k"(#loc29))
#loc65 = loc("a"(#loc30))
#loc66 = loc("c"(#loc31))
#loc67 = loc(callsite(#loc7 at #loc46))
#loc68 = loc(callsite(#loc9 at #loc46))
#loc69 = loc(callsite(#loc7 at #loc47))
#loc70 = loc(callsite(#loc9 at #loc47))
#loc71 = loc(callsite(#loc7 at #loc48))
#loc72 = loc(callsite(#loc9 at #loc48))
#loc73 = loc(callsite(#loc50 at #loc14))
#loc74 = loc(callsite(#loc52 at #loc14))
#loc75 = loc(callsite(#loc53 at #loc14))
#loc76 = loc(callsite(#loc54 at #loc14))
#loc77 = loc(callsite(#loc55 at #loc14))
#loc78 = loc(callsite(#loc56 at #loc14))
#loc79 = loc(callsite(#loc57 at #loc14))
#loc80 = loc(callsite(#loc58 at #loc14))
#loc81 = loc(callsite(#loc59 at #loc14))


python3: /home/scratch.egaburov_sw/oai-triton/triton-src/triton-solid-01.git/third_party/nvidia/lib/Dialect/NVWS/Transforms/AssignStagePhase.cpp:1021: void mlir::triton::{anonymous}::AssignStagePhase::assignStateInIfOp(mlir::scf::IfOp, State&): Assertion `hasPartition(ifOp)' failed.
module attributes {"ttg.cluster-dim-x" = 1 : i32, "ttg.cluster-dim-y" = 1 : i32, "ttg.cluster-dim-z" = 1 : i32, ttg.max_reg_auto_ws = 152 : i32, ttg.min_reg_auto_ws = 24 : i32} {
  tt.func public @matmul_tma_persistent_ws_kernel(%arg0: !tt.ptr<f16> {tt.divisibility = 16 : i32}, %arg1: !tt.ptr<f16> {tt.divisibility = 16 : i32}, %arg2: !tt.ptr<f16> {tt.divisibility = 16 : i32}, %arg3: i32 {tt.divisibility = 16 : i32}, %arg4: i32 {tt.divisibility = 16 : i32}, %arg5: i32 {tt.divisibility = 16 : i32}, %arg6: i32 {tt.divisibility = 16 : i32}, %arg7: i32 {tt.divisibility = 16 : i32}, %arg8: i32 {tt.divisibility = 16 : i32}) attributes {noinline = false} {
    %cst = arith.constant dense<0.000000e+00> : tensor<128x128xf32>
    %c8_i32 = arith.constant 8 : i32
    %c127_i32 = arith.constant 127 : i32
    %c1_i32 = arith.constant 1 : i32
    %c0_i32 = arith.constant 0 : i32
    %c150_i32 = arith.constant 150 : i32
    %c128_i32 = arith.constant 128 : i32
    %c1_i64 = arith.constant 1 : i64
    %0 = arith.extsi %arg3 : i32 to i64
    %1 = tt.make_tensor_descriptor %arg0, [%arg6, %arg8], [%0, %c1_i64] : !tt.ptr<f16>, !tt.tensordesc<tensor<128x128xf16>>
    %2 = arith.extsi %arg4 : i32 to i64
    %3 = tt.make_tensor_descriptor %arg1, [%arg7, %arg8], [%2, %c1_i64] : !tt.ptr<f16>, !tt.tensordesc<tensor<128x128xf16>>
    %4 = arith.extsi %arg5 : i32 to i64
    %5 = tt.make_tensor_descriptor %arg2, [%arg6, %arg7], [%4, %c1_i64] : !tt.ptr<f16>, !tt.tensordesc<tensor<128x128xf16>>
    %6 = tt.get_program_id x : i32
    %7 = arith.addi %arg6, %c127_i32 : i32
    %8 = arith.divsi %7, %c128_i32 : i32
    %9 = arith.addi %arg7, %c127_i32 : i32
    %10 = arith.divsi %9, %c128_i32 : i32
    %11 = arith.addi %arg8, %c127_i32 : i32
    %12 = arith.divsi %11, %c128_i32 : i32
    %13 = arith.muli %8, %10 : i32
    scf.for %arg9 = %6 to %13 step %c150_i32  : i32 {
      %14 = arith.muli %10, %c8_i32 : i32
      %15 = arith.divsi %arg9, %14 : i32
      %16 = arith.muli %15, %c8_i32 : i32
      %17 = arith.subi %8, %16 : i32
      %18 = arith.minsi %17, %c8_i32 : i32
      %19 = arith.remsi %arg9, %18 : i32
      %20 = arith.addi %16, %19 : i32
      %21 = arith.remsi %arg9, %14 : i32
      %22 = arith.divsi %21, %18 : i32
      %23 = arith.muli %20, %c128_i32 : i32
      %24 = arith.muli %22, %c128_i32 : i32
      %25 = scf.for %arg10 = %c0_i32 to %12 step %c1_i32 iter_args(%arg11 = %cst) -> (tensor<128x128xf32>)  : i32 {
        %27 = arith.muli %arg10, %c128_i32 : i32
        %28 = tt.descriptor_load %1[%23, %27] : !tt.tensordesc<tensor<128x128xf16>> -> tensor<128x128xf16>
        %29 = tt.descriptor_load %3[%24, %27] : !tt.tensordesc<tensor<128x128xf16>> -> tensor<128x128xf16>
        %30 = tt.trans %29 {order = array<i32: 1, 0>} : tensor<128x128xf16> -> tensor<128x128xf16>
        %31 = tt.dot %28, %30, %arg11, inputPrecision = tf32 : tensor<128x128xf16> * tensor<128x128xf16> -> tensor<128x128xf32>
        scf.yield %31 : tensor<128x128xf32>
      }
      %26 = arith.truncf %25 : tensor<128x128xf32> to tensor<128x128xf16>
      tt.descriptor_store %5[%23, %24], %26 : !tt.tensordesc<tensor<128x128xf16>>, tensor<128x128xf16>
    } {tt.flatten, tt.num_stages = 2 : i32, tt.warp_specialize}
    tt.return
  }
}

{-#
  external_resources: {
    mlir_reproducer: {
      pipeline: "builtin.module(convert-triton-to-tritongpu{enable-source-remat=false num-ctas=1 num-warps=8 target=cuda:103 threads-per-warp=32}, tritongpu-coalesce, tlx-propagate-layout, tlx-rewrite-local-alias, tritongpu-F32DotTC{emu-tf32=true}, triton-nvidia-gpu-plan-cta, tritongpu-remove-layout-conversions{smem-budget=0}, tritongpu-optimize-thread-locality, tritongpu-accelerate-matmul, tritongpu-remove-layout-conversions{smem-budget=0}, tritongpu-optimize-dot-operands{hoist-layout-conversion=true}, triton-nvidia-optimize-descriptor-encoding, triton-loop-aware-cse, tritongpu-fuse-nested-loops, canonicalize{  max-iterations=10 max-num-rewrites=-1 region-simplify=normal test-convergence=false top-down=true}, triton-licm, tritongpu-optimize-accumulator-init, tritongpu-hoist-tmem-alloc{hoist-out-of-if=false}, tritongpu-promote-lhs-to-tmem, nvgpu-ws-data-partition{num-warp-groups=1}, tritongpu-assign-latencies{num-stages=3 use-meta-ws=false}, tritongpu-schedule-loops{num-stages=3 use-meta-ws=false}, tritongpu-automatic-warp-specialization{num-stages=3 num-warp-groups=1 use-meta-partitioner=false}, tritongpu-pipeline{dump-intermediate-steps=true num-stages=3}, tritongpu-optimize-partition-warps, tritongpu-combine-tensor-select-and-if, tritongpu-hoist-tmem-alloc{hoist-out-of-if=true}, triton-nvidia-gpu-remove-tmem-tokens, canonicalize{  max-iterations=10 max-num-rewrites=-1 region-simplify=normal test-convergence=false top-down=true}, triton-loop-aware-cse, tritongpu-prefetch, tritongpu-optimize-dot-operands{hoist-layout-conversion=true}, tritongpu-coalesce-async-copy, triton-nvidia-optimize-tmem-layouts, triton-nvidia-tma-lowering, triton-nvidia-tma-store-buffer-reuse, tritongpu-remove-layout-conversions{smem-budget=0}, nvgpu-multi-cta-reduction, triton-nvidia-gpu-prune-unused-barriers, triton-nvidia-interleave-tmem, tritongpu-reduce-data-duplication, tritongpu-reorder-instructions, triton-loop-aware-cse, symbol-dce, triton-nvidia-gpu-fence-insertion{compute-capability=103}, triton-nvidia-mma-lowering, sccp, cse, canonicalize{  max-iterations=10 max-num-rewrites=-1 region-simplify=normal test-convergence=false top-down=true}, tritongpu-remove-layout-conversions{smem-budget=232448})",
      disable_threading: true,
      verify_each: true
    }
  }
#-}
/home/scratch.egaburov_sw/oai-triton/triton-src/triton-solid-01.git/python/test/unit/language/test_warp_specialization.py:294:0: error: Failures have been detected while processing an MLIR pass pipeline
/home/scratch.egaburov_sw/oai-triton/triton-src/triton-solid-01.git/python/test/unit/language/test_warp_specialization.py:294:0: note: Pipeline failed while executing [`TritonGPUAutomaticWarpSpecialization` on 'builtin.module' operation, `NVWSLowerSemaphore` on 'builtin.module' operation, `NVWSAssignStagePhase` on 'builtin.module' operation]: reproducer generated at `std::errs, please share the reproducer above with Triton project.`
